[0.212s] DEBUG:colcon:Command line arguments: ['/usr/bin/colcon', 'build']
[0.212s] DEBUG:colcon:Parsed command line arguments: Namespace(log_base=None, log_level=None, verb_name='build', build_base='build', install_base='install', merge_install=False, symlink_install=False, test_result_base=None, continue_on_error=False, executor='parallel', parallel_workers=12, event_handlers=None, ignore_user_meta=False, metas=['./colcon.meta'], base_paths=['.'], packages_ignore=None, packages_ignore_regex=None, paths=None, packages_up_to=None, packages_up_to_regex=None, packages_above=None, packages_above_and_dependencies=None, packages_above_depth=None, packages_select_by_dep=None, packages_skip_by_dep=None, packages_skip_up_to=None, packages_select_build_failed=False, packages_skip_build_finished=False, packages_select_test_failures=False, packages_skip_test_passed=False, packages_select=None, packages_skip=None, packages_select_regex=None, packages_skip_regex=None, packages_start=None, packages_end=None, allow_overriding=[], cmake_args=None, cmake_target=None, cmake_target_skip_unavailable=False, cmake_clean_cache=False, cmake_clean_first=False, cmake_force_configure=False, ament_cmake_args=None, catkin_cmake_args=None, catkin_skip_building_tests=False, mixin_files=None, mixin=None, verb_parser=<colcon_mixin.mixin.mixin_argument.MixinArgumentDecorator object at 0x73543a79e510>, verb_extension=<colcon_core.verb.build.BuildVerb object at 0x73543a79e2a0>, main=<bound method BuildVerb.main of <colcon_core.verb.build.BuildVerb object at 0x73543a79e2a0>>, mixin_verb=('build',))
[0.303s] Level 1:colcon.colcon_core.package_discovery:discover_packages(colcon_meta) check parameters
[0.303s] Level 1:colcon.colcon_core.package_discovery:discover_packages(recursive) check parameters
[0.303s] Level 1:colcon.colcon_core.package_discovery:discover_packages(ignore) check parameters
[0.303s] Level 1:colcon.colcon_core.package_discovery:discover_packages(path) check parameters
[0.303s] Level 1:colcon.colcon_core.package_discovery:discover_packages(colcon_meta) discover
[0.303s] Level 1:colcon.colcon_core.package_discovery:discover_packages(recursive) discover
[0.303s] INFO:colcon.colcon_core.package_discovery:Crawling recursively for packages in '/home/eliasalbag/KTH/sveaMasterThesis/svea_charging'
[0.304s] Level 1:colcon.colcon_core.package_identification:_identify(.) by extensions ['ignore', 'ignore_ament_install']
[0.304s] Level 1:colcon.colcon_core.package_identification:_identify(.) by extension 'ignore'
[0.304s] Level 1:colcon.colcon_core.package_identification:_identify(.) by extension 'ignore_ament_install'
[0.304s] Level 1:colcon.colcon_core.package_identification:_identify(.) by extensions ['colcon_pkg']
[0.304s] Level 1:colcon.colcon_core.package_identification:_identify(.) by extension 'colcon_pkg'
[0.304s] Level 1:colcon.colcon_core.package_identification:_identify(.) by extensions ['colcon_meta']
[0.304s] Level 1:colcon.colcon_core.package_identification:_identify(.) by extension 'colcon_meta'
[0.304s] Level 1:colcon.colcon_core.package_identification:_identify(.) by extensions ['ros']
[0.304s] Level 1:colcon.colcon_core.package_identification:_identify(.) by extension 'ros'
[0.342s] Level 1:colcon.colcon_core.package_identification:_identify(.) by extensions ['cmake', 'python']
[0.342s] Level 1:colcon.colcon_core.package_identification:_identify(.) by extension 'cmake'
[0.342s] Level 1:colcon.colcon_core.package_identification:_identify(.) by extension 'python'
[0.342s] Level 1:colcon.colcon_core.package_identification:_identify(.) by extensions ['python_setup_py']
[0.343s] Level 1:colcon.colcon_core.package_identification:_identify(.) by extension 'python_setup_py'
[0.343s] Level 1:colcon.colcon_core.package_identification:_identify(build) by extensions ['ignore', 'ignore_ament_install']
[0.343s] Level 1:colcon.colcon_core.package_identification:_identify(build) by extension 'ignore'
[0.343s] Level 1:colcon.colcon_core.package_identification:_identify(build) ignored
[0.343s] Level 1:colcon.colcon_core.package_identification:_identify(docker) by extensions ['ignore', 'ignore_ament_install']
[0.343s] Level 1:colcon.colcon_core.package_identification:_identify(docker) by extension 'ignore'
[0.343s] Level 1:colcon.colcon_core.package_identification:_identify(docker) by extension 'ignore_ament_install'
[0.343s] Level 1:colcon.colcon_core.package_identification:_identify(docker) by extensions ['colcon_pkg']
[0.343s] Level 1:colcon.colcon_core.package_identification:_identify(docker) by extension 'colcon_pkg'
[0.343s] Level 1:colcon.colcon_core.package_identification:_identify(docker) by extensions ['colcon_meta']
[0.344s] Level 1:colcon.colcon_core.package_identification:_identify(docker) by extension 'colcon_meta'
[0.344s] Level 1:colcon.colcon_core.package_identification:_identify(docker) by extensions ['ros']
[0.344s] Level 1:colcon.colcon_core.package_identification:_identify(docker) by extension 'ros'
[0.344s] Level 1:colcon.colcon_core.package_identification:_identify(docker) by extensions ['cmake', 'python']
[0.344s] Level 1:colcon.colcon_core.package_identification:_identify(docker) by extension 'cmake'
[0.344s] Level 1:colcon.colcon_core.package_identification:_identify(docker) by extension 'python'
[0.344s] Level 1:colcon.colcon_core.package_identification:_identify(docker) by extensions ['python_setup_py']
[0.344s] Level 1:colcon.colcon_core.package_identification:_identify(docker) by extension 'python_setup_py'
[0.344s] Level 1:colcon.colcon_core.package_identification:_identify(docs) by extensions ['ignore', 'ignore_ament_install']
[0.344s] Level 1:colcon.colcon_core.package_identification:_identify(docs) by extension 'ignore'
[0.344s] Level 1:colcon.colcon_core.package_identification:_identify(docs) by extension 'ignore_ament_install'
[0.344s] Level 1:colcon.colcon_core.package_identification:_identify(docs) by extensions ['colcon_pkg']
[0.344s] Level 1:colcon.colcon_core.package_identification:_identify(docs) by extension 'colcon_pkg'
[0.345s] Level 1:colcon.colcon_core.package_identification:_identify(docs) by extensions ['colcon_meta']
[0.345s] Level 1:colcon.colcon_core.package_identification:_identify(docs) by extension 'colcon_meta'
[0.345s] Level 1:colcon.colcon_core.package_identification:_identify(docs) by extensions ['ros']
[0.345s] Level 1:colcon.colcon_core.package_identification:_identify(docs) by extension 'ros'
[0.345s] Level 1:colcon.colcon_core.package_identification:_identify(docs) by extensions ['cmake', 'python']
[0.345s] Level 1:colcon.colcon_core.package_identification:_identify(docs) by extension 'cmake'
[0.345s] Level 1:colcon.colcon_core.package_identification:_identify(docs) by extension 'python'
[0.345s] Level 1:colcon.colcon_core.package_identification:_identify(docs) by extensions ['python_setup_py']
[0.345s] Level 1:colcon.colcon_core.package_identification:_identify(docs) by extension 'python_setup_py'
[0.345s] Level 1:colcon.colcon_core.package_identification:_identify(docs/development) by extensions ['ignore', 'ignore_ament_install']
[0.345s] Level 1:colcon.colcon_core.package_identification:_identify(docs/development) by extension 'ignore'
[0.345s] Level 1:colcon.colcon_core.package_identification:_identify(docs/development) by extension 'ignore_ament_install'
[0.345s] Level 1:colcon.colcon_core.package_identification:_identify(docs/development) by extensions ['colcon_pkg']
[0.345s] Level 1:colcon.colcon_core.package_identification:_identify(docs/development) by extension 'colcon_pkg'
[0.345s] Level 1:colcon.colcon_core.package_identification:_identify(docs/development) by extensions ['colcon_meta']
[0.346s] Level 1:colcon.colcon_core.package_identification:_identify(docs/development) by extension 'colcon_meta'
[0.346s] Level 1:colcon.colcon_core.package_identification:_identify(docs/development) by extensions ['ros']
[0.346s] Level 1:colcon.colcon_core.package_identification:_identify(docs/development) by extension 'ros'
[0.346s] Level 1:colcon.colcon_core.package_identification:_identify(docs/development) by extensions ['cmake', 'python']
[0.346s] Level 1:colcon.colcon_core.package_identification:_identify(docs/development) by extension 'cmake'
[0.346s] Level 1:colcon.colcon_core.package_identification:_identify(docs/development) by extension 'python'
[0.346s] Level 1:colcon.colcon_core.package_identification:_identify(docs/development) by extensions ['python_setup_py']
[0.346s] Level 1:colcon.colcon_core.package_identification:_identify(docs/development) by extension 'python_setup_py'
[0.346s] Level 1:colcon.colcon_core.package_identification:_identify(docs/examples) by extensions ['ignore', 'ignore_ament_install']
[0.346s] Level 1:colcon.colcon_core.package_identification:_identify(docs/examples) by extension 'ignore'
[0.346s] Level 1:colcon.colcon_core.package_identification:_identify(docs/examples) by extension 'ignore_ament_install'
[0.346s] Level 1:colcon.colcon_core.package_identification:_identify(docs/examples) by extensions ['colcon_pkg']
[0.346s] Level 1:colcon.colcon_core.package_identification:_identify(docs/examples) by extension 'colcon_pkg'
[0.346s] Level 1:colcon.colcon_core.package_identification:_identify(docs/examples) by extensions ['colcon_meta']
[0.346s] Level 1:colcon.colcon_core.package_identification:_identify(docs/examples) by extension 'colcon_meta'
[0.347s] Level 1:colcon.colcon_core.package_identification:_identify(docs/examples) by extensions ['ros']
[0.347s] Level 1:colcon.colcon_core.package_identification:_identify(docs/examples) by extension 'ros'
[0.347s] Level 1:colcon.colcon_core.package_identification:_identify(docs/examples) by extensions ['cmake', 'python']
[0.347s] Level 1:colcon.colcon_core.package_identification:_identify(docs/examples) by extension 'cmake'
[0.347s] Level 1:colcon.colcon_core.package_identification:_identify(docs/examples) by extension 'python'
[0.347s] Level 1:colcon.colcon_core.package_identification:_identify(docs/examples) by extensions ['python_setup_py']
[0.347s] Level 1:colcon.colcon_core.package_identification:_identify(docs/examples) by extension 'python_setup_py'
[0.347s] Level 1:colcon.colcon_core.package_identification:_identify(docs/media) by extensions ['ignore', 'ignore_ament_install']
[0.347s] Level 1:colcon.colcon_core.package_identification:_identify(docs/media) by extension 'ignore'
[0.347s] Level 1:colcon.colcon_core.package_identification:_identify(docs/media) by extension 'ignore_ament_install'
[0.347s] Level 1:colcon.colcon_core.package_identification:_identify(docs/media) by extensions ['colcon_pkg']
[0.347s] Level 1:colcon.colcon_core.package_identification:_identify(docs/media) by extension 'colcon_pkg'
[0.347s] Level 1:colcon.colcon_core.package_identification:_identify(docs/media) by extensions ['colcon_meta']
[0.347s] Level 1:colcon.colcon_core.package_identification:_identify(docs/media) by extension 'colcon_meta'
[0.347s] Level 1:colcon.colcon_core.package_identification:_identify(docs/media) by extensions ['ros']
[0.348s] Level 1:colcon.colcon_core.package_identification:_identify(docs/media) by extension 'ros'
[0.348s] Level 1:colcon.colcon_core.package_identification:_identify(docs/media) by extensions ['cmake', 'python']
[0.348s] Level 1:colcon.colcon_core.package_identification:_identify(docs/media) by extension 'cmake'
[0.348s] Level 1:colcon.colcon_core.package_identification:_identify(docs/media) by extension 'python'
[0.348s] Level 1:colcon.colcon_core.package_identification:_identify(docs/media) by extensions ['python_setup_py']
[0.348s] Level 1:colcon.colcon_core.package_identification:_identify(docs/media) by extension 'python_setup_py'
[0.348s] Level 1:colcon.colcon_core.package_identification:_identify(docs/media/tutorials) by extensions ['ignore', 'ignore_ament_install']
[0.348s] Level 1:colcon.colcon_core.package_identification:_identify(docs/media/tutorials) by extension 'ignore'
[0.348s] Level 1:colcon.colcon_core.package_identification:_identify(docs/media/tutorials) by extension 'ignore_ament_install'
[0.348s] Level 1:colcon.colcon_core.package_identification:_identify(docs/media/tutorials) by extensions ['colcon_pkg']
[0.348s] Level 1:colcon.colcon_core.package_identification:_identify(docs/media/tutorials) by extension 'colcon_pkg'
[0.348s] Level 1:colcon.colcon_core.package_identification:_identify(docs/media/tutorials) by extensions ['colcon_meta']
[0.348s] Level 1:colcon.colcon_core.package_identification:_identify(docs/media/tutorials) by extension 'colcon_meta'
[0.348s] Level 1:colcon.colcon_core.package_identification:_identify(docs/media/tutorials) by extensions ['ros']
[0.348s] Level 1:colcon.colcon_core.package_identification:_identify(docs/media/tutorials) by extension 'ros'
[0.349s] Level 1:colcon.colcon_core.package_identification:_identify(docs/media/tutorials) by extensions ['cmake', 'python']
[0.349s] Level 1:colcon.colcon_core.package_identification:_identify(docs/media/tutorials) by extension 'cmake'
[0.349s] Level 1:colcon.colcon_core.package_identification:_identify(docs/media/tutorials) by extension 'python'
[0.349s] Level 1:colcon.colcon_core.package_identification:_identify(docs/media/tutorials) by extensions ['python_setup_py']
[0.349s] Level 1:colcon.colcon_core.package_identification:_identify(docs/media/tutorials) by extension 'python_setup_py'
[0.349s] Level 1:colcon.colcon_core.package_identification:_identify(docs/reference) by extensions ['ignore', 'ignore_ament_install']
[0.349s] Level 1:colcon.colcon_core.package_identification:_identify(docs/reference) by extension 'ignore'
[0.349s] Level 1:colcon.colcon_core.package_identification:_identify(docs/reference) by extension 'ignore_ament_install'
[0.349s] Level 1:colcon.colcon_core.package_identification:_identify(docs/reference) by extensions ['colcon_pkg']
[0.349s] Level 1:colcon.colcon_core.package_identification:_identify(docs/reference) by extension 'colcon_pkg'
[0.349s] Level 1:colcon.colcon_core.package_identification:_identify(docs/reference) by extensions ['colcon_meta']
[0.349s] Level 1:colcon.colcon_core.package_identification:_identify(docs/reference) by extension 'colcon_meta'
[0.349s] Level 1:colcon.colcon_core.package_identification:_identify(docs/reference) by extensions ['ros']
[0.349s] Level 1:colcon.colcon_core.package_identification:_identify(docs/reference) by extension 'ros'
[0.350s] Level 1:colcon.colcon_core.package_identification:_identify(docs/reference) by extensions ['cmake', 'python']
[0.350s] Level 1:colcon.colcon_core.package_identification:_identify(docs/reference) by extension 'cmake'
[0.350s] Level 1:colcon.colcon_core.package_identification:_identify(docs/reference) by extension 'python'
[0.350s] Level 1:colcon.colcon_core.package_identification:_identify(docs/reference) by extensions ['python_setup_py']
[0.350s] Level 1:colcon.colcon_core.package_identification:_identify(docs/reference) by extension 'python_setup_py'
[0.350s] Level 1:colcon.colcon_core.package_identification:_identify(docs/setup) by extensions ['ignore', 'ignore_ament_install']
[0.350s] Level 1:colcon.colcon_core.package_identification:_identify(docs/setup) by extension 'ignore'
[0.350s] Level 1:colcon.colcon_core.package_identification:_identify(docs/setup) by extension 'ignore_ament_install'
[0.350s] Level 1:colcon.colcon_core.package_identification:_identify(docs/setup) by extensions ['colcon_pkg']
[0.350s] Level 1:colcon.colcon_core.package_identification:_identify(docs/setup) by extension 'colcon_pkg'
[0.350s] Level 1:colcon.colcon_core.package_identification:_identify(docs/setup) by extensions ['colcon_meta']
[0.350s] Level 1:colcon.colcon_core.package_identification:_identify(docs/setup) by extension 'colcon_meta'
[0.350s] Level 1:colcon.colcon_core.package_identification:_identify(docs/setup) by extensions ['ros']
[0.350s] Level 1:colcon.colcon_core.package_identification:_identify(docs/setup) by extension 'ros'
[0.350s] Level 1:colcon.colcon_core.package_identification:_identify(docs/setup) by extensions ['cmake', 'python']
[0.350s] Level 1:colcon.colcon_core.package_identification:_identify(docs/setup) by extension 'cmake'
[0.351s] Level 1:colcon.colcon_core.package_identification:_identify(docs/setup) by extension 'python'
[0.351s] Level 1:colcon.colcon_core.package_identification:_identify(docs/setup) by extensions ['python_setup_py']
[0.351s] Level 1:colcon.colcon_core.package_identification:_identify(docs/setup) by extension 'python_setup_py'
[0.351s] Level 1:colcon.colcon_core.package_identification:_identify(docs/tutorials) by extensions ['ignore', 'ignore_ament_install']
[0.351s] Level 1:colcon.colcon_core.package_identification:_identify(docs/tutorials) by extension 'ignore'
[0.351s] Level 1:colcon.colcon_core.package_identification:_identify(docs/tutorials) by extension 'ignore_ament_install'
[0.351s] Level 1:colcon.colcon_core.package_identification:_identify(docs/tutorials) by extensions ['colcon_pkg']
[0.351s] Level 1:colcon.colcon_core.package_identification:_identify(docs/tutorials) by extension 'colcon_pkg'
[0.351s] Level 1:colcon.colcon_core.package_identification:_identify(docs/tutorials) by extensions ['colcon_meta']
[0.351s] Level 1:colcon.colcon_core.package_identification:_identify(docs/tutorials) by extension 'colcon_meta'
[0.351s] Level 1:colcon.colcon_core.package_identification:_identify(docs/tutorials) by extensions ['ros']
[0.351s] Level 1:colcon.colcon_core.package_identification:_identify(docs/tutorials) by extension 'ros'
[0.351s] Level 1:colcon.colcon_core.package_identification:_identify(docs/tutorials) by extensions ['cmake', 'python']
[0.351s] Level 1:colcon.colcon_core.package_identification:_identify(docs/tutorials) by extension 'cmake'
[0.351s] Level 1:colcon.colcon_core.package_identification:_identify(docs/tutorials) by extension 'python'
[0.352s] Level 1:colcon.colcon_core.package_identification:_identify(docs/tutorials) by extensions ['python_setup_py']
[0.352s] Level 1:colcon.colcon_core.package_identification:_identify(docs/tutorials) by extension 'python_setup_py'
[0.352s] Level 1:colcon.colcon_core.package_identification:_identify(firmware) by extensions ['ignore', 'ignore_ament_install']
[0.352s] Level 1:colcon.colcon_core.package_identification:_identify(firmware) by extension 'ignore'
[0.352s] Level 1:colcon.colcon_core.package_identification:_identify(firmware) by extension 'ignore_ament_install'
[0.352s] Level 1:colcon.colcon_core.package_identification:_identify(firmware) by extensions ['colcon_pkg']
[0.352s] Level 1:colcon.colcon_core.package_identification:_identify(firmware) by extension 'colcon_pkg'
[0.352s] Level 1:colcon.colcon_core.package_identification:_identify(firmware) by extensions ['colcon_meta']
[0.352s] Level 1:colcon.colcon_core.package_identification:_identify(firmware) by extension 'colcon_meta'
[0.352s] Level 1:colcon.colcon_core.package_identification:_identify(firmware) by extensions ['ros']
[0.352s] Level 1:colcon.colcon_core.package_identification:_identify(firmware) by extension 'ros'
[0.352s] Level 1:colcon.colcon_core.package_identification:_identify(firmware) by extensions ['cmake', 'python']
[0.352s] Level 1:colcon.colcon_core.package_identification:_identify(firmware) by extension 'cmake'
[0.352s] Level 1:colcon.colcon_core.package_identification:_identify(firmware) by extension 'python'
[0.352s] Level 1:colcon.colcon_core.package_identification:_identify(firmware) by extensions ['python_setup_py']
[0.352s] Level 1:colcon.colcon_core.package_identification:_identify(firmware) by extension 'python_setup_py'
[0.353s] Level 1:colcon.colcon_core.package_identification:_identify(foxglove) by extensions ['ignore', 'ignore_ament_install']
[0.353s] Level 1:colcon.colcon_core.package_identification:_identify(foxglove) by extension 'ignore'
[0.353s] Level 1:colcon.colcon_core.package_identification:_identify(foxglove) by extension 'ignore_ament_install'
[0.353s] Level 1:colcon.colcon_core.package_identification:_identify(foxglove) by extensions ['colcon_pkg']
[0.353s] Level 1:colcon.colcon_core.package_identification:_identify(foxglove) by extension 'colcon_pkg'
[0.353s] Level 1:colcon.colcon_core.package_identification:_identify(foxglove) by extensions ['colcon_meta']
[0.353s] Level 1:colcon.colcon_core.package_identification:_identify(foxglove) by extension 'colcon_meta'
[0.353s] Level 1:colcon.colcon_core.package_identification:_identify(foxglove) by extensions ['ros']
[0.353s] Level 1:colcon.colcon_core.package_identification:_identify(foxglove) by extension 'ros'
[0.353s] Level 1:colcon.colcon_core.package_identification:_identify(foxglove) by extensions ['cmake', 'python']
[0.353s] Level 1:colcon.colcon_core.package_identification:_identify(foxglove) by extension 'cmake'
[0.353s] Level 1:colcon.colcon_core.package_identification:_identify(foxglove) by extension 'python'
[0.353s] Level 1:colcon.colcon_core.package_identification:_identify(foxglove) by extensions ['python_setup_py']
[0.353s] Level 1:colcon.colcon_core.package_identification:_identify(foxglove) by extension 'python_setup_py'
[0.353s] Level 1:colcon.colcon_core.package_identification:_identify(install) by extensions ['ignore', 'ignore_ament_install']
[0.354s] Level 1:colcon.colcon_core.package_identification:_identify(install) by extension 'ignore'
[0.354s] Level 1:colcon.colcon_core.package_identification:_identify(install) ignored
[0.354s] Level 1:colcon.colcon_core.package_identification:_identify(log) by extensions ['ignore', 'ignore_ament_install']
[0.354s] Level 1:colcon.colcon_core.package_identification:_identify(log) by extension 'ignore'
[0.354s] Level 1:colcon.colcon_core.package_identification:_identify(log) ignored
[0.354s] Level 1:colcon.colcon_core.package_identification:_identify(src) by extensions ['ignore', 'ignore_ament_install']
[0.354s] Level 1:colcon.colcon_core.package_identification:_identify(src) by extension 'ignore'
[0.354s] Level 1:colcon.colcon_core.package_identification:_identify(src) by extension 'ignore_ament_install'
[0.354s] Level 1:colcon.colcon_core.package_identification:_identify(src) by extensions ['colcon_pkg']
[0.354s] Level 1:colcon.colcon_core.package_identification:_identify(src) by extension 'colcon_pkg'
[0.354s] Level 1:colcon.colcon_core.package_identification:_identify(src) by extensions ['colcon_meta']
[0.354s] Level 1:colcon.colcon_core.package_identification:_identify(src) by extension 'colcon_meta'
[0.354s] Level 1:colcon.colcon_core.package_identification:_identify(src) by extensions ['ros']
[0.354s] Level 1:colcon.colcon_core.package_identification:_identify(src) by extension 'ros'
[0.355s] Level 1:colcon.colcon_core.package_identification:_identify(src) by extensions ['cmake', 'python']
[0.355s] Level 1:colcon.colcon_core.package_identification:_identify(src) by extension 'cmake'
[0.355s] Level 1:colcon.colcon_core.package_identification:_identify(src) by extension 'python'
[0.355s] Level 1:colcon.colcon_core.package_identification:_identify(src) by extensions ['python_setup_py']
[0.355s] Level 1:colcon.colcon_core.package_identification:_identify(src) by extension 'python_setup_py'
[0.355s] Level 1:colcon.colcon_core.package_identification:_identify(src/svea_charging) by extensions ['ignore', 'ignore_ament_install']
[0.355s] Level 1:colcon.colcon_core.package_identification:_identify(src/svea_charging) by extension 'ignore'
[0.355s] Level 1:colcon.colcon_core.package_identification:_identify(src/svea_charging) by extension 'ignore_ament_install'
[0.355s] Level 1:colcon.colcon_core.package_identification:_identify(src/svea_charging) by extensions ['colcon_pkg']
[0.355s] Level 1:colcon.colcon_core.package_identification:_identify(src/svea_charging) by extension 'colcon_pkg'
[0.355s] Level 1:colcon.colcon_core.package_identification:_identify(src/svea_charging) by extensions ['colcon_meta']
[0.355s] Level 1:colcon.colcon_core.package_identification:_identify(src/svea_charging) by extension 'colcon_meta'
[0.355s] Level 1:colcon.colcon_core.package_identification:_identify(src/svea_charging) by extensions ['ros']
[0.355s] Level 1:colcon.colcon_core.package_identification:_identify(src/svea_charging) by extension 'ros'
[0.361s] DEBUG:colcon.colcon_core.package_identification:Package 'src/svea_charging' with type 'ros.ament_python' and name 'svea_charging'
[0.361s] Level 1:colcon.colcon_core.package_identification:_identify(src/svea_charging2) by extensions ['ignore', 'ignore_ament_install']
[0.361s] Level 1:colcon.colcon_core.package_identification:_identify(src/svea_charging2) by extension 'ignore'
[0.361s] Level 1:colcon.colcon_core.package_identification:_identify(src/svea_charging2) by extension 'ignore_ament_install'
[0.361s] Level 1:colcon.colcon_core.package_identification:_identify(src/svea_charging2) by extensions ['colcon_pkg']
[0.361s] Level 1:colcon.colcon_core.package_identification:_identify(src/svea_charging2) by extension 'colcon_pkg'
[0.361s] Level 1:colcon.colcon_core.package_identification:_identify(src/svea_charging2) by extensions ['colcon_meta']
[0.362s] Level 1:colcon.colcon_core.package_identification:_identify(src/svea_charging2) by extension 'colcon_meta'
[0.362s] Level 1:colcon.colcon_core.package_identification:_identify(src/svea_charging2) by extensions ['ros']
[0.362s] Level 1:colcon.colcon_core.package_identification:_identify(src/svea_charging2) by extension 'ros'
[0.362s] Level 1:colcon.colcon_core.package_identification:_identify(src/svea_charging2) by extensions ['cmake', 'python']
[0.362s] Level 1:colcon.colcon_core.package_identification:_identify(src/svea_charging2) by extension 'cmake'
[0.362s] Level 1:colcon.colcon_core.package_identification:_identify(src/svea_charging2) by extension 'python'
[0.362s] Level 1:colcon.colcon_core.package_identification:_identify(src/svea_charging2) by extensions ['python_setup_py']
[0.362s] Level 1:colcon.colcon_core.package_identification:_identify(src/svea_charging2) by extension 'python_setup_py'
[0.362s] Level 1:colcon.colcon_core.package_identification:_identify(src/svea_charging2/__pycache__) by extensions ['ignore', 'ignore_ament_install']
[0.362s] Level 1:colcon.colcon_core.package_identification:_identify(src/svea_charging2/__pycache__) by extension 'ignore'
[0.362s] Level 1:colcon.colcon_core.package_identification:_identify(src/svea_charging2/__pycache__) by extension 'ignore_ament_install'
[0.362s] Level 1:colcon.colcon_core.package_identification:_identify(src/svea_charging2/__pycache__) by extensions ['colcon_pkg']
[0.362s] Level 1:colcon.colcon_core.package_identification:_identify(src/svea_charging2/__pycache__) by extension 'colcon_pkg'
[0.362s] Level 1:colcon.colcon_core.package_identification:_identify(src/svea_charging2/__pycache__) by extensions ['colcon_meta']
[0.363s] Level 1:colcon.colcon_core.package_identification:_identify(src/svea_charging2/__pycache__) by extension 'colcon_meta'
[0.363s] Level 1:colcon.colcon_core.package_identification:_identify(src/svea_charging2/__pycache__) by extensions ['ros']
[0.363s] Level 1:colcon.colcon_core.package_identification:_identify(src/svea_charging2/__pycache__) by extension 'ros'
[0.363s] Level 1:colcon.colcon_core.package_identification:_identify(src/svea_charging2/__pycache__) by extensions ['cmake', 'python']
[0.363s] Level 1:colcon.colcon_core.package_identification:_identify(src/svea_charging2/__pycache__) by extension 'cmake'
[0.363s] Level 1:colcon.colcon_core.package_identification:_identify(src/svea_charging2/__pycache__) by extension 'python'
[0.363s] Level 1:colcon.colcon_core.package_identification:_identify(src/svea_charging2/__pycache__) by extensions ['python_setup_py']
[0.363s] Level 1:colcon.colcon_core.package_identification:_identify(src/svea_charging2/__pycache__) by extension 'python_setup_py'
[0.363s] Level 1:colcon.colcon_core.package_identification:_identify(src/svea_charging2/launch) by extensions ['ignore', 'ignore_ament_install']
[0.363s] Level 1:colcon.colcon_core.package_identification:_identify(src/svea_charging2/launch) by extension 'ignore'
[0.363s] Level 1:colcon.colcon_core.package_identification:_identify(src/svea_charging2/launch) by extension 'ignore_ament_install'
[0.363s] Level 1:colcon.colcon_core.package_identification:_identify(src/svea_charging2/launch) by extensions ['colcon_pkg']
[0.363s] Level 1:colcon.colcon_core.package_identification:_identify(src/svea_charging2/launch) by extension 'colcon_pkg'
[0.363s] Level 1:colcon.colcon_core.package_identification:_identify(src/svea_charging2/launch) by extensions ['colcon_meta']
[0.363s] Level 1:colcon.colcon_core.package_identification:_identify(src/svea_charging2/launch) by extension 'colcon_meta'
[0.364s] Level 1:colcon.colcon_core.package_identification:_identify(src/svea_charging2/launch) by extensions ['ros']
[0.364s] Level 1:colcon.colcon_core.package_identification:_identify(src/svea_charging2/launch) by extension 'ros'
[0.364s] Level 1:colcon.colcon_core.package_identification:_identify(src/svea_charging2/launch) by extensions ['cmake', 'python']
[0.364s] Level 1:colcon.colcon_core.package_identification:_identify(src/svea_charging2/launch) by extension 'cmake'
[0.364s] Level 1:colcon.colcon_core.package_identification:_identify(src/svea_charging2/launch) by extension 'python'
[0.364s] Level 1:colcon.colcon_core.package_identification:_identify(src/svea_charging2/launch) by extensions ['python_setup_py']
[0.364s] Level 1:colcon.colcon_core.package_identification:_identify(src/svea_charging2/launch) by extension 'python_setup_py'
[0.364s] Level 1:colcon.colcon_core.package_identification:_identify(src/svea_charging2/src) by extensions ['ignore', 'ignore_ament_install']
[0.364s] Level 1:colcon.colcon_core.package_identification:_identify(src/svea_charging2/src) by extension 'ignore'
[0.364s] Level 1:colcon.colcon_core.package_identification:_identify(src/svea_charging2/src) by extension 'ignore_ament_install'
[0.364s] Level 1:colcon.colcon_core.package_identification:_identify(src/svea_charging2/src) by extensions ['colcon_pkg']
[0.364s] Level 1:colcon.colcon_core.package_identification:_identify(src/svea_charging2/src) by extension 'colcon_pkg'
[0.364s] Level 1:colcon.colcon_core.package_identification:_identify(src/svea_charging2/src) by extensions ['colcon_meta']
[0.364s] Level 1:colcon.colcon_core.package_identification:_identify(src/svea_charging2/src) by extension 'colcon_meta'
[0.364s] Level 1:colcon.colcon_core.package_identification:_identify(src/svea_charging2/src) by extensions ['ros']
[0.365s] Level 1:colcon.colcon_core.package_identification:_identify(src/svea_charging2/src) by extension 'ros'
[0.365s] Level 1:colcon.colcon_core.package_identification:_identify(src/svea_charging2/src) by extensions ['cmake', 'python']
[0.365s] Level 1:colcon.colcon_core.package_identification:_identify(src/svea_charging2/src) by extension 'cmake'
[0.365s] Level 1:colcon.colcon_core.package_identification:_identify(src/svea_charging2/src) by extension 'python'
[0.365s] Level 1:colcon.colcon_core.package_identification:_identify(src/svea_charging2/src) by extensions ['python_setup_py']
[0.365s] Level 1:colcon.colcon_core.package_identification:_identify(src/svea_charging2/src) by extension 'python_setup_py'
[0.365s] Level 1:colcon.colcon_core.package_identification:_identify(src/svea_charging2/src/third_party) by extensions ['ignore', 'ignore_ament_install']
[0.365s] Level 1:colcon.colcon_core.package_identification:_identify(src/svea_charging2/src/third_party) by extension 'ignore'
[0.365s] Level 1:colcon.colcon_core.package_identification:_identify(src/svea_charging2/src/third_party) by extension 'ignore_ament_install'
[0.365s] Level 1:colcon.colcon_core.package_identification:_identify(src/svea_charging2/src/third_party) by extensions ['colcon_pkg']
[0.365s] Level 1:colcon.colcon_core.package_identification:_identify(src/svea_charging2/src/third_party) by extension 'colcon_pkg'
[0.365s] Level 1:colcon.colcon_core.package_identification:_identify(src/svea_charging2/src/third_party) by extensions ['colcon_meta']
[0.365s] Level 1:colcon.colcon_core.package_identification:_identify(src/svea_charging2/src/third_party) by extension 'colcon_meta'
[0.365s] Level 1:colcon.colcon_core.package_identification:_identify(src/svea_charging2/src/third_party) by extensions ['ros']
[0.365s] Level 1:colcon.colcon_core.package_identification:_identify(src/svea_charging2/src/third_party) by extension 'ros'
[0.366s] Level 1:colcon.colcon_core.package_identification:_identify(src/svea_charging2/src/third_party) by extensions ['cmake', 'python']
[0.366s] Level 1:colcon.colcon_core.package_identification:_identify(src/svea_charging2/src/third_party) by extension 'cmake'
[0.366s] Level 1:colcon.colcon_core.package_identification:_identify(src/svea_charging2/src/third_party) by extension 'python'
[0.366s] Level 1:colcon.colcon_core.package_identification:_identify(src/svea_charging2/src/third_party) by extensions ['python_setup_py']
[0.366s] Level 1:colcon.colcon_core.package_identification:_identify(src/svea_charging2/src/third_party) by extension 'python_setup_py'
[0.366s] Level 1:colcon.colcon_core.package_identification:_identify(src/svea_charging2/src/third_party/PythonRobotics) by extensions ['ignore', 'ignore_ament_install']
[0.366s] Level 1:colcon.colcon_core.package_identification:_identify(src/svea_charging2/src/third_party/PythonRobotics) by extension 'ignore'
[0.366s] Level 1:colcon.colcon_core.package_identification:_identify(src/svea_charging2/src/third_party/PythonRobotics) by extension 'ignore_ament_install'
[0.366s] Level 1:colcon.colcon_core.package_identification:_identify(src/svea_charging2/src/third_party/PythonRobotics) by extensions ['colcon_pkg']
[0.366s] Level 1:colcon.colcon_core.package_identification:_identify(src/svea_charging2/src/third_party/PythonRobotics) by extension 'colcon_pkg'
[0.366s] Level 1:colcon.colcon_core.package_identification:_identify(src/svea_charging2/src/third_party/PythonRobotics) by extensions ['colcon_meta']
[0.366s] Level 1:colcon.colcon_core.package_identification:_identify(src/svea_charging2/src/third_party/PythonRobotics) by extension 'colcon_meta'
[0.366s] Level 1:colcon.colcon_core.package_identification:_identify(src/svea_charging2/src/third_party/PythonRobotics) by extensions ['ros']
[0.366s] Level 1:colcon.colcon_core.package_identification:_identify(src/svea_charging2/src/third_party/PythonRobotics) by extension 'ros'
[0.367s] Level 1:colcon.colcon_core.package_identification:_identify(src/svea_charging2/src/third_party/PythonRobotics) by extensions ['cmake', 'python']
[0.367s] Level 1:colcon.colcon_core.package_identification:_identify(src/svea_charging2/src/third_party/PythonRobotics) by extension 'cmake'
[0.367s] Level 1:colcon.colcon_core.package_identification:_identify(src/svea_charging2/src/third_party/PythonRobotics) by extension 'python'
[0.367s] Level 1:colcon.colcon_core.package_identification:_identify(src/svea_charging2/src/third_party/PythonRobotics) by extensions ['python_setup_py']
[0.367s] Level 1:colcon.colcon_core.package_identification:_identify(src/svea_charging2/src/third_party/PythonRobotics) by extension 'python_setup_py'
[0.367s] Level 1:colcon.colcon_core.package_identification:_identify(src/svea_charging2/src/third_party/PythonRobotics/AerialNavigation) by extensions ['ignore', 'ignore_ament_install']
[0.367s] Level 1:colcon.colcon_core.package_identification:_identify(src/svea_charging2/src/third_party/PythonRobotics/AerialNavigation) by extension 'ignore'
[0.367s] Level 1:colcon.colcon_core.package_identification:_identify(src/svea_charging2/src/third_party/PythonRobotics/AerialNavigation) by extension 'ignore_ament_install'
[0.367s] Level 1:colcon.colcon_core.package_identification:_identify(src/svea_charging2/src/third_party/PythonRobotics/AerialNavigation) by extensions ['colcon_pkg']
[0.367s] Level 1:colcon.colcon_core.package_identification:_identify(src/svea_charging2/src/third_party/PythonRobotics/AerialNavigation) by extension 'colcon_pkg'
[0.367s] Level 1:colcon.colcon_core.package_identification:_identify(src/svea_charging2/src/third_party/PythonRobotics/AerialNavigation) by extensions ['colcon_meta']
[0.367s] Level 1:colcon.colcon_core.package_identification:_identify(src/svea_charging2/src/third_party/PythonRobotics/AerialNavigation) by extension 'colcon_meta'
[0.367s] Level 1:colcon.colcon_core.package_identification:_identify(src/svea_charging2/src/third_party/PythonRobotics/AerialNavigation) by extensions ['ros']
[0.368s] Level 1:colcon.colcon_core.package_identification:_identify(src/svea_charging2/src/third_party/PythonRobotics/AerialNavigation) by extension 'ros'
[0.368s] Level 1:colcon.colcon_core.package_identification:_identify(src/svea_charging2/src/third_party/PythonRobotics/AerialNavigation) by extensions ['cmake', 'python']
[0.368s] Level 1:colcon.colcon_core.package_identification:_identify(src/svea_charging2/src/third_party/PythonRobotics/AerialNavigation) by extension 'cmake'
[0.368s] Level 1:colcon.colcon_core.package_identification:_identify(src/svea_charging2/src/third_party/PythonRobotics/AerialNavigation) by extension 'python'
[0.368s] Level 1:colcon.colcon_core.package_identification:_identify(src/svea_charging2/src/third_party/PythonRobotics/AerialNavigation) by extensions ['python_setup_py']
[0.368s] Level 1:colcon.colcon_core.package_identification:_identify(src/svea_charging2/src/third_party/PythonRobotics/AerialNavigation) by extension 'python_setup_py'
[0.368s] Level 1:colcon.colcon_core.package_identification:_identify(src/svea_charging2/src/third_party/PythonRobotics/AerialNavigation/drone_3d_trajectory_following) by extensions ['ignore', 'ignore_ament_install']
[0.368s] Level 1:colcon.colcon_core.package_identification:_identify(src/svea_charging2/src/third_party/PythonRobotics/AerialNavigation/drone_3d_trajectory_following) by extension 'ignore'
[0.368s] Level 1:colcon.colcon_core.package_identification:_identify(src/svea_charging2/src/third_party/PythonRobotics/AerialNavigation/drone_3d_trajectory_following) by extension 'ignore_ament_install'
[0.368s] Level 1:colcon.colcon_core.package_identification:_identify(src/svea_charging2/src/third_party/PythonRobotics/AerialNavigation/drone_3d_trajectory_following) by extensions ['colcon_pkg']
[0.368s] Level 1:colcon.colcon_core.package_identification:_identify(src/svea_charging2/src/third_party/PythonRobotics/AerialNavigation/drone_3d_trajectory_following) by extension 'colcon_pkg'
[0.368s] Level 1:colcon.colcon_core.package_identification:_identify(src/svea_charging2/src/third_party/PythonRobotics/AerialNavigation/drone_3d_trajectory_following) by extensions ['colcon_meta']
[0.368s] Level 1:colcon.colcon_core.package_identification:_identify(src/svea_charging2/src/third_party/PythonRobotics/AerialNavigation/drone_3d_trajectory_following) by extension 'colcon_meta'
[0.369s] Level 1:colcon.colcon_core.package_identification:_identify(src/svea_charging2/src/third_party/PythonRobotics/AerialNavigation/drone_3d_trajectory_following) by extensions ['ros']
[0.369s] Level 1:colcon.colcon_core.package_identification:_identify(src/svea_charging2/src/third_party/PythonRobotics/AerialNavigation/drone_3d_trajectory_following) by extension 'ros'
[0.369s] Level 1:colcon.colcon_core.package_identification:_identify(src/svea_charging2/src/third_party/PythonRobotics/AerialNavigation/drone_3d_trajectory_following) by extensions ['cmake', 'python']
[0.369s] Level 1:colcon.colcon_core.package_identification:_identify(src/svea_charging2/src/third_party/PythonRobotics/AerialNavigation/drone_3d_trajectory_following) by extension 'cmake'
[0.369s] Level 1:colcon.colcon_core.package_identification:_identify(src/svea_charging2/src/third_party/PythonRobotics/AerialNavigation/drone_3d_trajectory_following) by extension 'python'
[0.369s] Level 1:colcon.colcon_core.package_identification:_identify(src/svea_charging2/src/third_party/PythonRobotics/AerialNavigation/drone_3d_trajectory_following) by extensions ['python_setup_py']
[0.369s] Level 1:colcon.colcon_core.package_identification:_identify(src/svea_charging2/src/third_party/PythonRobotics/AerialNavigation/drone_3d_trajectory_following) by extension 'python_setup_py'
[0.369s] Level 1:colcon.colcon_core.package_identification:_identify(src/svea_charging2/src/third_party/PythonRobotics/AerialNavigation/rocket_powered_landing) by extensions ['ignore', 'ignore_ament_install']
[0.369s] Level 1:colcon.colcon_core.package_identification:_identify(src/svea_charging2/src/third_party/PythonRobotics/AerialNavigation/rocket_powered_landing) by extension 'ignore'
[0.369s] Level 1:colcon.colcon_core.package_identification:_identify(src/svea_charging2/src/third_party/PythonRobotics/AerialNavigation/rocket_powered_landing) by extension 'ignore_ament_install'
[0.369s] Level 1:colcon.colcon_core.package_identification:_identify(src/svea_charging2/src/third_party/PythonRobotics/AerialNavigation/rocket_powered_landing) by extensions ['colcon_pkg']
[0.370s] Level 1:colcon.colcon_core.package_identification:_identify(src/svea_charging2/src/third_party/PythonRobotics/AerialNavigation/rocket_powered_landing) by extension 'colcon_pkg'
[0.370s] Level 1:colcon.colcon_core.package_identification:_identify(src/svea_charging2/src/third_party/PythonRobotics/AerialNavigation/rocket_powered_landing) by extensions ['colcon_meta']
[0.370s] Level 1:colcon.colcon_core.package_identification:_identify(src/svea_charging2/src/third_party/PythonRobotics/AerialNavigation/rocket_powered_landing) by extension 'colcon_meta'
[0.370s] Level 1:colcon.colcon_core.package_identification:_identify(src/svea_charging2/src/third_party/PythonRobotics/AerialNavigation/rocket_powered_landing) by extensions ['ros']
[0.370s] Level 1:colcon.colcon_core.package_identification:_identify(src/svea_charging2/src/third_party/PythonRobotics/AerialNavigation/rocket_powered_landing) by extension 'ros'
[0.370s] Level 1:colcon.colcon_core.package_identification:_identify(src/svea_charging2/src/third_party/PythonRobotics/AerialNavigation/rocket_powered_landing) by extensions ['cmake', 'python']
[0.370s] Level 1:colcon.colcon_core.package_identification:_identify(src/svea_charging2/src/third_party/PythonRobotics/AerialNavigation/rocket_powered_landing) by extension 'cmake'
[0.370s] Level 1:colcon.colcon_core.package_identification:_identify(src/svea_charging2/src/third_party/PythonRobotics/AerialNavigation/rocket_powered_landing) by extension 'python'
[0.370s] Level 1:colcon.colcon_core.package_identification:_identify(src/svea_charging2/src/third_party/PythonRobotics/AerialNavigation/rocket_powered_landing) by extensions ['python_setup_py']
[0.370s] Level 1:colcon.colcon_core.package_identification:_identify(src/svea_charging2/src/third_party/PythonRobotics/AerialNavigation/rocket_powered_landing) by extension 'python_setup_py'
[0.370s] Level 1:colcon.colcon_core.package_identification:_identify(src/svea_charging2/src/third_party/PythonRobotics/ArmNavigation) by extensions ['ignore', 'ignore_ament_install']
[0.370s] Level 1:colcon.colcon_core.package_identification:_identify(src/svea_charging2/src/third_party/PythonRobotics/ArmNavigation) by extension 'ignore'
[0.370s] Level 1:colcon.colcon_core.package_identification:_identify(src/svea_charging2/src/third_party/PythonRobotics/ArmNavigation) by extension 'ignore_ament_install'
[0.371s] Level 1:colcon.colcon_core.package_identification:_identify(src/svea_charging2/src/third_party/PythonRobotics/ArmNavigation) by extensions ['colcon_pkg']
[0.371s] Level 1:colcon.colcon_core.package_identification:_identify(src/svea_charging2/src/third_party/PythonRobotics/ArmNavigation) by extension 'colcon_pkg'
[0.371s] Level 1:colcon.colcon_core.package_identification:_identify(src/svea_charging2/src/third_party/PythonRobotics/ArmNavigation) by extensions ['colcon_meta']
[0.371s] Level 1:colcon.colcon_core.package_identification:_identify(src/svea_charging2/src/third_party/PythonRobotics/ArmNavigation) by extension 'colcon_meta'
[0.371s] Level 1:colcon.colcon_core.package_identification:_identify(src/svea_charging2/src/third_party/PythonRobotics/ArmNavigation) by extensions ['ros']
[0.371s] Level 1:colcon.colcon_core.package_identification:_identify(src/svea_charging2/src/third_party/PythonRobotics/ArmNavigation) by extension 'ros'
[0.371s] Level 1:colcon.colcon_core.package_identification:_identify(src/svea_charging2/src/third_party/PythonRobotics/ArmNavigation) by extensions ['cmake', 'python']
[0.371s] Level 1:colcon.colcon_core.package_identification:_identify(src/svea_charging2/src/third_party/PythonRobotics/ArmNavigation) by extension 'cmake'
[0.371s] Level 1:colcon.colcon_core.package_identification:_identify(src/svea_charging2/src/third_party/PythonRobotics/ArmNavigation) by extension 'python'
[0.371s] Level 1:colcon.colcon_core.package_identification:_identify(src/svea_charging2/src/third_party/PythonRobotics/ArmNavigation) by extensions ['python_setup_py']
[0.372s] Level 1:colcon.colcon_core.package_identification:_identify(src/svea_charging2/src/third_party/PythonRobotics/ArmNavigation) by extension 'python_setup_py'
[0.372s] Level 1:colcon.colcon_core.package_identification:_identify(src/svea_charging2/src/third_party/PythonRobotics/ArmNavigation/arm_obstacle_navigation) by extensions ['ignore', 'ignore_ament_install']
[0.372s] Level 1:colcon.colcon_core.package_identification:_identify(src/svea_charging2/src/third_party/PythonRobotics/ArmNavigation/arm_obstacle_navigation) by extension 'ignore'
[0.372s] Level 1:colcon.colcon_core.package_identification:_identify(src/svea_charging2/src/third_party/PythonRobotics/ArmNavigation/arm_obstacle_navigation) by extension 'ignore_ament_install'
[0.372s] Level 1:colcon.colcon_core.package_identification:_identify(src/svea_charging2/src/third_party/PythonRobotics/ArmNavigation/arm_obstacle_navigation) by extensions ['colcon_pkg']
[0.372s] Level 1:colcon.colcon_core.package_identification:_identify(src/svea_charging2/src/third_party/PythonRobotics/ArmNavigation/arm_obstacle_navigation) by extension 'colcon_pkg'
[0.372s] Level 1:colcon.colcon_core.package_identification:_identify(src/svea_charging2/src/third_party/PythonRobotics/ArmNavigation/arm_obstacle_navigation) by extensions ['colcon_meta']
[0.372s] Level 1:colcon.colcon_core.package_identification:_identify(src/svea_charging2/src/third_party/PythonRobotics/ArmNavigation/arm_obstacle_navigation) by extension 'colcon_meta'
[0.372s] Level 1:colcon.colcon_core.package_identification:_identify(src/svea_charging2/src/third_party/PythonRobotics/ArmNavigation/arm_obstacle_navigation) by extensions ['ros']
[0.373s] Level 1:colcon.colcon_core.package_identification:_identify(src/svea_charging2/src/third_party/PythonRobotics/ArmNavigation/arm_obstacle_navigation) by extension 'ros'
[0.373s] Level 1:colcon.colcon_core.package_identification:_identify(src/svea_charging2/src/third_party/PythonRobotics/ArmNavigation/arm_obstacle_navigation) by extensions ['cmake', 'python']
[0.373s] Level 1:colcon.colcon_core.package_identification:_identify(src/svea_charging2/src/third_party/PythonRobotics/ArmNavigation/arm_obstacle_navigation) by extension 'cmake'
[0.373s] Level 1:colcon.colcon_core.package_identification:_identify(src/svea_charging2/src/third_party/PythonRobotics/ArmNavigation/arm_obstacle_navigation) by extension 'python'
[0.373s] Level 1:colcon.colcon_core.package_identification:_identify(src/svea_charging2/src/third_party/PythonRobotics/ArmNavigation/arm_obstacle_navigation) by extensions ['python_setup_py']
[0.373s] Level 1:colcon.colcon_core.package_identification:_identify(src/svea_charging2/src/third_party/PythonRobotics/ArmNavigation/arm_obstacle_navigation) by extension 'python_setup_py'
[0.373s] Level 1:colcon.colcon_core.package_identification:_identify(src/svea_charging2/src/third_party/PythonRobotics/ArmNavigation/n_joint_arm_3d) by extensions ['ignore', 'ignore_ament_install']
[0.373s] Level 1:colcon.colcon_core.package_identification:_identify(src/svea_charging2/src/third_party/PythonRobotics/ArmNavigation/n_joint_arm_3d) by extension 'ignore'
[0.374s] Level 1:colcon.colcon_core.package_identification:_identify(src/svea_charging2/src/third_party/PythonRobotics/ArmNavigation/n_joint_arm_3d) by extension 'ignore_ament_install'
[0.374s] Level 1:colcon.colcon_core.package_identification:_identify(src/svea_charging2/src/third_party/PythonRobotics/ArmNavigation/n_joint_arm_3d) by extensions ['colcon_pkg']
[0.374s] Level 1:colcon.colcon_core.package_identification:_identify(src/svea_charging2/src/third_party/PythonRobotics/ArmNavigation/n_joint_arm_3d) by extension 'colcon_pkg'
[0.374s] Level 1:colcon.colcon_core.package_identification:_identify(src/svea_charging2/src/third_party/PythonRobotics/ArmNavigation/n_joint_arm_3d) by extensions ['colcon_meta']
[0.374s] Level 1:colcon.colcon_core.package_identification:_identify(src/svea_charging2/src/third_party/PythonRobotics/ArmNavigation/n_joint_arm_3d) by extension 'colcon_meta'
[0.374s] Level 1:colcon.colcon_core.package_identification:_identify(src/svea_charging2/src/third_party/PythonRobotics/ArmNavigation/n_joint_arm_3d) by extensions ['ros']
[0.374s] Level 1:colcon.colcon_core.package_identification:_identify(src/svea_charging2/src/third_party/PythonRobotics/ArmNavigation/n_joint_arm_3d) by extension 'ros'
[0.374s] Level 1:colcon.colcon_core.package_identification:_identify(src/svea_charging2/src/third_party/PythonRobotics/ArmNavigation/n_joint_arm_3d) by extensions ['cmake', 'python']
[0.374s] Level 1:colcon.colcon_core.package_identification:_identify(src/svea_charging2/src/third_party/PythonRobotics/ArmNavigation/n_joint_arm_3d) by extension 'cmake'
[0.374s] Level 1:colcon.colcon_core.package_identification:_identify(src/svea_charging2/src/third_party/PythonRobotics/ArmNavigation/n_joint_arm_3d) by extension 'python'
[0.374s] Level 1:colcon.colcon_core.package_identification:_identify(src/svea_charging2/src/third_party/PythonRobotics/ArmNavigation/n_joint_arm_3d) by extensions ['python_setup_py']
[0.374s] Level 1:colcon.colcon_core.package_identification:_identify(src/svea_charging2/src/third_party/PythonRobotics/ArmNavigation/n_joint_arm_3d) by extension 'python_setup_py'
[0.375s] Level 1:colcon.colcon_core.package_identification:_identify(src/svea_charging2/src/third_party/PythonRobotics/ArmNavigation/n_joint_arm_to_point_control) by extensions ['ignore', 'ignore_ament_install']
[0.375s] Level 1:colcon.colcon_core.package_identification:_identify(src/svea_charging2/src/third_party/PythonRobotics/ArmNavigation/n_joint_arm_to_point_control) by extension 'ignore'
[0.375s] Level 1:colcon.colcon_core.package_identification:_identify(src/svea_charging2/src/third_party/PythonRobotics/ArmNavigation/n_joint_arm_to_point_control) by extension 'ignore_ament_install'
[0.375s] Level 1:colcon.colcon_core.package_identification:_identify(src/svea_charging2/src/third_party/PythonRobotics/ArmNavigation/n_joint_arm_to_point_control) by extensions ['colcon_pkg']
[0.375s] Level 1:colcon.colcon_core.package_identification:_identify(src/svea_charging2/src/third_party/PythonRobotics/ArmNavigation/n_joint_arm_to_point_control) by extension 'colcon_pkg'
[0.375s] Level 1:colcon.colcon_core.package_identification:_identify(src/svea_charging2/src/third_party/PythonRobotics/ArmNavigation/n_joint_arm_to_point_control) by extensions ['colcon_meta']
[0.375s] Level 1:colcon.colcon_core.package_identification:_identify(src/svea_charging2/src/third_party/PythonRobotics/ArmNavigation/n_joint_arm_to_point_control) by extension 'colcon_meta'
[0.375s] Level 1:colcon.colcon_core.package_identification:_identify(src/svea_charging2/src/third_party/PythonRobotics/ArmNavigation/n_joint_arm_to_point_control) by extensions ['ros']
[0.375s] Level 1:colcon.colcon_core.package_identification:_identify(src/svea_charging2/src/third_party/PythonRobotics/ArmNavigation/n_joint_arm_to_point_control) by extension 'ros'
[0.375s] Level 1:colcon.colcon_core.package_identification:_identify(src/svea_charging2/src/third_party/PythonRobotics/ArmNavigation/n_joint_arm_to_point_control) by extensions ['cmake', 'python']
[0.375s] Level 1:colcon.colcon_core.package_identification:_identify(src/svea_charging2/src/third_party/PythonRobotics/ArmNavigation/n_joint_arm_to_point_control) by extension 'cmake'
[0.375s] Level 1:colcon.colcon_core.package_identification:_identify(src/svea_charging2/src/third_party/PythonRobotics/ArmNavigation/n_joint_arm_to_point_control) by extension 'python'
[0.376s] Level 1:colcon.colcon_core.package_identification:_identify(src/svea_charging2/src/third_party/PythonRobotics/ArmNavigation/n_joint_arm_to_point_control) by extensions ['python_setup_py']
[0.376s] Level 1:colcon.colcon_core.package_identification:_identify(src/svea_charging2/src/third_party/PythonRobotics/ArmNavigation/n_joint_arm_to_point_control) by extension 'python_setup_py'
[0.376s] Level 1:colcon.colcon_core.package_identification:_identify(src/svea_charging2/src/third_party/PythonRobotics/ArmNavigation/rrt_star_seven_joint_arm_control) by extensions ['ignore', 'ignore_ament_install']
[0.376s] Level 1:colcon.colcon_core.package_identification:_identify(src/svea_charging2/src/third_party/PythonRobotics/ArmNavigation/rrt_star_seven_joint_arm_control) by extension 'ignore'
[0.376s] Level 1:colcon.colcon_core.package_identification:_identify(src/svea_charging2/src/third_party/PythonRobotics/ArmNavigation/rrt_star_seven_joint_arm_control) by extension 'ignore_ament_install'
[0.376s] Level 1:colcon.colcon_core.package_identification:_identify(src/svea_charging2/src/third_party/PythonRobotics/ArmNavigation/rrt_star_seven_joint_arm_control) by extensions ['colcon_pkg']
[0.376s] Level 1:colcon.colcon_core.package_identification:_identify(src/svea_charging2/src/third_party/PythonRobotics/ArmNavigation/rrt_star_seven_joint_arm_control) by extension 'colcon_pkg'
[0.376s] Level 1:colcon.colcon_core.package_identification:_identify(src/svea_charging2/src/third_party/PythonRobotics/ArmNavigation/rrt_star_seven_joint_arm_control) by extensions ['colcon_meta']
[0.376s] Level 1:colcon.colcon_core.package_identification:_identify(src/svea_charging2/src/third_party/PythonRobotics/ArmNavigation/rrt_star_seven_joint_arm_control) by extension 'colcon_meta'
[0.376s] Level 1:colcon.colcon_core.package_identification:_identify(src/svea_charging2/src/third_party/PythonRobotics/ArmNavigation/rrt_star_seven_joint_arm_control) by extensions ['ros']
[0.376s] Level 1:colcon.colcon_core.package_identification:_identify(src/svea_charging2/src/third_party/PythonRobotics/ArmNavigation/rrt_star_seven_joint_arm_control) by extension 'ros'
[0.376s] Level 1:colcon.colcon_core.package_identification:_identify(src/svea_charging2/src/third_party/PythonRobotics/ArmNavigation/rrt_star_seven_joint_arm_control) by extensions ['cmake', 'python']
[0.376s] Level 1:colcon.colcon_core.package_identification:_identify(src/svea_charging2/src/third_party/PythonRobotics/ArmNavigation/rrt_star_seven_joint_arm_control) by extension 'cmake'
[0.376s] Level 1:colcon.colcon_core.package_identification:_identify(src/svea_charging2/src/third_party/PythonRobotics/ArmNavigation/rrt_star_seven_joint_arm_control) by extension 'python'
[0.377s] Level 1:colcon.colcon_core.package_identification:_identify(src/svea_charging2/src/third_party/PythonRobotics/ArmNavigation/rrt_star_seven_joint_arm_control) by extensions ['python_setup_py']
[0.377s] Level 1:colcon.colcon_core.package_identification:_identify(src/svea_charging2/src/third_party/PythonRobotics/ArmNavigation/rrt_star_seven_joint_arm_control) by extension 'python_setup_py'
[0.377s] Level 1:colcon.colcon_core.package_identification:_identify(src/svea_charging2/src/third_party/PythonRobotics/ArmNavigation/two_joint_arm_to_point_control) by extensions ['ignore', 'ignore_ament_install']
[0.377s] Level 1:colcon.colcon_core.package_identification:_identify(src/svea_charging2/src/third_party/PythonRobotics/ArmNavigation/two_joint_arm_to_point_control) by extension 'ignore'
[0.377s] Level 1:colcon.colcon_core.package_identification:_identify(src/svea_charging2/src/third_party/PythonRobotics/ArmNavigation/two_joint_arm_to_point_control) by extension 'ignore_ament_install'
[0.377s] Level 1:colcon.colcon_core.package_identification:_identify(src/svea_charging2/src/third_party/PythonRobotics/ArmNavigation/two_joint_arm_to_point_control) by extensions ['colcon_pkg']
[0.377s] Level 1:colcon.colcon_core.package_identification:_identify(src/svea_charging2/src/third_party/PythonRobotics/ArmNavigation/two_joint_arm_to_point_control) by extension 'colcon_pkg'
[0.377s] Level 1:colcon.colcon_core.package_identification:_identify(src/svea_charging2/src/third_party/PythonRobotics/ArmNavigation/two_joint_arm_to_point_control) by extensions ['colcon_meta']
[0.377s] Level 1:colcon.colcon_core.package_identification:_identify(src/svea_charging2/src/third_party/PythonRobotics/ArmNavigation/two_joint_arm_to_point_control) by extension 'colcon_meta'
[0.377s] Level 1:colcon.colcon_core.package_identification:_identify(src/svea_charging2/src/third_party/PythonRobotics/ArmNavigation/two_joint_arm_to_point_control) by extensions ['ros']
[0.377s] Level 1:colcon.colcon_core.package_identification:_identify(src/svea_charging2/src/third_party/PythonRobotics/ArmNavigation/two_joint_arm_to_point_control) by extension 'ros'
[0.377s] Level 1:colcon.colcon_core.package_identification:_identify(src/svea_charging2/src/third_party/PythonRobotics/ArmNavigation/two_joint_arm_to_point_control) by extensions ['cmake', 'python']
[0.377s] Level 1:colcon.colcon_core.package_identification:_identify(src/svea_charging2/src/third_party/PythonRobotics/ArmNavigation/two_joint_arm_to_point_control) by extension 'cmake'
[0.378s] Level 1:colcon.colcon_core.package_identification:_identify(src/svea_charging2/src/third_party/PythonRobotics/ArmNavigation/two_joint_arm_to_point_control) by extension 'python'
[0.378s] Level 1:colcon.colcon_core.package_identification:_identify(src/svea_charging2/src/third_party/PythonRobotics/ArmNavigation/two_joint_arm_to_point_control) by extensions ['python_setup_py']
[0.378s] Level 1:colcon.colcon_core.package_identification:_identify(src/svea_charging2/src/third_party/PythonRobotics/ArmNavigation/two_joint_arm_to_point_control) by extension 'python_setup_py'
[0.378s] Level 1:colcon.colcon_core.package_identification:_identify(src/svea_charging2/src/third_party/PythonRobotics/Bipedal) by extensions ['ignore', 'ignore_ament_install']
[0.378s] Level 1:colcon.colcon_core.package_identification:_identify(src/svea_charging2/src/third_party/PythonRobotics/Bipedal) by extension 'ignore'
[0.378s] Level 1:colcon.colcon_core.package_identification:_identify(src/svea_charging2/src/third_party/PythonRobotics/Bipedal) by extension 'ignore_ament_install'
[0.378s] Level 1:colcon.colcon_core.package_identification:_identify(src/svea_charging2/src/third_party/PythonRobotics/Bipedal) by extensions ['colcon_pkg']
[0.378s] Level 1:colcon.colcon_core.package_identification:_identify(src/svea_charging2/src/third_party/PythonRobotics/Bipedal) by extension 'colcon_pkg'
[0.378s] Level 1:colcon.colcon_core.package_identification:_identify(src/svea_charging2/src/third_party/PythonRobotics/Bipedal) by extensions ['colcon_meta']
[0.378s] Level 1:colcon.colcon_core.package_identification:_identify(src/svea_charging2/src/third_party/PythonRobotics/Bipedal) by extension 'colcon_meta'
[0.378s] Level 1:colcon.colcon_core.package_identification:_identify(src/svea_charging2/src/third_party/PythonRobotics/Bipedal) by extensions ['ros']
[0.378s] Level 1:colcon.colcon_core.package_identification:_identify(src/svea_charging2/src/third_party/PythonRobotics/Bipedal) by extension 'ros'
[0.378s] Level 1:colcon.colcon_core.package_identification:_identify(src/svea_charging2/src/third_party/PythonRobotics/Bipedal) by extensions ['cmake', 'python']
[0.378s] Level 1:colcon.colcon_core.package_identification:_identify(src/svea_charging2/src/third_party/PythonRobotics/Bipedal) by extension 'cmake'
[0.378s] Level 1:colcon.colcon_core.package_identification:_identify(src/svea_charging2/src/third_party/PythonRobotics/Bipedal) by extension 'python'
[0.379s] Level 1:colcon.colcon_core.package_identification:_identify(src/svea_charging2/src/third_party/PythonRobotics/Bipedal) by extensions ['python_setup_py']
[0.379s] Level 1:colcon.colcon_core.package_identification:_identify(src/svea_charging2/src/third_party/PythonRobotics/Bipedal) by extension 'python_setup_py'
[0.379s] Level 1:colcon.colcon_core.package_identification:_identify(src/svea_charging2/src/third_party/PythonRobotics/Bipedal/bipedal_planner) by extensions ['ignore', 'ignore_ament_install']
[0.379s] Level 1:colcon.colcon_core.package_identification:_identify(src/svea_charging2/src/third_party/PythonRobotics/Bipedal/bipedal_planner) by extension 'ignore'
[0.379s] Level 1:colcon.colcon_core.package_identification:_identify(src/svea_charging2/src/third_party/PythonRobotics/Bipedal/bipedal_planner) by extension 'ignore_ament_install'
[0.379s] Level 1:colcon.colcon_core.package_identification:_identify(src/svea_charging2/src/third_party/PythonRobotics/Bipedal/bipedal_planner) by extensions ['colcon_pkg']
[0.379s] Level 1:colcon.colcon_core.package_identification:_identify(src/svea_charging2/src/third_party/PythonRobotics/Bipedal/bipedal_planner) by extension 'colcon_pkg'
[0.379s] Level 1:colcon.colcon_core.package_identification:_identify(src/svea_charging2/src/third_party/PythonRobotics/Bipedal/bipedal_planner) by extensions ['colcon_meta']
[0.379s] Level 1:colcon.colcon_core.package_identification:_identify(src/svea_charging2/src/third_party/PythonRobotics/Bipedal/bipedal_planner) by extension 'colcon_meta'
[0.379s] Level 1:colcon.colcon_core.package_identification:_identify(src/svea_charging2/src/third_party/PythonRobotics/Bipedal/bipedal_planner) by extensions ['ros']
[0.379s] Level 1:colcon.colcon_core.package_identification:_identify(src/svea_charging2/src/third_party/PythonRobotics/Bipedal/bipedal_planner) by extension 'ros'
[0.379s] Level 1:colcon.colcon_core.package_identification:_identify(src/svea_charging2/src/third_party/PythonRobotics/Bipedal/bipedal_planner) by extensions ['cmake', 'python']
[0.379s] Level 1:colcon.colcon_core.package_identification:_identify(src/svea_charging2/src/third_party/PythonRobotics/Bipedal/bipedal_planner) by extension 'cmake'
[0.380s] Level 1:colcon.colcon_core.package_identification:_identify(src/svea_charging2/src/third_party/PythonRobotics/Bipedal/bipedal_planner) by extension 'python'
[0.380s] Level 1:colcon.colcon_core.package_identification:_identify(src/svea_charging2/src/third_party/PythonRobotics/Bipedal/bipedal_planner) by extensions ['python_setup_py']
[0.380s] Level 1:colcon.colcon_core.package_identification:_identify(src/svea_charging2/src/third_party/PythonRobotics/Bipedal/bipedal_planner) by extension 'python_setup_py'
[0.380s] Level 1:colcon.colcon_core.package_identification:_identify(src/svea_charging2/src/third_party/PythonRobotics/InvertedPendulum) by extensions ['ignore', 'ignore_ament_install']
[0.380s] Level 1:colcon.colcon_core.package_identification:_identify(src/svea_charging2/src/third_party/PythonRobotics/InvertedPendulum) by extension 'ignore'
[0.380s] Level 1:colcon.colcon_core.package_identification:_identify(src/svea_charging2/src/third_party/PythonRobotics/InvertedPendulum) by extension 'ignore_ament_install'
[0.380s] Level 1:colcon.colcon_core.package_identification:_identify(src/svea_charging2/src/third_party/PythonRobotics/InvertedPendulum) by extensions ['colcon_pkg']
[0.380s] Level 1:colcon.colcon_core.package_identification:_identify(src/svea_charging2/src/third_party/PythonRobotics/InvertedPendulum) by extension 'colcon_pkg'
[0.380s] Level 1:colcon.colcon_core.package_identification:_identify(src/svea_charging2/src/third_party/PythonRobotics/InvertedPendulum) by extensions ['colcon_meta']
[0.380s] Level 1:colcon.colcon_core.package_identification:_identify(src/svea_charging2/src/third_party/PythonRobotics/InvertedPendulum) by extension 'colcon_meta'
[0.380s] Level 1:colcon.colcon_core.package_identification:_identify(src/svea_charging2/src/third_party/PythonRobotics/InvertedPendulum) by extensions ['ros']
[0.380s] Level 1:colcon.colcon_core.package_identification:_identify(src/svea_charging2/src/third_party/PythonRobotics/InvertedPendulum) by extension 'ros'
[0.380s] Level 1:colcon.colcon_core.package_identification:_identify(src/svea_charging2/src/third_party/PythonRobotics/InvertedPendulum) by extensions ['cmake', 'python']
[0.380s] Level 1:colcon.colcon_core.package_identification:_identify(src/svea_charging2/src/third_party/PythonRobotics/InvertedPendulum) by extension 'cmake'
[0.381s] Level 1:colcon.colcon_core.package_identification:_identify(src/svea_charging2/src/third_party/PythonRobotics/InvertedPendulum) by extension 'python'
[0.381s] Level 1:colcon.colcon_core.package_identification:_identify(src/svea_charging2/src/third_party/PythonRobotics/InvertedPendulum) by extensions ['python_setup_py']
[0.381s] Level 1:colcon.colcon_core.package_identification:_identify(src/svea_charging2/src/third_party/PythonRobotics/InvertedPendulum) by extension 'python_setup_py'
[0.381s] Level 1:colcon.colcon_core.package_identification:_identify(src/svea_charging2/src/third_party/PythonRobotics/Localization) by extensions ['ignore', 'ignore_ament_install']
[0.381s] Level 1:colcon.colcon_core.package_identification:_identify(src/svea_charging2/src/third_party/PythonRobotics/Localization) by extension 'ignore'
[0.381s] Level 1:colcon.colcon_core.package_identification:_identify(src/svea_charging2/src/third_party/PythonRobotics/Localization) by extension 'ignore_ament_install'
[0.381s] Level 1:colcon.colcon_core.package_identification:_identify(src/svea_charging2/src/third_party/PythonRobotics/Localization) by extensions ['colcon_pkg']
[0.381s] Level 1:colcon.colcon_core.package_identification:_identify(src/svea_charging2/src/third_party/PythonRobotics/Localization) by extension 'colcon_pkg'
[0.381s] Level 1:colcon.colcon_core.package_identification:_identify(src/svea_charging2/src/third_party/PythonRobotics/Localization) by extensions ['colcon_meta']
[0.381s] Level 1:colcon.colcon_core.package_identification:_identify(src/svea_charging2/src/third_party/PythonRobotics/Localization) by extension 'colcon_meta'
[0.381s] Level 1:colcon.colcon_core.package_identification:_identify(src/svea_charging2/src/third_party/PythonRobotics/Localization) by extensions ['ros']
[0.381s] Level 1:colcon.colcon_core.package_identification:_identify(src/svea_charging2/src/third_party/PythonRobotics/Localization) by extension 'ros'
[0.381s] Level 1:colcon.colcon_core.package_identification:_identify(src/svea_charging2/src/third_party/PythonRobotics/Localization) by extensions ['cmake', 'python']
[0.381s] Level 1:colcon.colcon_core.package_identification:_identify(src/svea_charging2/src/third_party/PythonRobotics/Localization) by extension 'cmake'
[0.382s] Level 1:colcon.colcon_core.package_identification:_identify(src/svea_charging2/src/third_party/PythonRobotics/Localization) by extension 'python'
[0.382s] Level 1:colcon.colcon_core.package_identification:_identify(src/svea_charging2/src/third_party/PythonRobotics/Localization) by extensions ['python_setup_py']
[0.382s] Level 1:colcon.colcon_core.package_identification:_identify(src/svea_charging2/src/third_party/PythonRobotics/Localization) by extension 'python_setup_py'
[0.382s] Level 1:colcon.colcon_core.package_identification:_identify(src/svea_charging2/src/third_party/PythonRobotics/Localization/cubature_kalman_filter) by extensions ['ignore', 'ignore_ament_install']
[0.382s] Level 1:colcon.colcon_core.package_identification:_identify(src/svea_charging2/src/third_party/PythonRobotics/Localization/cubature_kalman_filter) by extension 'ignore'
[0.382s] Level 1:colcon.colcon_core.package_identification:_identify(src/svea_charging2/src/third_party/PythonRobotics/Localization/cubature_kalman_filter) by extension 'ignore_ament_install'
[0.382s] Level 1:colcon.colcon_core.package_identification:_identify(src/svea_charging2/src/third_party/PythonRobotics/Localization/cubature_kalman_filter) by extensions ['colcon_pkg']
[0.382s] Level 1:colcon.colcon_core.package_identification:_identify(src/svea_charging2/src/third_party/PythonRobotics/Localization/cubature_kalman_filter) by extension 'colcon_pkg'
[0.382s] Level 1:colcon.colcon_core.package_identification:_identify(src/svea_charging2/src/third_party/PythonRobotics/Localization/cubature_kalman_filter) by extensions ['colcon_meta']
[0.382s] Level 1:colcon.colcon_core.package_identification:_identify(src/svea_charging2/src/third_party/PythonRobotics/Localization/cubature_kalman_filter) by extension 'colcon_meta'
[0.382s] Level 1:colcon.colcon_core.package_identification:_identify(src/svea_charging2/src/third_party/PythonRobotics/Localization/cubature_kalman_filter) by extensions ['ros']
[0.382s] Level 1:colcon.colcon_core.package_identification:_identify(src/svea_charging2/src/third_party/PythonRobotics/Localization/cubature_kalman_filter) by extension 'ros'
[0.382s] Level 1:colcon.colcon_core.package_identification:_identify(src/svea_charging2/src/third_party/PythonRobotics/Localization/cubature_kalman_filter) by extensions ['cmake', 'python']
[0.382s] Level 1:colcon.colcon_core.package_identification:_identify(src/svea_charging2/src/third_party/PythonRobotics/Localization/cubature_kalman_filter) by extension 'cmake'
[0.383s] Level 1:colcon.colcon_core.package_identification:_identify(src/svea_charging2/src/third_party/PythonRobotics/Localization/cubature_kalman_filter) by extension 'python'
[0.383s] Level 1:colcon.colcon_core.package_identification:_identify(src/svea_charging2/src/third_party/PythonRobotics/Localization/cubature_kalman_filter) by extensions ['python_setup_py']
[0.383s] Level 1:colcon.colcon_core.package_identification:_identify(src/svea_charging2/src/third_party/PythonRobotics/Localization/cubature_kalman_filter) by extension 'python_setup_py'
[0.383s] Level 1:colcon.colcon_core.package_identification:_identify(src/svea_charging2/src/third_party/PythonRobotics/Localization/ensemble_kalman_filter) by extensions ['ignore', 'ignore_ament_install']
[0.383s] Level 1:colcon.colcon_core.package_identification:_identify(src/svea_charging2/src/third_party/PythonRobotics/Localization/ensemble_kalman_filter) by extension 'ignore'
[0.383s] Level 1:colcon.colcon_core.package_identification:_identify(src/svea_charging2/src/third_party/PythonRobotics/Localization/ensemble_kalman_filter) by extension 'ignore_ament_install'
[0.383s] Level 1:colcon.colcon_core.package_identification:_identify(src/svea_charging2/src/third_party/PythonRobotics/Localization/ensemble_kalman_filter) by extensions ['colcon_pkg']
[0.383s] Level 1:colcon.colcon_core.package_identification:_identify(src/svea_charging2/src/third_party/PythonRobotics/Localization/ensemble_kalman_filter) by extension 'colcon_pkg'
[0.383s] Level 1:colcon.colcon_core.package_identification:_identify(src/svea_charging2/src/third_party/PythonRobotics/Localization/ensemble_kalman_filter) by extensions ['colcon_meta']
[0.383s] Level 1:colcon.colcon_core.package_identification:_identify(src/svea_charging2/src/third_party/PythonRobotics/Localization/ensemble_kalman_filter) by extension 'colcon_meta'
[0.383s] Level 1:colcon.colcon_core.package_identification:_identify(src/svea_charging2/src/third_party/PythonRobotics/Localization/ensemble_kalman_filter) by extensions ['ros']
[0.383s] Level 1:colcon.colcon_core.package_identification:_identify(src/svea_charging2/src/third_party/PythonRobotics/Localization/ensemble_kalman_filter) by extension 'ros'
[0.383s] Level 1:colcon.colcon_core.package_identification:_identify(src/svea_charging2/src/third_party/PythonRobotics/Localization/ensemble_kalman_filter) by extensions ['cmake', 'python']
[0.383s] Level 1:colcon.colcon_core.package_identification:_identify(src/svea_charging2/src/third_party/PythonRobotics/Localization/ensemble_kalman_filter) by extension 'cmake'
[0.384s] Level 1:colcon.colcon_core.package_identification:_identify(src/svea_charging2/src/third_party/PythonRobotics/Localization/ensemble_kalman_filter) by extension 'python'
[0.384s] Level 1:colcon.colcon_core.package_identification:_identify(src/svea_charging2/src/third_party/PythonRobotics/Localization/ensemble_kalman_filter) by extensions ['python_setup_py']
[0.384s] Level 1:colcon.colcon_core.package_identification:_identify(src/svea_charging2/src/third_party/PythonRobotics/Localization/ensemble_kalman_filter) by extension 'python_setup_py'
[0.384s] Level 1:colcon.colcon_core.package_identification:_identify(src/svea_charging2/src/third_party/PythonRobotics/Localization/extended_kalman_filter) by extensions ['ignore', 'ignore_ament_install']
[0.384s] Level 1:colcon.colcon_core.package_identification:_identify(src/svea_charging2/src/third_party/PythonRobotics/Localization/extended_kalman_filter) by extension 'ignore'
[0.384s] Level 1:colcon.colcon_core.package_identification:_identify(src/svea_charging2/src/third_party/PythonRobotics/Localization/extended_kalman_filter) by extension 'ignore_ament_install'
[0.384s] Level 1:colcon.colcon_core.package_identification:_identify(src/svea_charging2/src/third_party/PythonRobotics/Localization/extended_kalman_filter) by extensions ['colcon_pkg']
[0.384s] Level 1:colcon.colcon_core.package_identification:_identify(src/svea_charging2/src/third_party/PythonRobotics/Localization/extended_kalman_filter) by extension 'colcon_pkg'
[0.384s] Level 1:colcon.colcon_core.package_identification:_identify(src/svea_charging2/src/third_party/PythonRobotics/Localization/extended_kalman_filter) by extensions ['colcon_meta']
[0.384s] Level 1:colcon.colcon_core.package_identification:_identify(src/svea_charging2/src/third_party/PythonRobotics/Localization/extended_kalman_filter) by extension 'colcon_meta'
[0.384s] Level 1:colcon.colcon_core.package_identification:_identify(src/svea_charging2/src/third_party/PythonRobotics/Localization/extended_kalman_filter) by extensions ['ros']
[0.384s] Level 1:colcon.colcon_core.package_identification:_identify(src/svea_charging2/src/third_party/PythonRobotics/Localization/extended_kalman_filter) by extension 'ros'
[0.384s] Level 1:colcon.colcon_core.package_identification:_identify(src/svea_charging2/src/third_party/PythonRobotics/Localization/extended_kalman_filter) by extensions ['cmake', 'python']
[0.385s] Level 1:colcon.colcon_core.package_identification:_identify(src/svea_charging2/src/third_party/PythonRobotics/Localization/extended_kalman_filter) by extension 'cmake'
[0.385s] Level 1:colcon.colcon_core.package_identification:_identify(src/svea_charging2/src/third_party/PythonRobotics/Localization/extended_kalman_filter) by extension 'python'
[0.385s] Level 1:colcon.colcon_core.package_identification:_identify(src/svea_charging2/src/third_party/PythonRobotics/Localization/extended_kalman_filter) by extensions ['python_setup_py']
[0.385s] Level 1:colcon.colcon_core.package_identification:_identify(src/svea_charging2/src/third_party/PythonRobotics/Localization/extended_kalman_filter) by extension 'python_setup_py'
[0.385s] Level 1:colcon.colcon_core.package_identification:_identify(src/svea_charging2/src/third_party/PythonRobotics/Localization/histogram_filter) by extensions ['ignore', 'ignore_ament_install']
[0.385s] Level 1:colcon.colcon_core.package_identification:_identify(src/svea_charging2/src/third_party/PythonRobotics/Localization/histogram_filter) by extension 'ignore'
[0.385s] Level 1:colcon.colcon_core.package_identification:_identify(src/svea_charging2/src/third_party/PythonRobotics/Localization/histogram_filter) by extension 'ignore_ament_install'
[0.385s] Level 1:colcon.colcon_core.package_identification:_identify(src/svea_charging2/src/third_party/PythonRobotics/Localization/histogram_filter) by extensions ['colcon_pkg']
[0.385s] Level 1:colcon.colcon_core.package_identification:_identify(src/svea_charging2/src/third_party/PythonRobotics/Localization/histogram_filter) by extension 'colcon_pkg'
[0.385s] Level 1:colcon.colcon_core.package_identification:_identify(src/svea_charging2/src/third_party/PythonRobotics/Localization/histogram_filter) by extensions ['colcon_meta']
[0.385s] Level 1:colcon.colcon_core.package_identification:_identify(src/svea_charging2/src/third_party/PythonRobotics/Localization/histogram_filter) by extension 'colcon_meta'
[0.385s] Level 1:colcon.colcon_core.package_identification:_identify(src/svea_charging2/src/third_party/PythonRobotics/Localization/histogram_filter) by extensions ['ros']
[0.385s] Level 1:colcon.colcon_core.package_identification:_identify(src/svea_charging2/src/third_party/PythonRobotics/Localization/histogram_filter) by extension 'ros'
[0.385s] Level 1:colcon.colcon_core.package_identification:_identify(src/svea_charging2/src/third_party/PythonRobotics/Localization/histogram_filter) by extensions ['cmake', 'python']
[0.386s] Level 1:colcon.colcon_core.package_identification:_identify(src/svea_charging2/src/third_party/PythonRobotics/Localization/histogram_filter) by extension 'cmake'
[0.386s] Level 1:colcon.colcon_core.package_identification:_identify(src/svea_charging2/src/third_party/PythonRobotics/Localization/histogram_filter) by extension 'python'
[0.386s] Level 1:colcon.colcon_core.package_identification:_identify(src/svea_charging2/src/third_party/PythonRobotics/Localization/histogram_filter) by extensions ['python_setup_py']
[0.386s] Level 1:colcon.colcon_core.package_identification:_identify(src/svea_charging2/src/third_party/PythonRobotics/Localization/histogram_filter) by extension 'python_setup_py'
[0.386s] Level 1:colcon.colcon_core.package_identification:_identify(src/svea_charging2/src/third_party/PythonRobotics/Localization/particle_filter) by extensions ['ignore', 'ignore_ament_install']
[0.386s] Level 1:colcon.colcon_core.package_identification:_identify(src/svea_charging2/src/third_party/PythonRobotics/Localization/particle_filter) by extension 'ignore'
[0.386s] Level 1:colcon.colcon_core.package_identification:_identify(src/svea_charging2/src/third_party/PythonRobotics/Localization/particle_filter) by extension 'ignore_ament_install'
[0.386s] Level 1:colcon.colcon_core.package_identification:_identify(src/svea_charging2/src/third_party/PythonRobotics/Localization/particle_filter) by extensions ['colcon_pkg']
[0.386s] Level 1:colcon.colcon_core.package_identification:_identify(src/svea_charging2/src/third_party/PythonRobotics/Localization/particle_filter) by extension 'colcon_pkg'
[0.386s] Level 1:colcon.colcon_core.package_identification:_identify(src/svea_charging2/src/third_party/PythonRobotics/Localization/particle_filter) by extensions ['colcon_meta']
[0.386s] Level 1:colcon.colcon_core.package_identification:_identify(src/svea_charging2/src/third_party/PythonRobotics/Localization/particle_filter) by extension 'colcon_meta'
[0.386s] Level 1:colcon.colcon_core.package_identification:_identify(src/svea_charging2/src/third_party/PythonRobotics/Localization/particle_filter) by extensions ['ros']
[0.386s] Level 1:colcon.colcon_core.package_identification:_identify(src/svea_charging2/src/third_party/PythonRobotics/Localization/particle_filter) by extension 'ros'
[0.387s] Level 1:colcon.colcon_core.package_identification:_identify(src/svea_charging2/src/third_party/PythonRobotics/Localization/particle_filter) by extensions ['cmake', 'python']
[0.387s] Level 1:colcon.colcon_core.package_identification:_identify(src/svea_charging2/src/third_party/PythonRobotics/Localization/particle_filter) by extension 'cmake'
[0.387s] Level 1:colcon.colcon_core.package_identification:_identify(src/svea_charging2/src/third_party/PythonRobotics/Localization/particle_filter) by extension 'python'
[0.387s] Level 1:colcon.colcon_core.package_identification:_identify(src/svea_charging2/src/third_party/PythonRobotics/Localization/particle_filter) by extensions ['python_setup_py']
[0.387s] Level 1:colcon.colcon_core.package_identification:_identify(src/svea_charging2/src/third_party/PythonRobotics/Localization/particle_filter) by extension 'python_setup_py'
[0.387s] Level 1:colcon.colcon_core.package_identification:_identify(src/svea_charging2/src/third_party/PythonRobotics/Localization/unscented_kalman_filter) by extensions ['ignore', 'ignore_ament_install']
[0.387s] Level 1:colcon.colcon_core.package_identification:_identify(src/svea_charging2/src/third_party/PythonRobotics/Localization/unscented_kalman_filter) by extension 'ignore'
[0.387s] Level 1:colcon.colcon_core.package_identification:_identify(src/svea_charging2/src/third_party/PythonRobotics/Localization/unscented_kalman_filter) by extension 'ignore_ament_install'
[0.387s] Level 1:colcon.colcon_core.package_identification:_identify(src/svea_charging2/src/third_party/PythonRobotics/Localization/unscented_kalman_filter) by extensions ['colcon_pkg']
[0.387s] Level 1:colcon.colcon_core.package_identification:_identify(src/svea_charging2/src/third_party/PythonRobotics/Localization/unscented_kalman_filter) by extension 'colcon_pkg'
[0.387s] Level 1:colcon.colcon_core.package_identification:_identify(src/svea_charging2/src/third_party/PythonRobotics/Localization/unscented_kalman_filter) by extensions ['colcon_meta']
[0.387s] Level 1:colcon.colcon_core.package_identification:_identify(src/svea_charging2/src/third_party/PythonRobotics/Localization/unscented_kalman_filter) by extension 'colcon_meta'
[0.387s] Level 1:colcon.colcon_core.package_identification:_identify(src/svea_charging2/src/third_party/PythonRobotics/Localization/unscented_kalman_filter) by extensions ['ros']
[0.387s] Level 1:colcon.colcon_core.package_identification:_identify(src/svea_charging2/src/third_party/PythonRobotics/Localization/unscented_kalman_filter) by extension 'ros'
[0.388s] Level 1:colcon.colcon_core.package_identification:_identify(src/svea_charging2/src/third_party/PythonRobotics/Localization/unscented_kalman_filter) by extensions ['cmake', 'python']
[0.388s] Level 1:colcon.colcon_core.package_identification:_identify(src/svea_charging2/src/third_party/PythonRobotics/Localization/unscented_kalman_filter) by extension 'cmake'
[0.388s] Level 1:colcon.colcon_core.package_identification:_identify(src/svea_charging2/src/third_party/PythonRobotics/Localization/unscented_kalman_filter) by extension 'python'
[0.388s] Level 1:colcon.colcon_core.package_identification:_identify(src/svea_charging2/src/third_party/PythonRobotics/Localization/unscented_kalman_filter) by extensions ['python_setup_py']
[0.388s] Level 1:colcon.colcon_core.package_identification:_identify(src/svea_charging2/src/third_party/PythonRobotics/Localization/unscented_kalman_filter) by extension 'python_setup_py'
[0.388s] Level 1:colcon.colcon_core.package_identification:_identify(src/svea_charging2/src/third_party/PythonRobotics/Mapping) by extensions ['ignore', 'ignore_ament_install']
[0.388s] Level 1:colcon.colcon_core.package_identification:_identify(src/svea_charging2/src/third_party/PythonRobotics/Mapping) by extension 'ignore'
[0.388s] Level 1:colcon.colcon_core.package_identification:_identify(src/svea_charging2/src/third_party/PythonRobotics/Mapping) by extension 'ignore_ament_install'
[0.388s] Level 1:colcon.colcon_core.package_identification:_identify(src/svea_charging2/src/third_party/PythonRobotics/Mapping) by extensions ['colcon_pkg']
[0.388s] Level 1:colcon.colcon_core.package_identification:_identify(src/svea_charging2/src/third_party/PythonRobotics/Mapping) by extension 'colcon_pkg'
[0.388s] Level 1:colcon.colcon_core.package_identification:_identify(src/svea_charging2/src/third_party/PythonRobotics/Mapping) by extensions ['colcon_meta']
[0.388s] Level 1:colcon.colcon_core.package_identification:_identify(src/svea_charging2/src/third_party/PythonRobotics/Mapping) by extension 'colcon_meta'
[0.388s] Level 1:colcon.colcon_core.package_identification:_identify(src/svea_charging2/src/third_party/PythonRobotics/Mapping) by extensions ['ros']
[0.388s] Level 1:colcon.colcon_core.package_identification:_identify(src/svea_charging2/src/third_party/PythonRobotics/Mapping) by extension 'ros'
[0.389s] Level 1:colcon.colcon_core.package_identification:_identify(src/svea_charging2/src/third_party/PythonRobotics/Mapping) by extensions ['cmake', 'python']
[0.389s] Level 1:colcon.colcon_core.package_identification:_identify(src/svea_charging2/src/third_party/PythonRobotics/Mapping) by extension 'cmake'
[0.389s] Level 1:colcon.colcon_core.package_identification:_identify(src/svea_charging2/src/third_party/PythonRobotics/Mapping) by extension 'python'
[0.389s] Level 1:colcon.colcon_core.package_identification:_identify(src/svea_charging2/src/third_party/PythonRobotics/Mapping) by extensions ['python_setup_py']
[0.389s] Level 1:colcon.colcon_core.package_identification:_identify(src/svea_charging2/src/third_party/PythonRobotics/Mapping) by extension 'python_setup_py'
[0.389s] Level 1:colcon.colcon_core.package_identification:_identify(src/svea_charging2/src/third_party/PythonRobotics/Mapping/DistanceMap) by extensions ['ignore', 'ignore_ament_install']
[0.389s] Level 1:colcon.colcon_core.package_identification:_identify(src/svea_charging2/src/third_party/PythonRobotics/Mapping/DistanceMap) by extension 'ignore'
[0.389s] Level 1:colcon.colcon_core.package_identification:_identify(src/svea_charging2/src/third_party/PythonRobotics/Mapping/DistanceMap) by extension 'ignore_ament_install'
[0.389s] Level 1:colcon.colcon_core.package_identification:_identify(src/svea_charging2/src/third_party/PythonRobotics/Mapping/DistanceMap) by extensions ['colcon_pkg']
[0.389s] Level 1:colcon.colcon_core.package_identification:_identify(src/svea_charging2/src/third_party/PythonRobotics/Mapping/DistanceMap) by extension 'colcon_pkg'
[0.389s] Level 1:colcon.colcon_core.package_identification:_identify(src/svea_charging2/src/third_party/PythonRobotics/Mapping/DistanceMap) by extensions ['colcon_meta']
[0.389s] Level 1:colcon.colcon_core.package_identification:_identify(src/svea_charging2/src/third_party/PythonRobotics/Mapping/DistanceMap) by extension 'colcon_meta'
[0.389s] Level 1:colcon.colcon_core.package_identification:_identify(src/svea_charging2/src/third_party/PythonRobotics/Mapping/DistanceMap) by extensions ['ros']
[0.389s] Level 1:colcon.colcon_core.package_identification:_identify(src/svea_charging2/src/third_party/PythonRobotics/Mapping/DistanceMap) by extension 'ros'
[0.390s] Level 1:colcon.colcon_core.package_identification:_identify(src/svea_charging2/src/third_party/PythonRobotics/Mapping/DistanceMap) by extensions ['cmake', 'python']
[0.390s] Level 1:colcon.colcon_core.package_identification:_identify(src/svea_charging2/src/third_party/PythonRobotics/Mapping/DistanceMap) by extension 'cmake'
[0.390s] Level 1:colcon.colcon_core.package_identification:_identify(src/svea_charging2/src/third_party/PythonRobotics/Mapping/DistanceMap) by extension 'python'
[0.390s] Level 1:colcon.colcon_core.package_identification:_identify(src/svea_charging2/src/third_party/PythonRobotics/Mapping/DistanceMap) by extensions ['python_setup_py']
[0.390s] Level 1:colcon.colcon_core.package_identification:_identify(src/svea_charging2/src/third_party/PythonRobotics/Mapping/DistanceMap) by extension 'python_setup_py'
[0.390s] Level 1:colcon.colcon_core.package_identification:_identify(src/svea_charging2/src/third_party/PythonRobotics/Mapping/circle_fitting) by extensions ['ignore', 'ignore_ament_install']
[0.390s] Level 1:colcon.colcon_core.package_identification:_identify(src/svea_charging2/src/third_party/PythonRobotics/Mapping/circle_fitting) by extension 'ignore'
[0.390s] Level 1:colcon.colcon_core.package_identification:_identify(src/svea_charging2/src/third_party/PythonRobotics/Mapping/circle_fitting) by extension 'ignore_ament_install'
[0.390s] Level 1:colcon.colcon_core.package_identification:_identify(src/svea_charging2/src/third_party/PythonRobotics/Mapping/circle_fitting) by extensions ['colcon_pkg']
[0.390s] Level 1:colcon.colcon_core.package_identification:_identify(src/svea_charging2/src/third_party/PythonRobotics/Mapping/circle_fitting) by extension 'colcon_pkg'
[0.390s] Level 1:colcon.colcon_core.package_identification:_identify(src/svea_charging2/src/third_party/PythonRobotics/Mapping/circle_fitting) by extensions ['colcon_meta']
[0.390s] Level 1:colcon.colcon_core.package_identification:_identify(src/svea_charging2/src/third_party/PythonRobotics/Mapping/circle_fitting) by extension 'colcon_meta'
[0.390s] Level 1:colcon.colcon_core.package_identification:_identify(src/svea_charging2/src/third_party/PythonRobotics/Mapping/circle_fitting) by extensions ['ros']
[0.390s] Level 1:colcon.colcon_core.package_identification:_identify(src/svea_charging2/src/third_party/PythonRobotics/Mapping/circle_fitting) by extension 'ros'
[0.391s] Level 1:colcon.colcon_core.package_identification:_identify(src/svea_charging2/src/third_party/PythonRobotics/Mapping/circle_fitting) by extensions ['cmake', 'python']
[0.391s] Level 1:colcon.colcon_core.package_identification:_identify(src/svea_charging2/src/third_party/PythonRobotics/Mapping/circle_fitting) by extension 'cmake'
[0.391s] Level 1:colcon.colcon_core.package_identification:_identify(src/svea_charging2/src/third_party/PythonRobotics/Mapping/circle_fitting) by extension 'python'
[0.391s] Level 1:colcon.colcon_core.package_identification:_identify(src/svea_charging2/src/third_party/PythonRobotics/Mapping/circle_fitting) by extensions ['python_setup_py']
[0.391s] Level 1:colcon.colcon_core.package_identification:_identify(src/svea_charging2/src/third_party/PythonRobotics/Mapping/circle_fitting) by extension 'python_setup_py'
[0.391s] Level 1:colcon.colcon_core.package_identification:_identify(src/svea_charging2/src/third_party/PythonRobotics/Mapping/gaussian_grid_map) by extensions ['ignore', 'ignore_ament_install']
[0.391s] Level 1:colcon.colcon_core.package_identification:_identify(src/svea_charging2/src/third_party/PythonRobotics/Mapping/gaussian_grid_map) by extension 'ignore'
[0.391s] Level 1:colcon.colcon_core.package_identification:_identify(src/svea_charging2/src/third_party/PythonRobotics/Mapping/gaussian_grid_map) by extension 'ignore_ament_install'
[0.391s] Level 1:colcon.colcon_core.package_identification:_identify(src/svea_charging2/src/third_party/PythonRobotics/Mapping/gaussian_grid_map) by extensions ['colcon_pkg']
[0.391s] Level 1:colcon.colcon_core.package_identification:_identify(src/svea_charging2/src/third_party/PythonRobotics/Mapping/gaussian_grid_map) by extension 'colcon_pkg'
[0.391s] Level 1:colcon.colcon_core.package_identification:_identify(src/svea_charging2/src/third_party/PythonRobotics/Mapping/gaussian_grid_map) by extensions ['colcon_meta']
[0.391s] Level 1:colcon.colcon_core.package_identification:_identify(src/svea_charging2/src/third_party/PythonRobotics/Mapping/gaussian_grid_map) by extension 'colcon_meta'
[0.391s] Level 1:colcon.colcon_core.package_identification:_identify(src/svea_charging2/src/third_party/PythonRobotics/Mapping/gaussian_grid_map) by extensions ['ros']
[0.392s] Level 1:colcon.colcon_core.package_identification:_identify(src/svea_charging2/src/third_party/PythonRobotics/Mapping/gaussian_grid_map) by extension 'ros'
[0.392s] Level 1:colcon.colcon_core.package_identification:_identify(src/svea_charging2/src/third_party/PythonRobotics/Mapping/gaussian_grid_map) by extensions ['cmake', 'python']
[0.392s] Level 1:colcon.colcon_core.package_identification:_identify(src/svea_charging2/src/third_party/PythonRobotics/Mapping/gaussian_grid_map) by extension 'cmake'
[0.392s] Level 1:colcon.colcon_core.package_identification:_identify(src/svea_charging2/src/third_party/PythonRobotics/Mapping/gaussian_grid_map) by extension 'python'
[0.392s] Level 1:colcon.colcon_core.package_identification:_identify(src/svea_charging2/src/third_party/PythonRobotics/Mapping/gaussian_grid_map) by extensions ['python_setup_py']
[0.392s] Level 1:colcon.colcon_core.package_identification:_identify(src/svea_charging2/src/third_party/PythonRobotics/Mapping/gaussian_grid_map) by extension 'python_setup_py'
[0.392s] Level 1:colcon.colcon_core.package_identification:_identify(src/svea_charging2/src/third_party/PythonRobotics/Mapping/grid_map_lib) by extensions ['ignore', 'ignore_ament_install']
[0.392s] Level 1:colcon.colcon_core.package_identification:_identify(src/svea_charging2/src/third_party/PythonRobotics/Mapping/grid_map_lib) by extension 'ignore'
[0.392s] Level 1:colcon.colcon_core.package_identification:_identify(src/svea_charging2/src/third_party/PythonRobotics/Mapping/grid_map_lib) by extension 'ignore_ament_install'
[0.392s] Level 1:colcon.colcon_core.package_identification:_identify(src/svea_charging2/src/third_party/PythonRobotics/Mapping/grid_map_lib) by extensions ['colcon_pkg']
[0.392s] Level 1:colcon.colcon_core.package_identification:_identify(src/svea_charging2/src/third_party/PythonRobotics/Mapping/grid_map_lib) by extension 'colcon_pkg'
[0.392s] Level 1:colcon.colcon_core.package_identification:_identify(src/svea_charging2/src/third_party/PythonRobotics/Mapping/grid_map_lib) by extensions ['colcon_meta']
[0.392s] Level 1:colcon.colcon_core.package_identification:_identify(src/svea_charging2/src/third_party/PythonRobotics/Mapping/grid_map_lib) by extension 'colcon_meta'
[0.392s] Level 1:colcon.colcon_core.package_identification:_identify(src/svea_charging2/src/third_party/PythonRobotics/Mapping/grid_map_lib) by extensions ['ros']
[0.393s] Level 1:colcon.colcon_core.package_identification:_identify(src/svea_charging2/src/third_party/PythonRobotics/Mapping/grid_map_lib) by extension 'ros'
[0.393s] Level 1:colcon.colcon_core.package_identification:_identify(src/svea_charging2/src/third_party/PythonRobotics/Mapping/grid_map_lib) by extensions ['cmake', 'python']
[0.393s] Level 1:colcon.colcon_core.package_identification:_identify(src/svea_charging2/src/third_party/PythonRobotics/Mapping/grid_map_lib) by extension 'cmake'
[0.393s] Level 1:colcon.colcon_core.package_identification:_identify(src/svea_charging2/src/third_party/PythonRobotics/Mapping/grid_map_lib) by extension 'python'
[0.393s] Level 1:colcon.colcon_core.package_identification:_identify(src/svea_charging2/src/third_party/PythonRobotics/Mapping/grid_map_lib) by extensions ['python_setup_py']
[0.393s] Level 1:colcon.colcon_core.package_identification:_identify(src/svea_charging2/src/third_party/PythonRobotics/Mapping/grid_map_lib) by extension 'python_setup_py'
[0.393s] Level 1:colcon.colcon_core.package_identification:_identify(src/svea_charging2/src/third_party/PythonRobotics/Mapping/kmeans_clustering) by extensions ['ignore', 'ignore_ament_install']
[0.393s] Level 1:colcon.colcon_core.package_identification:_identify(src/svea_charging2/src/third_party/PythonRobotics/Mapping/kmeans_clustering) by extension 'ignore'
[0.393s] Level 1:colcon.colcon_core.package_identification:_identify(src/svea_charging2/src/third_party/PythonRobotics/Mapping/kmeans_clustering) by extension 'ignore_ament_install'
[0.393s] Level 1:colcon.colcon_core.package_identification:_identify(src/svea_charging2/src/third_party/PythonRobotics/Mapping/kmeans_clustering) by extensions ['colcon_pkg']
[0.393s] Level 1:colcon.colcon_core.package_identification:_identify(src/svea_charging2/src/third_party/PythonRobotics/Mapping/kmeans_clustering) by extension 'colcon_pkg'
[0.393s] Level 1:colcon.colcon_core.package_identification:_identify(src/svea_charging2/src/third_party/PythonRobotics/Mapping/kmeans_clustering) by extensions ['colcon_meta']
[0.393s] Level 1:colcon.colcon_core.package_identification:_identify(src/svea_charging2/src/third_party/PythonRobotics/Mapping/kmeans_clustering) by extension 'colcon_meta'
[0.394s] Level 1:colcon.colcon_core.package_identification:_identify(src/svea_charging2/src/third_party/PythonRobotics/Mapping/kmeans_clustering) by extensions ['ros']
[0.394s] Level 1:colcon.colcon_core.package_identification:_identify(src/svea_charging2/src/third_party/PythonRobotics/Mapping/kmeans_clustering) by extension 'ros'
[0.394s] Level 1:colcon.colcon_core.package_identification:_identify(src/svea_charging2/src/third_party/PythonRobotics/Mapping/kmeans_clustering) by extensions ['cmake', 'python']
[0.394s] Level 1:colcon.colcon_core.package_identification:_identify(src/svea_charging2/src/third_party/PythonRobotics/Mapping/kmeans_clustering) by extension 'cmake'
[0.394s] Level 1:colcon.colcon_core.package_identification:_identify(src/svea_charging2/src/third_party/PythonRobotics/Mapping/kmeans_clustering) by extension 'python'
[0.394s] Level 1:colcon.colcon_core.package_identification:_identify(src/svea_charging2/src/third_party/PythonRobotics/Mapping/kmeans_clustering) by extensions ['python_setup_py']
[0.394s] Level 1:colcon.colcon_core.package_identification:_identify(src/svea_charging2/src/third_party/PythonRobotics/Mapping/kmeans_clustering) by extension 'python_setup_py'
[0.394s] Level 1:colcon.colcon_core.package_identification:_identify(src/svea_charging2/src/third_party/PythonRobotics/Mapping/lidar_to_grid_map) by extensions ['ignore', 'ignore_ament_install']
[0.394s] Level 1:colcon.colcon_core.package_identification:_identify(src/svea_charging2/src/third_party/PythonRobotics/Mapping/lidar_to_grid_map) by extension 'ignore'
[0.394s] Level 1:colcon.colcon_core.package_identification:_identify(src/svea_charging2/src/third_party/PythonRobotics/Mapping/lidar_to_grid_map) by extension 'ignore_ament_install'
[0.394s] Level 1:colcon.colcon_core.package_identification:_identify(src/svea_charging2/src/third_party/PythonRobotics/Mapping/lidar_to_grid_map) by extensions ['colcon_pkg']
[0.394s] Level 1:colcon.colcon_core.package_identification:_identify(src/svea_charging2/src/third_party/PythonRobotics/Mapping/lidar_to_grid_map) by extension 'colcon_pkg'
[0.394s] Level 1:colcon.colcon_core.package_identification:_identify(src/svea_charging2/src/third_party/PythonRobotics/Mapping/lidar_to_grid_map) by extensions ['colcon_meta']
[0.394s] Level 1:colcon.colcon_core.package_identification:_identify(src/svea_charging2/src/third_party/PythonRobotics/Mapping/lidar_to_grid_map) by extension 'colcon_meta'
[0.395s] Level 1:colcon.colcon_core.package_identification:_identify(src/svea_charging2/src/third_party/PythonRobotics/Mapping/lidar_to_grid_map) by extensions ['ros']
[0.395s] Level 1:colcon.colcon_core.package_identification:_identify(src/svea_charging2/src/third_party/PythonRobotics/Mapping/lidar_to_grid_map) by extension 'ros'
[0.395s] Level 1:colcon.colcon_core.package_identification:_identify(src/svea_charging2/src/third_party/PythonRobotics/Mapping/lidar_to_grid_map) by extensions ['cmake', 'python']
[0.395s] Level 1:colcon.colcon_core.package_identification:_identify(src/svea_charging2/src/third_party/PythonRobotics/Mapping/lidar_to_grid_map) by extension 'cmake'
[0.395s] Level 1:colcon.colcon_core.package_identification:_identify(src/svea_charging2/src/third_party/PythonRobotics/Mapping/lidar_to_grid_map) by extension 'python'
[0.395s] Level 1:colcon.colcon_core.package_identification:_identify(src/svea_charging2/src/third_party/PythonRobotics/Mapping/lidar_to_grid_map) by extensions ['python_setup_py']
[0.395s] Level 1:colcon.colcon_core.package_identification:_identify(src/svea_charging2/src/third_party/PythonRobotics/Mapping/lidar_to_grid_map) by extension 'python_setup_py'
[0.395s] Level 1:colcon.colcon_core.package_identification:_identify(src/svea_charging2/src/third_party/PythonRobotics/Mapping/ndt_map) by extensions ['ignore', 'ignore_ament_install']
[0.395s] Level 1:colcon.colcon_core.package_identification:_identify(src/svea_charging2/src/third_party/PythonRobotics/Mapping/ndt_map) by extension 'ignore'
[0.395s] Level 1:colcon.colcon_core.package_identification:_identify(src/svea_charging2/src/third_party/PythonRobotics/Mapping/ndt_map) by extension 'ignore_ament_install'
[0.395s] Level 1:colcon.colcon_core.package_identification:_identify(src/svea_charging2/src/third_party/PythonRobotics/Mapping/ndt_map) by extensions ['colcon_pkg']
[0.395s] Level 1:colcon.colcon_core.package_identification:_identify(src/svea_charging2/src/third_party/PythonRobotics/Mapping/ndt_map) by extension 'colcon_pkg'
[0.395s] Level 1:colcon.colcon_core.package_identification:_identify(src/svea_charging2/src/third_party/PythonRobotics/Mapping/ndt_map) by extensions ['colcon_meta']
[0.395s] Level 1:colcon.colcon_core.package_identification:_identify(src/svea_charging2/src/third_party/PythonRobotics/Mapping/ndt_map) by extension 'colcon_meta'
[0.396s] Level 1:colcon.colcon_core.package_identification:_identify(src/svea_charging2/src/third_party/PythonRobotics/Mapping/ndt_map) by extensions ['ros']
[0.396s] Level 1:colcon.colcon_core.package_identification:_identify(src/svea_charging2/src/third_party/PythonRobotics/Mapping/ndt_map) by extension 'ros'
[0.396s] Level 1:colcon.colcon_core.package_identification:_identify(src/svea_charging2/src/third_party/PythonRobotics/Mapping/ndt_map) by extensions ['cmake', 'python']
[0.396s] Level 1:colcon.colcon_core.package_identification:_identify(src/svea_charging2/src/third_party/PythonRobotics/Mapping/ndt_map) by extension 'cmake'
[0.396s] Level 1:colcon.colcon_core.package_identification:_identify(src/svea_charging2/src/third_party/PythonRobotics/Mapping/ndt_map) by extension 'python'
[0.396s] Level 1:colcon.colcon_core.package_identification:_identify(src/svea_charging2/src/third_party/PythonRobotics/Mapping/ndt_map) by extensions ['python_setup_py']
[0.396s] Level 1:colcon.colcon_core.package_identification:_identify(src/svea_charging2/src/third_party/PythonRobotics/Mapping/ndt_map) by extension 'python_setup_py'
[0.396s] Level 1:colcon.colcon_core.package_identification:_identify(src/svea_charging2/src/third_party/PythonRobotics/Mapping/normal_vector_estimation) by extensions ['ignore', 'ignore_ament_install']
[0.396s] Level 1:colcon.colcon_core.package_identification:_identify(src/svea_charging2/src/third_party/PythonRobotics/Mapping/normal_vector_estimation) by extension 'ignore'
[0.396s] Level 1:colcon.colcon_core.package_identification:_identify(src/svea_charging2/src/third_party/PythonRobotics/Mapping/normal_vector_estimation) by extension 'ignore_ament_install'
[0.396s] Level 1:colcon.colcon_core.package_identification:_identify(src/svea_charging2/src/third_party/PythonRobotics/Mapping/normal_vector_estimation) by extensions ['colcon_pkg']
[0.396s] Level 1:colcon.colcon_core.package_identification:_identify(src/svea_charging2/src/third_party/PythonRobotics/Mapping/normal_vector_estimation) by extension 'colcon_pkg'
[0.396s] Level 1:colcon.colcon_core.package_identification:_identify(src/svea_charging2/src/third_party/PythonRobotics/Mapping/normal_vector_estimation) by extensions ['colcon_meta']
[0.396s] Level 1:colcon.colcon_core.package_identification:_identify(src/svea_charging2/src/third_party/PythonRobotics/Mapping/normal_vector_estimation) by extension 'colcon_meta'
[0.397s] Level 1:colcon.colcon_core.package_identification:_identify(src/svea_charging2/src/third_party/PythonRobotics/Mapping/normal_vector_estimation) by extensions ['ros']
[0.397s] Level 1:colcon.colcon_core.package_identification:_identify(src/svea_charging2/src/third_party/PythonRobotics/Mapping/normal_vector_estimation) by extension 'ros'
[0.397s] Level 1:colcon.colcon_core.package_identification:_identify(src/svea_charging2/src/third_party/PythonRobotics/Mapping/normal_vector_estimation) by extensions ['cmake', 'python']
[0.397s] Level 1:colcon.colcon_core.package_identification:_identify(src/svea_charging2/src/third_party/PythonRobotics/Mapping/normal_vector_estimation) by extension 'cmake'
[0.397s] Level 1:colcon.colcon_core.package_identification:_identify(src/svea_charging2/src/third_party/PythonRobotics/Mapping/normal_vector_estimation) by extension 'python'
[0.397s] Level 1:colcon.colcon_core.package_identification:_identify(src/svea_charging2/src/third_party/PythonRobotics/Mapping/normal_vector_estimation) by extensions ['python_setup_py']
[0.397s] Level 1:colcon.colcon_core.package_identification:_identify(src/svea_charging2/src/third_party/PythonRobotics/Mapping/normal_vector_estimation) by extension 'python_setup_py'
[0.397s] Level 1:colcon.colcon_core.package_identification:_identify(src/svea_charging2/src/third_party/PythonRobotics/Mapping/point_cloud_sampling) by extensions ['ignore', 'ignore_ament_install']
[0.397s] Level 1:colcon.colcon_core.package_identification:_identify(src/svea_charging2/src/third_party/PythonRobotics/Mapping/point_cloud_sampling) by extension 'ignore'
[0.397s] Level 1:colcon.colcon_core.package_identification:_identify(src/svea_charging2/src/third_party/PythonRobotics/Mapping/point_cloud_sampling) by extension 'ignore_ament_install'
[0.397s] Level 1:colcon.colcon_core.package_identification:_identify(src/svea_charging2/src/third_party/PythonRobotics/Mapping/point_cloud_sampling) by extensions ['colcon_pkg']
[0.397s] Level 1:colcon.colcon_core.package_identification:_identify(src/svea_charging2/src/third_party/PythonRobotics/Mapping/point_cloud_sampling) by extension 'colcon_pkg'
[0.397s] Level 1:colcon.colcon_core.package_identification:_identify(src/svea_charging2/src/third_party/PythonRobotics/Mapping/point_cloud_sampling) by extensions ['colcon_meta']
[0.398s] Level 1:colcon.colcon_core.package_identification:_identify(src/svea_charging2/src/third_party/PythonRobotics/Mapping/point_cloud_sampling) by extension 'colcon_meta'
[0.398s] Level 1:colcon.colcon_core.package_identification:_identify(src/svea_charging2/src/third_party/PythonRobotics/Mapping/point_cloud_sampling) by extensions ['ros']
[0.398s] Level 1:colcon.colcon_core.package_identification:_identify(src/svea_charging2/src/third_party/PythonRobotics/Mapping/point_cloud_sampling) by extension 'ros'
[0.398s] Level 1:colcon.colcon_core.package_identification:_identify(src/svea_charging2/src/third_party/PythonRobotics/Mapping/point_cloud_sampling) by extensions ['cmake', 'python']
[0.398s] Level 1:colcon.colcon_core.package_identification:_identify(src/svea_charging2/src/third_party/PythonRobotics/Mapping/point_cloud_sampling) by extension 'cmake'
[0.398s] Level 1:colcon.colcon_core.package_identification:_identify(src/svea_charging2/src/third_party/PythonRobotics/Mapping/point_cloud_sampling) by extension 'python'
[0.398s] Level 1:colcon.colcon_core.package_identification:_identify(src/svea_charging2/src/third_party/PythonRobotics/Mapping/point_cloud_sampling) by extensions ['python_setup_py']
[0.398s] Level 1:colcon.colcon_core.package_identification:_identify(src/svea_charging2/src/third_party/PythonRobotics/Mapping/point_cloud_sampling) by extension 'python_setup_py'
[0.398s] Level 1:colcon.colcon_core.package_identification:_identify(src/svea_charging2/src/third_party/PythonRobotics/Mapping/ray_casting_grid_map) by extensions ['ignore', 'ignore_ament_install']
[0.398s] Level 1:colcon.colcon_core.package_identification:_identify(src/svea_charging2/src/third_party/PythonRobotics/Mapping/ray_casting_grid_map) by extension 'ignore'
[0.398s] Level 1:colcon.colcon_core.package_identification:_identify(src/svea_charging2/src/third_party/PythonRobotics/Mapping/ray_casting_grid_map) by extension 'ignore_ament_install'
[0.398s] Level 1:colcon.colcon_core.package_identification:_identify(src/svea_charging2/src/third_party/PythonRobotics/Mapping/ray_casting_grid_map) by extensions ['colcon_pkg']
[0.398s] Level 1:colcon.colcon_core.package_identification:_identify(src/svea_charging2/src/third_party/PythonRobotics/Mapping/ray_casting_grid_map) by extension 'colcon_pkg'
[0.399s] Level 1:colcon.colcon_core.package_identification:_identify(src/svea_charging2/src/third_party/PythonRobotics/Mapping/ray_casting_grid_map) by extensions ['colcon_meta']
[0.399s] Level 1:colcon.colcon_core.package_identification:_identify(src/svea_charging2/src/third_party/PythonRobotics/Mapping/ray_casting_grid_map) by extension 'colcon_meta'
[0.399s] Level 1:colcon.colcon_core.package_identification:_identify(src/svea_charging2/src/third_party/PythonRobotics/Mapping/ray_casting_grid_map) by extensions ['ros']
[0.399s] Level 1:colcon.colcon_core.package_identification:_identify(src/svea_charging2/src/third_party/PythonRobotics/Mapping/ray_casting_grid_map) by extension 'ros'
[0.399s] Level 1:colcon.colcon_core.package_identification:_identify(src/svea_charging2/src/third_party/PythonRobotics/Mapping/ray_casting_grid_map) by extensions ['cmake', 'python']
[0.399s] Level 1:colcon.colcon_core.package_identification:_identify(src/svea_charging2/src/third_party/PythonRobotics/Mapping/ray_casting_grid_map) by extension 'cmake'
[0.399s] Level 1:colcon.colcon_core.package_identification:_identify(src/svea_charging2/src/third_party/PythonRobotics/Mapping/ray_casting_grid_map) by extension 'python'
[0.399s] Level 1:colcon.colcon_core.package_identification:_identify(src/svea_charging2/src/third_party/PythonRobotics/Mapping/ray_casting_grid_map) by extensions ['python_setup_py']
[0.399s] Level 1:colcon.colcon_core.package_identification:_identify(src/svea_charging2/src/third_party/PythonRobotics/Mapping/ray_casting_grid_map) by extension 'python_setup_py'
[0.399s] Level 1:colcon.colcon_core.package_identification:_identify(src/svea_charging2/src/third_party/PythonRobotics/Mapping/rectangle_fitting) by extensions ['ignore', 'ignore_ament_install']
[0.399s] Level 1:colcon.colcon_core.package_identification:_identify(src/svea_charging2/src/third_party/PythonRobotics/Mapping/rectangle_fitting) by extension 'ignore'
[0.399s] Level 1:colcon.colcon_core.package_identification:_identify(src/svea_charging2/src/third_party/PythonRobotics/Mapping/rectangle_fitting) by extension 'ignore_ament_install'
[0.399s] Level 1:colcon.colcon_core.package_identification:_identify(src/svea_charging2/src/third_party/PythonRobotics/Mapping/rectangle_fitting) by extensions ['colcon_pkg']
[0.400s] Level 1:colcon.colcon_core.package_identification:_identify(src/svea_charging2/src/third_party/PythonRobotics/Mapping/rectangle_fitting) by extension 'colcon_pkg'
[0.400s] Level 1:colcon.colcon_core.package_identification:_identify(src/svea_charging2/src/third_party/PythonRobotics/Mapping/rectangle_fitting) by extensions ['colcon_meta']
[0.400s] Level 1:colcon.colcon_core.package_identification:_identify(src/svea_charging2/src/third_party/PythonRobotics/Mapping/rectangle_fitting) by extension 'colcon_meta'
[0.400s] Level 1:colcon.colcon_core.package_identification:_identify(src/svea_charging2/src/third_party/PythonRobotics/Mapping/rectangle_fitting) by extensions ['ros']
[0.400s] Level 1:colcon.colcon_core.package_identification:_identify(src/svea_charging2/src/third_party/PythonRobotics/Mapping/rectangle_fitting) by extension 'ros'
[0.400s] Level 1:colcon.colcon_core.package_identification:_identify(src/svea_charging2/src/third_party/PythonRobotics/Mapping/rectangle_fitting) by extensions ['cmake', 'python']
[0.400s] Level 1:colcon.colcon_core.package_identification:_identify(src/svea_charging2/src/third_party/PythonRobotics/Mapping/rectangle_fitting) by extension 'cmake'
[0.400s] Level 1:colcon.colcon_core.package_identification:_identify(src/svea_charging2/src/third_party/PythonRobotics/Mapping/rectangle_fitting) by extension 'python'
[0.400s] Level 1:colcon.colcon_core.package_identification:_identify(src/svea_charging2/src/third_party/PythonRobotics/Mapping/rectangle_fitting) by extensions ['python_setup_py']
[0.400s] Level 1:colcon.colcon_core.package_identification:_identify(src/svea_charging2/src/third_party/PythonRobotics/Mapping/rectangle_fitting) by extension 'python_setup_py'
[0.400s] Level 1:colcon.colcon_core.package_identification:_identify(src/svea_charging2/src/third_party/PythonRobotics/MissionPlanning) by extensions ['ignore', 'ignore_ament_install']
[0.400s] Level 1:colcon.colcon_core.package_identification:_identify(src/svea_charging2/src/third_party/PythonRobotics/MissionPlanning) by extension 'ignore'
[0.400s] Level 1:colcon.colcon_core.package_identification:_identify(src/svea_charging2/src/third_party/PythonRobotics/MissionPlanning) by extension 'ignore_ament_install'
[0.400s] Level 1:colcon.colcon_core.package_identification:_identify(src/svea_charging2/src/third_party/PythonRobotics/MissionPlanning) by extensions ['colcon_pkg']
[0.401s] Level 1:colcon.colcon_core.package_identification:_identify(src/svea_charging2/src/third_party/PythonRobotics/MissionPlanning) by extension 'colcon_pkg'
[0.401s] Level 1:colcon.colcon_core.package_identification:_identify(src/svea_charging2/src/third_party/PythonRobotics/MissionPlanning) by extensions ['colcon_meta']
[0.401s] Level 1:colcon.colcon_core.package_identification:_identify(src/svea_charging2/src/third_party/PythonRobotics/MissionPlanning) by extension 'colcon_meta'
[0.401s] Level 1:colcon.colcon_core.package_identification:_identify(src/svea_charging2/src/third_party/PythonRobotics/MissionPlanning) by extensions ['ros']
[0.401s] Level 1:colcon.colcon_core.package_identification:_identify(src/svea_charging2/src/third_party/PythonRobotics/MissionPlanning) by extension 'ros'
[0.401s] Level 1:colcon.colcon_core.package_identification:_identify(src/svea_charging2/src/third_party/PythonRobotics/MissionPlanning) by extensions ['cmake', 'python']
[0.401s] Level 1:colcon.colcon_core.package_identification:_identify(src/svea_charging2/src/third_party/PythonRobotics/MissionPlanning) by extension 'cmake'
[0.401s] Level 1:colcon.colcon_core.package_identification:_identify(src/svea_charging2/src/third_party/PythonRobotics/MissionPlanning) by extension 'python'
[0.401s] Level 1:colcon.colcon_core.package_identification:_identify(src/svea_charging2/src/third_party/PythonRobotics/MissionPlanning) by extensions ['python_setup_py']
[0.401s] Level 1:colcon.colcon_core.package_identification:_identify(src/svea_charging2/src/third_party/PythonRobotics/MissionPlanning) by extension 'python_setup_py'
[0.401s] Level 1:colcon.colcon_core.package_identification:_identify(src/svea_charging2/src/third_party/PythonRobotics/MissionPlanning/BehaviorTree) by extensions ['ignore', 'ignore_ament_install']
[0.401s] Level 1:colcon.colcon_core.package_identification:_identify(src/svea_charging2/src/third_party/PythonRobotics/MissionPlanning/BehaviorTree) by extension 'ignore'
[0.401s] Level 1:colcon.colcon_core.package_identification:_identify(src/svea_charging2/src/third_party/PythonRobotics/MissionPlanning/BehaviorTree) by extension 'ignore_ament_install'
[0.401s] Level 1:colcon.colcon_core.package_identification:_identify(src/svea_charging2/src/third_party/PythonRobotics/MissionPlanning/BehaviorTree) by extensions ['colcon_pkg']
[0.402s] Level 1:colcon.colcon_core.package_identification:_identify(src/svea_charging2/src/third_party/PythonRobotics/MissionPlanning/BehaviorTree) by extension 'colcon_pkg'
[0.402s] Level 1:colcon.colcon_core.package_identification:_identify(src/svea_charging2/src/third_party/PythonRobotics/MissionPlanning/BehaviorTree) by extensions ['colcon_meta']
[0.402s] Level 1:colcon.colcon_core.package_identification:_identify(src/svea_charging2/src/third_party/PythonRobotics/MissionPlanning/BehaviorTree) by extension 'colcon_meta'
[0.402s] Level 1:colcon.colcon_core.package_identification:_identify(src/svea_charging2/src/third_party/PythonRobotics/MissionPlanning/BehaviorTree) by extensions ['ros']
[0.402s] Level 1:colcon.colcon_core.package_identification:_identify(src/svea_charging2/src/third_party/PythonRobotics/MissionPlanning/BehaviorTree) by extension 'ros'
[0.402s] Level 1:colcon.colcon_core.package_identification:_identify(src/svea_charging2/src/third_party/PythonRobotics/MissionPlanning/BehaviorTree) by extensions ['cmake', 'python']
[0.402s] Level 1:colcon.colcon_core.package_identification:_identify(src/svea_charging2/src/third_party/PythonRobotics/MissionPlanning/BehaviorTree) by extension 'cmake'
[0.402s] Level 1:colcon.colcon_core.package_identification:_identify(src/svea_charging2/src/third_party/PythonRobotics/MissionPlanning/BehaviorTree) by extension 'python'
[0.402s] Level 1:colcon.colcon_core.package_identification:_identify(src/svea_charging2/src/third_party/PythonRobotics/MissionPlanning/BehaviorTree) by extensions ['python_setup_py']
[0.402s] Level 1:colcon.colcon_core.package_identification:_identify(src/svea_charging2/src/third_party/PythonRobotics/MissionPlanning/BehaviorTree) by extension 'python_setup_py'
[0.402s] Level 1:colcon.colcon_core.package_identification:_identify(src/svea_charging2/src/third_party/PythonRobotics/MissionPlanning/StateMachine) by extensions ['ignore', 'ignore_ament_install']
[0.402s] Level 1:colcon.colcon_core.package_identification:_identify(src/svea_charging2/src/third_party/PythonRobotics/MissionPlanning/StateMachine) by extension 'ignore'
[0.402s] Level 1:colcon.colcon_core.package_identification:_identify(src/svea_charging2/src/third_party/PythonRobotics/MissionPlanning/StateMachine) by extension 'ignore_ament_install'
[0.403s] Level 1:colcon.colcon_core.package_identification:_identify(src/svea_charging2/src/third_party/PythonRobotics/MissionPlanning/StateMachine) by extensions ['colcon_pkg']
[0.403s] Level 1:colcon.colcon_core.package_identification:_identify(src/svea_charging2/src/third_party/PythonRobotics/MissionPlanning/StateMachine) by extension 'colcon_pkg'
[0.403s] Level 1:colcon.colcon_core.package_identification:_identify(src/svea_charging2/src/third_party/PythonRobotics/MissionPlanning/StateMachine) by extensions ['colcon_meta']
[0.403s] Level 1:colcon.colcon_core.package_identification:_identify(src/svea_charging2/src/third_party/PythonRobotics/MissionPlanning/StateMachine) by extension 'colcon_meta'
[0.403s] Level 1:colcon.colcon_core.package_identification:_identify(src/svea_charging2/src/third_party/PythonRobotics/MissionPlanning/StateMachine) by extensions ['ros']
[0.403s] Level 1:colcon.colcon_core.package_identification:_identify(src/svea_charging2/src/third_party/PythonRobotics/MissionPlanning/StateMachine) by extension 'ros'
[0.403s] Level 1:colcon.colcon_core.package_identification:_identify(src/svea_charging2/src/third_party/PythonRobotics/MissionPlanning/StateMachine) by extensions ['cmake', 'python']
[0.403s] Level 1:colcon.colcon_core.package_identification:_identify(src/svea_charging2/src/third_party/PythonRobotics/MissionPlanning/StateMachine) by extension 'cmake'
[0.403s] Level 1:colcon.colcon_core.package_identification:_identify(src/svea_charging2/src/third_party/PythonRobotics/MissionPlanning/StateMachine) by extension 'python'
[0.403s] Level 1:colcon.colcon_core.package_identification:_identify(src/svea_charging2/src/third_party/PythonRobotics/MissionPlanning/StateMachine) by extensions ['python_setup_py']
[0.403s] Level 1:colcon.colcon_core.package_identification:_identify(src/svea_charging2/src/third_party/PythonRobotics/MissionPlanning/StateMachine) by extension 'python_setup_py'
[0.403s] Level 1:colcon.colcon_core.package_identification:_identify(src/svea_charging2/src/third_party/PythonRobotics/PathPlanning) by extensions ['ignore', 'ignore_ament_install']
[0.403s] Level 1:colcon.colcon_core.package_identification:_identify(src/svea_charging2/src/third_party/PythonRobotics/PathPlanning) by extension 'ignore'
[0.404s] Level 1:colcon.colcon_core.package_identification:_identify(src/svea_charging2/src/third_party/PythonRobotics/PathPlanning) by extension 'ignore_ament_install'
[0.404s] Level 1:colcon.colcon_core.package_identification:_identify(src/svea_charging2/src/third_party/PythonRobotics/PathPlanning) by extensions ['colcon_pkg']
[0.404s] Level 1:colcon.colcon_core.package_identification:_identify(src/svea_charging2/src/third_party/PythonRobotics/PathPlanning) by extension 'colcon_pkg'
[0.404s] Level 1:colcon.colcon_core.package_identification:_identify(src/svea_charging2/src/third_party/PythonRobotics/PathPlanning) by extensions ['colcon_meta']
[0.404s] Level 1:colcon.colcon_core.package_identification:_identify(src/svea_charging2/src/third_party/PythonRobotics/PathPlanning) by extension 'colcon_meta'
[0.404s] Level 1:colcon.colcon_core.package_identification:_identify(src/svea_charging2/src/third_party/PythonRobotics/PathPlanning) by extensions ['ros']
[0.404s] Level 1:colcon.colcon_core.package_identification:_identify(src/svea_charging2/src/third_party/PythonRobotics/PathPlanning) by extension 'ros'
[0.404s] Level 1:colcon.colcon_core.package_identification:_identify(src/svea_charging2/src/third_party/PythonRobotics/PathPlanning) by extensions ['cmake', 'python']
[0.404s] Level 1:colcon.colcon_core.package_identification:_identify(src/svea_charging2/src/third_party/PythonRobotics/PathPlanning) by extension 'cmake'
[0.404s] Level 1:colcon.colcon_core.package_identification:_identify(src/svea_charging2/src/third_party/PythonRobotics/PathPlanning) by extension 'python'
[0.404s] Level 1:colcon.colcon_core.package_identification:_identify(src/svea_charging2/src/third_party/PythonRobotics/PathPlanning) by extensions ['python_setup_py']
[0.404s] Level 1:colcon.colcon_core.package_identification:_identify(src/svea_charging2/src/third_party/PythonRobotics/PathPlanning) by extension 'python_setup_py'
[0.405s] Level 1:colcon.colcon_core.package_identification:_identify(src/svea_charging2/src/third_party/PythonRobotics/PathPlanning/AStar) by extensions ['ignore', 'ignore_ament_install']
[0.405s] Level 1:colcon.colcon_core.package_identification:_identify(src/svea_charging2/src/third_party/PythonRobotics/PathPlanning/AStar) by extension 'ignore'
[0.405s] Level 1:colcon.colcon_core.package_identification:_identify(src/svea_charging2/src/third_party/PythonRobotics/PathPlanning/AStar) by extension 'ignore_ament_install'
[0.405s] Level 1:colcon.colcon_core.package_identification:_identify(src/svea_charging2/src/third_party/PythonRobotics/PathPlanning/AStar) by extensions ['colcon_pkg']
[0.405s] Level 1:colcon.colcon_core.package_identification:_identify(src/svea_charging2/src/third_party/PythonRobotics/PathPlanning/AStar) by extension 'colcon_pkg'
[0.405s] Level 1:colcon.colcon_core.package_identification:_identify(src/svea_charging2/src/third_party/PythonRobotics/PathPlanning/AStar) by extensions ['colcon_meta']
[0.405s] Level 1:colcon.colcon_core.package_identification:_identify(src/svea_charging2/src/third_party/PythonRobotics/PathPlanning/AStar) by extension 'colcon_meta'
[0.405s] Level 1:colcon.colcon_core.package_identification:_identify(src/svea_charging2/src/third_party/PythonRobotics/PathPlanning/AStar) by extensions ['ros']
[0.405s] Level 1:colcon.colcon_core.package_identification:_identify(src/svea_charging2/src/third_party/PythonRobotics/PathPlanning/AStar) by extension 'ros'
[0.405s] Level 1:colcon.colcon_core.package_identification:_identify(src/svea_charging2/src/third_party/PythonRobotics/PathPlanning/AStar) by extensions ['cmake', 'python']
[0.405s] Level 1:colcon.colcon_core.package_identification:_identify(src/svea_charging2/src/third_party/PythonRobotics/PathPlanning/AStar) by extension 'cmake'
[0.405s] Level 1:colcon.colcon_core.package_identification:_identify(src/svea_charging2/src/third_party/PythonRobotics/PathPlanning/AStar) by extension 'python'
[0.405s] Level 1:colcon.colcon_core.package_identification:_identify(src/svea_charging2/src/third_party/PythonRobotics/PathPlanning/AStar) by extensions ['python_setup_py']
[0.405s] Level 1:colcon.colcon_core.package_identification:_identify(src/svea_charging2/src/third_party/PythonRobotics/PathPlanning/AStar) by extension 'python_setup_py'
[0.406s] Level 1:colcon.colcon_core.package_identification:_identify(src/svea_charging2/src/third_party/PythonRobotics/PathPlanning/BSplinePath) by extensions ['ignore', 'ignore_ament_install']
[0.406s] Level 1:colcon.colcon_core.package_identification:_identify(src/svea_charging2/src/third_party/PythonRobotics/PathPlanning/BSplinePath) by extension 'ignore'
[0.406s] Level 1:colcon.colcon_core.package_identification:_identify(src/svea_charging2/src/third_party/PythonRobotics/PathPlanning/BSplinePath) by extension 'ignore_ament_install'
[0.406s] Level 1:colcon.colcon_core.package_identification:_identify(src/svea_charging2/src/third_party/PythonRobotics/PathPlanning/BSplinePath) by extensions ['colcon_pkg']
[0.406s] Level 1:colcon.colcon_core.package_identification:_identify(src/svea_charging2/src/third_party/PythonRobotics/PathPlanning/BSplinePath) by extension 'colcon_pkg'
[0.406s] Level 1:colcon.colcon_core.package_identification:_identify(src/svea_charging2/src/third_party/PythonRobotics/PathPlanning/BSplinePath) by extensions ['colcon_meta']
[0.406s] Level 1:colcon.colcon_core.package_identification:_identify(src/svea_charging2/src/third_party/PythonRobotics/PathPlanning/BSplinePath) by extension 'colcon_meta'
[0.406s] Level 1:colcon.colcon_core.package_identification:_identify(src/svea_charging2/src/third_party/PythonRobotics/PathPlanning/BSplinePath) by extensions ['ros']
[0.406s] Level 1:colcon.colcon_core.package_identification:_identify(src/svea_charging2/src/third_party/PythonRobotics/PathPlanning/BSplinePath) by extension 'ros'
[0.406s] Level 1:colcon.colcon_core.package_identification:_identify(src/svea_charging2/src/third_party/PythonRobotics/PathPlanning/BSplinePath) by extensions ['cmake', 'python']
[0.406s] Level 1:colcon.colcon_core.package_identification:_identify(src/svea_charging2/src/third_party/PythonRobotics/PathPlanning/BSplinePath) by extension 'cmake'
[0.406s] Level 1:colcon.colcon_core.package_identification:_identify(src/svea_charging2/src/third_party/PythonRobotics/PathPlanning/BSplinePath) by extension 'python'
[0.406s] Level 1:colcon.colcon_core.package_identification:_identify(src/svea_charging2/src/third_party/PythonRobotics/PathPlanning/BSplinePath) by extensions ['python_setup_py']
[0.406s] Level 1:colcon.colcon_core.package_identification:_identify(src/svea_charging2/src/third_party/PythonRobotics/PathPlanning/BSplinePath) by extension 'python_setup_py'
[0.407s] Level 1:colcon.colcon_core.package_identification:_identify(src/svea_charging2/src/third_party/PythonRobotics/PathPlanning/BatchInformedRRTStar) by extensions ['ignore', 'ignore_ament_install']
[0.407s] Level 1:colcon.colcon_core.package_identification:_identify(src/svea_charging2/src/third_party/PythonRobotics/PathPlanning/BatchInformedRRTStar) by extension 'ignore'
[0.407s] Level 1:colcon.colcon_core.package_identification:_identify(src/svea_charging2/src/third_party/PythonRobotics/PathPlanning/BatchInformedRRTStar) by extension 'ignore_ament_install'
[0.407s] Level 1:colcon.colcon_core.package_identification:_identify(src/svea_charging2/src/third_party/PythonRobotics/PathPlanning/BatchInformedRRTStar) by extensions ['colcon_pkg']
[0.407s] Level 1:colcon.colcon_core.package_identification:_identify(src/svea_charging2/src/third_party/PythonRobotics/PathPlanning/BatchInformedRRTStar) by extension 'colcon_pkg'
[0.407s] Level 1:colcon.colcon_core.package_identification:_identify(src/svea_charging2/src/third_party/PythonRobotics/PathPlanning/BatchInformedRRTStar) by extensions ['colcon_meta']
[0.407s] Level 1:colcon.colcon_core.package_identification:_identify(src/svea_charging2/src/third_party/PythonRobotics/PathPlanning/BatchInformedRRTStar) by extension 'colcon_meta'
[0.407s] Level 1:colcon.colcon_core.package_identification:_identify(src/svea_charging2/src/third_party/PythonRobotics/PathPlanning/BatchInformedRRTStar) by extensions ['ros']
[0.407s] Level 1:colcon.colcon_core.package_identification:_identify(src/svea_charging2/src/third_party/PythonRobotics/PathPlanning/BatchInformedRRTStar) by extension 'ros'
[0.407s] Level 1:colcon.colcon_core.package_identification:_identify(src/svea_charging2/src/third_party/PythonRobotics/PathPlanning/BatchInformedRRTStar) by extensions ['cmake', 'python']
[0.407s] Level 1:colcon.colcon_core.package_identification:_identify(src/svea_charging2/src/third_party/PythonRobotics/PathPlanning/BatchInformedRRTStar) by extension 'cmake'
[0.407s] Level 1:colcon.colcon_core.package_identification:_identify(src/svea_charging2/src/third_party/PythonRobotics/PathPlanning/BatchInformedRRTStar) by extension 'python'
[0.407s] Level 1:colcon.colcon_core.package_identification:_identify(src/svea_charging2/src/third_party/PythonRobotics/PathPlanning/BatchInformedRRTStar) by extensions ['python_setup_py']
[0.407s] Level 1:colcon.colcon_core.package_identification:_identify(src/svea_charging2/src/third_party/PythonRobotics/PathPlanning/BatchInformedRRTStar) by extension 'python_setup_py'
[0.408s] Level 1:colcon.colcon_core.package_identification:_identify(src/svea_charging2/src/third_party/PythonRobotics/PathPlanning/BezierPath) by extensions ['ignore', 'ignore_ament_install']
[0.408s] Level 1:colcon.colcon_core.package_identification:_identify(src/svea_charging2/src/third_party/PythonRobotics/PathPlanning/BezierPath) by extension 'ignore'
[0.408s] Level 1:colcon.colcon_core.package_identification:_identify(src/svea_charging2/src/third_party/PythonRobotics/PathPlanning/BezierPath) by extension 'ignore_ament_install'
[0.408s] Level 1:colcon.colcon_core.package_identification:_identify(src/svea_charging2/src/third_party/PythonRobotics/PathPlanning/BezierPath) by extensions ['colcon_pkg']
[0.408s] Level 1:colcon.colcon_core.package_identification:_identify(src/svea_charging2/src/third_party/PythonRobotics/PathPlanning/BezierPath) by extension 'colcon_pkg'
[0.408s] Level 1:colcon.colcon_core.package_identification:_identify(src/svea_charging2/src/third_party/PythonRobotics/PathPlanning/BezierPath) by extensions ['colcon_meta']
[0.408s] Level 1:colcon.colcon_core.package_identification:_identify(src/svea_charging2/src/third_party/PythonRobotics/PathPlanning/BezierPath) by extension 'colcon_meta'
[0.408s] Level 1:colcon.colcon_core.package_identification:_identify(src/svea_charging2/src/third_party/PythonRobotics/PathPlanning/BezierPath) by extensions ['ros']
[0.408s] Level 1:colcon.colcon_core.package_identification:_identify(src/svea_charging2/src/third_party/PythonRobotics/PathPlanning/BezierPath) by extension 'ros'
[0.408s] Level 1:colcon.colcon_core.package_identification:_identify(src/svea_charging2/src/third_party/PythonRobotics/PathPlanning/BezierPath) by extensions ['cmake', 'python']
[0.408s] Level 1:colcon.colcon_core.package_identification:_identify(src/svea_charging2/src/third_party/PythonRobotics/PathPlanning/BezierPath) by extension 'cmake'
[0.408s] Level 1:colcon.colcon_core.package_identification:_identify(src/svea_charging2/src/third_party/PythonRobotics/PathPlanning/BezierPath) by extension 'python'
[0.408s] Level 1:colcon.colcon_core.package_identification:_identify(src/svea_charging2/src/third_party/PythonRobotics/PathPlanning/BezierPath) by extensions ['python_setup_py']
[0.408s] Level 1:colcon.colcon_core.package_identification:_identify(src/svea_charging2/src/third_party/PythonRobotics/PathPlanning/BezierPath) by extension 'python_setup_py'
[0.409s] Level 1:colcon.colcon_core.package_identification:_identify(src/svea_charging2/src/third_party/PythonRobotics/PathPlanning/BidirectionalAStar) by extensions ['ignore', 'ignore_ament_install']
[0.409s] Level 1:colcon.colcon_core.package_identification:_identify(src/svea_charging2/src/third_party/PythonRobotics/PathPlanning/BidirectionalAStar) by extension 'ignore'
[0.409s] Level 1:colcon.colcon_core.package_identification:_identify(src/svea_charging2/src/third_party/PythonRobotics/PathPlanning/BidirectionalAStar) by extension 'ignore_ament_install'
[0.409s] Level 1:colcon.colcon_core.package_identification:_identify(src/svea_charging2/src/third_party/PythonRobotics/PathPlanning/BidirectionalAStar) by extensions ['colcon_pkg']
[0.409s] Level 1:colcon.colcon_core.package_identification:_identify(src/svea_charging2/src/third_party/PythonRobotics/PathPlanning/BidirectionalAStar) by extension 'colcon_pkg'
[0.409s] Level 1:colcon.colcon_core.package_identification:_identify(src/svea_charging2/src/third_party/PythonRobotics/PathPlanning/BidirectionalAStar) by extensions ['colcon_meta']
[0.409s] Level 1:colcon.colcon_core.package_identification:_identify(src/svea_charging2/src/third_party/PythonRobotics/PathPlanning/BidirectionalAStar) by extension 'colcon_meta'
[0.409s] Level 1:colcon.colcon_core.package_identification:_identify(src/svea_charging2/src/third_party/PythonRobotics/PathPlanning/BidirectionalAStar) by extensions ['ros']
[0.409s] Level 1:colcon.colcon_core.package_identification:_identify(src/svea_charging2/src/third_party/PythonRobotics/PathPlanning/BidirectionalAStar) by extension 'ros'
[0.409s] Level 1:colcon.colcon_core.package_identification:_identify(src/svea_charging2/src/third_party/PythonRobotics/PathPlanning/BidirectionalAStar) by extensions ['cmake', 'python']
[0.409s] Level 1:colcon.colcon_core.package_identification:_identify(src/svea_charging2/src/third_party/PythonRobotics/PathPlanning/BidirectionalAStar) by extension 'cmake'
[0.409s] Level 1:colcon.colcon_core.package_identification:_identify(src/svea_charging2/src/third_party/PythonRobotics/PathPlanning/BidirectionalAStar) by extension 'python'
[0.409s] Level 1:colcon.colcon_core.package_identification:_identify(src/svea_charging2/src/third_party/PythonRobotics/PathPlanning/BidirectionalAStar) by extensions ['python_setup_py']
[0.409s] Level 1:colcon.colcon_core.package_identification:_identify(src/svea_charging2/src/third_party/PythonRobotics/PathPlanning/BidirectionalAStar) by extension 'python_setup_py'
[0.410s] Level 1:colcon.colcon_core.package_identification:_identify(src/svea_charging2/src/third_party/PythonRobotics/PathPlanning/BidirectionalBreadthFirstSearch) by extensions ['ignore', 'ignore_ament_install']
[0.410s] Level 1:colcon.colcon_core.package_identification:_identify(src/svea_charging2/src/third_party/PythonRobotics/PathPlanning/BidirectionalBreadthFirstSearch) by extension 'ignore'
[0.410s] Level 1:colcon.colcon_core.package_identification:_identify(src/svea_charging2/src/third_party/PythonRobotics/PathPlanning/BidirectionalBreadthFirstSearch) by extension 'ignore_ament_install'
[0.410s] Level 1:colcon.colcon_core.package_identification:_identify(src/svea_charging2/src/third_party/PythonRobotics/PathPlanning/BidirectionalBreadthFirstSearch) by extensions ['colcon_pkg']
[0.410s] Level 1:colcon.colcon_core.package_identification:_identify(src/svea_charging2/src/third_party/PythonRobotics/PathPlanning/BidirectionalBreadthFirstSearch) by extension 'colcon_pkg'
[0.410s] Level 1:colcon.colcon_core.package_identification:_identify(src/svea_charging2/src/third_party/PythonRobotics/PathPlanning/BidirectionalBreadthFirstSearch) by extensions ['colcon_meta']
[0.410s] Level 1:colcon.colcon_core.package_identification:_identify(src/svea_charging2/src/third_party/PythonRobotics/PathPlanning/BidirectionalBreadthFirstSearch) by extension 'colcon_meta'
[0.410s] Level 1:colcon.colcon_core.package_identification:_identify(src/svea_charging2/src/third_party/PythonRobotics/PathPlanning/BidirectionalBreadthFirstSearch) by extensions ['ros']
[0.410s] Level 1:colcon.colcon_core.package_identification:_identify(src/svea_charging2/src/third_party/PythonRobotics/PathPlanning/BidirectionalBreadthFirstSearch) by extension 'ros'
[0.410s] Level 1:colcon.colcon_core.package_identification:_identify(src/svea_charging2/src/third_party/PythonRobotics/PathPlanning/BidirectionalBreadthFirstSearch) by extensions ['cmake', 'python']
[0.410s] Level 1:colcon.colcon_core.package_identification:_identify(src/svea_charging2/src/third_party/PythonRobotics/PathPlanning/BidirectionalBreadthFirstSearch) by extension 'cmake'
[0.410s] Level 1:colcon.colcon_core.package_identification:_identify(src/svea_charging2/src/third_party/PythonRobotics/PathPlanning/BidirectionalBreadthFirstSearch) by extension 'python'
[0.410s] Level 1:colcon.colcon_core.package_identification:_identify(src/svea_charging2/src/third_party/PythonRobotics/PathPlanning/BidirectionalBreadthFirstSearch) by extensions ['python_setup_py']
[0.410s] Level 1:colcon.colcon_core.package_identification:_identify(src/svea_charging2/src/third_party/PythonRobotics/PathPlanning/BidirectionalBreadthFirstSearch) by extension 'python_setup_py'
[0.411s] Level 1:colcon.colcon_core.package_identification:_identify(src/svea_charging2/src/third_party/PythonRobotics/PathPlanning/BreadthFirstSearch) by extensions ['ignore', 'ignore_ament_install']
[0.411s] Level 1:colcon.colcon_core.package_identification:_identify(src/svea_charging2/src/third_party/PythonRobotics/PathPlanning/BreadthFirstSearch) by extension 'ignore'
[0.411s] Level 1:colcon.colcon_core.package_identification:_identify(src/svea_charging2/src/third_party/PythonRobotics/PathPlanning/BreadthFirstSearch) by extension 'ignore_ament_install'
[0.411s] Level 1:colcon.colcon_core.package_identification:_identify(src/svea_charging2/src/third_party/PythonRobotics/PathPlanning/BreadthFirstSearch) by extensions ['colcon_pkg']
[0.411s] Level 1:colcon.colcon_core.package_identification:_identify(src/svea_charging2/src/third_party/PythonRobotics/PathPlanning/BreadthFirstSearch) by extension 'colcon_pkg'
[0.411s] Level 1:colcon.colcon_core.package_identification:_identify(src/svea_charging2/src/third_party/PythonRobotics/PathPlanning/BreadthFirstSearch) by extensions ['colcon_meta']
[0.411s] Level 1:colcon.colcon_core.package_identification:_identify(src/svea_charging2/src/third_party/PythonRobotics/PathPlanning/BreadthFirstSearch) by extension 'colcon_meta'
[0.411s] Level 1:colcon.colcon_core.package_identification:_identify(src/svea_charging2/src/third_party/PythonRobotics/PathPlanning/BreadthFirstSearch) by extensions ['ros']
[0.411s] Level 1:colcon.colcon_core.package_identification:_identify(src/svea_charging2/src/third_party/PythonRobotics/PathPlanning/BreadthFirstSearch) by extension 'ros'
[0.411s] Level 1:colcon.colcon_core.package_identification:_identify(src/svea_charging2/src/third_party/PythonRobotics/PathPlanning/BreadthFirstSearch) by extensions ['cmake', 'python']
[0.411s] Level 1:colcon.colcon_core.package_identification:_identify(src/svea_charging2/src/third_party/PythonRobotics/PathPlanning/BreadthFirstSearch) by extension 'cmake'
[0.411s] Level 1:colcon.colcon_core.package_identification:_identify(src/svea_charging2/src/third_party/PythonRobotics/PathPlanning/BreadthFirstSearch) by extension 'python'
[0.411s] Level 1:colcon.colcon_core.package_identification:_identify(src/svea_charging2/src/third_party/PythonRobotics/PathPlanning/BreadthFirstSearch) by extensions ['python_setup_py']
[0.411s] Level 1:colcon.colcon_core.package_identification:_identify(src/svea_charging2/src/third_party/PythonRobotics/PathPlanning/BreadthFirstSearch) by extension 'python_setup_py'
[0.412s] Level 1:colcon.colcon_core.package_identification:_identify(src/svea_charging2/src/third_party/PythonRobotics/PathPlanning/BugPlanning) by extensions ['ignore', 'ignore_ament_install']
[0.412s] Level 1:colcon.colcon_core.package_identification:_identify(src/svea_charging2/src/third_party/PythonRobotics/PathPlanning/BugPlanning) by extension 'ignore'
[0.412s] Level 1:colcon.colcon_core.package_identification:_identify(src/svea_charging2/src/third_party/PythonRobotics/PathPlanning/BugPlanning) by extension 'ignore_ament_install'
[0.412s] Level 1:colcon.colcon_core.package_identification:_identify(src/svea_charging2/src/third_party/PythonRobotics/PathPlanning/BugPlanning) by extensions ['colcon_pkg']
[0.412s] Level 1:colcon.colcon_core.package_identification:_identify(src/svea_charging2/src/third_party/PythonRobotics/PathPlanning/BugPlanning) by extension 'colcon_pkg'
[0.412s] Level 1:colcon.colcon_core.package_identification:_identify(src/svea_charging2/src/third_party/PythonRobotics/PathPlanning/BugPlanning) by extensions ['colcon_meta']
[0.412s] Level 1:colcon.colcon_core.package_identification:_identify(src/svea_charging2/src/third_party/PythonRobotics/PathPlanning/BugPlanning) by extension 'colcon_meta'
[0.412s] Level 1:colcon.colcon_core.package_identification:_identify(src/svea_charging2/src/third_party/PythonRobotics/PathPlanning/BugPlanning) by extensions ['ros']
[0.412s] Level 1:colcon.colcon_core.package_identification:_identify(src/svea_charging2/src/third_party/PythonRobotics/PathPlanning/BugPlanning) by extension 'ros'
[0.412s] Level 1:colcon.colcon_core.package_identification:_identify(src/svea_charging2/src/third_party/PythonRobotics/PathPlanning/BugPlanning) by extensions ['cmake', 'python']
[0.412s] Level 1:colcon.colcon_core.package_identification:_identify(src/svea_charging2/src/third_party/PythonRobotics/PathPlanning/BugPlanning) by extension 'cmake'
[0.412s] Level 1:colcon.colcon_core.package_identification:_identify(src/svea_charging2/src/third_party/PythonRobotics/PathPlanning/BugPlanning) by extension 'python'
[0.412s] Level 1:colcon.colcon_core.package_identification:_identify(src/svea_charging2/src/third_party/PythonRobotics/PathPlanning/BugPlanning) by extensions ['python_setup_py']
[0.412s] Level 1:colcon.colcon_core.package_identification:_identify(src/svea_charging2/src/third_party/PythonRobotics/PathPlanning/BugPlanning) by extension 'python_setup_py'
[0.413s] Level 1:colcon.colcon_core.package_identification:_identify(src/svea_charging2/src/third_party/PythonRobotics/PathPlanning/Catmull_RomSplinePath) by extensions ['ignore', 'ignore_ament_install']
[0.413s] Level 1:colcon.colcon_core.package_identification:_identify(src/svea_charging2/src/third_party/PythonRobotics/PathPlanning/Catmull_RomSplinePath) by extension 'ignore'
[0.413s] Level 1:colcon.colcon_core.package_identification:_identify(src/svea_charging2/src/third_party/PythonRobotics/PathPlanning/Catmull_RomSplinePath) by extension 'ignore_ament_install'
[0.413s] Level 1:colcon.colcon_core.package_identification:_identify(src/svea_charging2/src/third_party/PythonRobotics/PathPlanning/Catmull_RomSplinePath) by extensions ['colcon_pkg']
[0.413s] Level 1:colcon.colcon_core.package_identification:_identify(src/svea_charging2/src/third_party/PythonRobotics/PathPlanning/Catmull_RomSplinePath) by extension 'colcon_pkg'
[0.413s] Level 1:colcon.colcon_core.package_identification:_identify(src/svea_charging2/src/third_party/PythonRobotics/PathPlanning/Catmull_RomSplinePath) by extensions ['colcon_meta']
[0.413s] Level 1:colcon.colcon_core.package_identification:_identify(src/svea_charging2/src/third_party/PythonRobotics/PathPlanning/Catmull_RomSplinePath) by extension 'colcon_meta'
[0.413s] Level 1:colcon.colcon_core.package_identification:_identify(src/svea_charging2/src/third_party/PythonRobotics/PathPlanning/Catmull_RomSplinePath) by extensions ['ros']
[0.413s] Level 1:colcon.colcon_core.package_identification:_identify(src/svea_charging2/src/third_party/PythonRobotics/PathPlanning/Catmull_RomSplinePath) by extension 'ros'
[0.413s] Level 1:colcon.colcon_core.package_identification:_identify(src/svea_charging2/src/third_party/PythonRobotics/PathPlanning/Catmull_RomSplinePath) by extensions ['cmake', 'python']
[0.413s] Level 1:colcon.colcon_core.package_identification:_identify(src/svea_charging2/src/third_party/PythonRobotics/PathPlanning/Catmull_RomSplinePath) by extension 'cmake'
[0.413s] Level 1:colcon.colcon_core.package_identification:_identify(src/svea_charging2/src/third_party/PythonRobotics/PathPlanning/Catmull_RomSplinePath) by extension 'python'
[0.413s] Level 1:colcon.colcon_core.package_identification:_identify(src/svea_charging2/src/third_party/PythonRobotics/PathPlanning/Catmull_RomSplinePath) by extensions ['python_setup_py']
[0.414s] Level 1:colcon.colcon_core.package_identification:_identify(src/svea_charging2/src/third_party/PythonRobotics/PathPlanning/Catmull_RomSplinePath) by extension 'python_setup_py'
[0.414s] Level 1:colcon.colcon_core.package_identification:_identify(src/svea_charging2/src/third_party/PythonRobotics/PathPlanning/ClosedLoopRRTStar) by extensions ['ignore', 'ignore_ament_install']
[0.414s] Level 1:colcon.colcon_core.package_identification:_identify(src/svea_charging2/src/third_party/PythonRobotics/PathPlanning/ClosedLoopRRTStar) by extension 'ignore'
[0.414s] Level 1:colcon.colcon_core.package_identification:_identify(src/svea_charging2/src/third_party/PythonRobotics/PathPlanning/ClosedLoopRRTStar) by extension 'ignore_ament_install'
[0.414s] Level 1:colcon.colcon_core.package_identification:_identify(src/svea_charging2/src/third_party/PythonRobotics/PathPlanning/ClosedLoopRRTStar) by extensions ['colcon_pkg']
[0.414s] Level 1:colcon.colcon_core.package_identification:_identify(src/svea_charging2/src/third_party/PythonRobotics/PathPlanning/ClosedLoopRRTStar) by extension 'colcon_pkg'
[0.414s] Level 1:colcon.colcon_core.package_identification:_identify(src/svea_charging2/src/third_party/PythonRobotics/PathPlanning/ClosedLoopRRTStar) by extensions ['colcon_meta']
[0.414s] Level 1:colcon.colcon_core.package_identification:_identify(src/svea_charging2/src/third_party/PythonRobotics/PathPlanning/ClosedLoopRRTStar) by extension 'colcon_meta'
[0.414s] Level 1:colcon.colcon_core.package_identification:_identify(src/svea_charging2/src/third_party/PythonRobotics/PathPlanning/ClosedLoopRRTStar) by extensions ['ros']
[0.414s] Level 1:colcon.colcon_core.package_identification:_identify(src/svea_charging2/src/third_party/PythonRobotics/PathPlanning/ClosedLoopRRTStar) by extension 'ros'
[0.414s] Level 1:colcon.colcon_core.package_identification:_identify(src/svea_charging2/src/third_party/PythonRobotics/PathPlanning/ClosedLoopRRTStar) by extensions ['cmake', 'python']
[0.414s] Level 1:colcon.colcon_core.package_identification:_identify(src/svea_charging2/src/third_party/PythonRobotics/PathPlanning/ClosedLoopRRTStar) by extension 'cmake'
[0.414s] Level 1:colcon.colcon_core.package_identification:_identify(src/svea_charging2/src/third_party/PythonRobotics/PathPlanning/ClosedLoopRRTStar) by extension 'python'
[0.414s] Level 1:colcon.colcon_core.package_identification:_identify(src/svea_charging2/src/third_party/PythonRobotics/PathPlanning/ClosedLoopRRTStar) by extensions ['python_setup_py']
[0.415s] Level 1:colcon.colcon_core.package_identification:_identify(src/svea_charging2/src/third_party/PythonRobotics/PathPlanning/ClosedLoopRRTStar) by extension 'python_setup_py'
[0.415s] Level 1:colcon.colcon_core.package_identification:_identify(src/svea_charging2/src/third_party/PythonRobotics/PathPlanning/ClothoidPath) by extensions ['ignore', 'ignore_ament_install']
[0.415s] Level 1:colcon.colcon_core.package_identification:_identify(src/svea_charging2/src/third_party/PythonRobotics/PathPlanning/ClothoidPath) by extension 'ignore'
[0.415s] Level 1:colcon.colcon_core.package_identification:_identify(src/svea_charging2/src/third_party/PythonRobotics/PathPlanning/ClothoidPath) by extension 'ignore_ament_install'
[0.415s] Level 1:colcon.colcon_core.package_identification:_identify(src/svea_charging2/src/third_party/PythonRobotics/PathPlanning/ClothoidPath) by extensions ['colcon_pkg']
[0.415s] Level 1:colcon.colcon_core.package_identification:_identify(src/svea_charging2/src/third_party/PythonRobotics/PathPlanning/ClothoidPath) by extension 'colcon_pkg'
[0.415s] Level 1:colcon.colcon_core.package_identification:_identify(src/svea_charging2/src/third_party/PythonRobotics/PathPlanning/ClothoidPath) by extensions ['colcon_meta']
[0.415s] Level 1:colcon.colcon_core.package_identification:_identify(src/svea_charging2/src/third_party/PythonRobotics/PathPlanning/ClothoidPath) by extension 'colcon_meta'
[0.415s] Level 1:colcon.colcon_core.package_identification:_identify(src/svea_charging2/src/third_party/PythonRobotics/PathPlanning/ClothoidPath) by extensions ['ros']
[0.415s] Level 1:colcon.colcon_core.package_identification:_identify(src/svea_charging2/src/third_party/PythonRobotics/PathPlanning/ClothoidPath) by extension 'ros'
[0.415s] Level 1:colcon.colcon_core.package_identification:_identify(src/svea_charging2/src/third_party/PythonRobotics/PathPlanning/ClothoidPath) by extensions ['cmake', 'python']
[0.415s] Level 1:colcon.colcon_core.package_identification:_identify(src/svea_charging2/src/third_party/PythonRobotics/PathPlanning/ClothoidPath) by extension 'cmake'
[0.415s] Level 1:colcon.colcon_core.package_identification:_identify(src/svea_charging2/src/third_party/PythonRobotics/PathPlanning/ClothoidPath) by extension 'python'
[0.415s] Level 1:colcon.colcon_core.package_identification:_identify(src/svea_charging2/src/third_party/PythonRobotics/PathPlanning/ClothoidPath) by extensions ['python_setup_py']
[0.416s] Level 1:colcon.colcon_core.package_identification:_identify(src/svea_charging2/src/third_party/PythonRobotics/PathPlanning/ClothoidPath) by extension 'python_setup_py'
[0.416s] Level 1:colcon.colcon_core.package_identification:_identify(src/svea_charging2/src/third_party/PythonRobotics/PathPlanning/CubicSpline) by extensions ['ignore', 'ignore_ament_install']
[0.416s] Level 1:colcon.colcon_core.package_identification:_identify(src/svea_charging2/src/third_party/PythonRobotics/PathPlanning/CubicSpline) by extension 'ignore'
[0.416s] Level 1:colcon.colcon_core.package_identification:_identify(src/svea_charging2/src/third_party/PythonRobotics/PathPlanning/CubicSpline) by extension 'ignore_ament_install'
[0.416s] Level 1:colcon.colcon_core.package_identification:_identify(src/svea_charging2/src/third_party/PythonRobotics/PathPlanning/CubicSpline) by extensions ['colcon_pkg']
[0.416s] Level 1:colcon.colcon_core.package_identification:_identify(src/svea_charging2/src/third_party/PythonRobotics/PathPlanning/CubicSpline) by extension 'colcon_pkg'
[0.416s] Level 1:colcon.colcon_core.package_identification:_identify(src/svea_charging2/src/third_party/PythonRobotics/PathPlanning/CubicSpline) by extensions ['colcon_meta']
[0.416s] Level 1:colcon.colcon_core.package_identification:_identify(src/svea_charging2/src/third_party/PythonRobotics/PathPlanning/CubicSpline) by extension 'colcon_meta'
[0.416s] Level 1:colcon.colcon_core.package_identification:_identify(src/svea_charging2/src/third_party/PythonRobotics/PathPlanning/CubicSpline) by extensions ['ros']
[0.416s] Level 1:colcon.colcon_core.package_identification:_identify(src/svea_charging2/src/third_party/PythonRobotics/PathPlanning/CubicSpline) by extension 'ros'
[0.416s] Level 1:colcon.colcon_core.package_identification:_identify(src/svea_charging2/src/third_party/PythonRobotics/PathPlanning/CubicSpline) by extensions ['cmake', 'python']
[0.416s] Level 1:colcon.colcon_core.package_identification:_identify(src/svea_charging2/src/third_party/PythonRobotics/PathPlanning/CubicSpline) by extension 'cmake'
[0.416s] Level 1:colcon.colcon_core.package_identification:_identify(src/svea_charging2/src/third_party/PythonRobotics/PathPlanning/CubicSpline) by extension 'python'
[0.417s] Level 1:colcon.colcon_core.package_identification:_identify(src/svea_charging2/src/third_party/PythonRobotics/PathPlanning/CubicSpline) by extensions ['python_setup_py']
[0.417s] Level 1:colcon.colcon_core.package_identification:_identify(src/svea_charging2/src/third_party/PythonRobotics/PathPlanning/CubicSpline) by extension 'python_setup_py'
[0.417s] Level 1:colcon.colcon_core.package_identification:_identify(src/svea_charging2/src/third_party/PythonRobotics/PathPlanning/DStar) by extensions ['ignore', 'ignore_ament_install']
[0.417s] Level 1:colcon.colcon_core.package_identification:_identify(src/svea_charging2/src/third_party/PythonRobotics/PathPlanning/DStar) by extension 'ignore'
[0.417s] Level 1:colcon.colcon_core.package_identification:_identify(src/svea_charging2/src/third_party/PythonRobotics/PathPlanning/DStar) by extension 'ignore_ament_install'
[0.417s] Level 1:colcon.colcon_core.package_identification:_identify(src/svea_charging2/src/third_party/PythonRobotics/PathPlanning/DStar) by extensions ['colcon_pkg']
[0.417s] Level 1:colcon.colcon_core.package_identification:_identify(src/svea_charging2/src/third_party/PythonRobotics/PathPlanning/DStar) by extension 'colcon_pkg'
[0.417s] Level 1:colcon.colcon_core.package_identification:_identify(src/svea_charging2/src/third_party/PythonRobotics/PathPlanning/DStar) by extensions ['colcon_meta']
[0.417s] Level 1:colcon.colcon_core.package_identification:_identify(src/svea_charging2/src/third_party/PythonRobotics/PathPlanning/DStar) by extension 'colcon_meta'
[0.417s] Level 1:colcon.colcon_core.package_identification:_identify(src/svea_charging2/src/third_party/PythonRobotics/PathPlanning/DStar) by extensions ['ros']
[0.417s] Level 1:colcon.colcon_core.package_identification:_identify(src/svea_charging2/src/third_party/PythonRobotics/PathPlanning/DStar) by extension 'ros'
[0.417s] Level 1:colcon.colcon_core.package_identification:_identify(src/svea_charging2/src/third_party/PythonRobotics/PathPlanning/DStar) by extensions ['cmake', 'python']
[0.417s] Level 1:colcon.colcon_core.package_identification:_identify(src/svea_charging2/src/third_party/PythonRobotics/PathPlanning/DStar) by extension 'cmake'
[0.417s] Level 1:colcon.colcon_core.package_identification:_identify(src/svea_charging2/src/third_party/PythonRobotics/PathPlanning/DStar) by extension 'python'
[0.418s] Level 1:colcon.colcon_core.package_identification:_identify(src/svea_charging2/src/third_party/PythonRobotics/PathPlanning/DStar) by extensions ['python_setup_py']
[0.418s] Level 1:colcon.colcon_core.package_identification:_identify(src/svea_charging2/src/third_party/PythonRobotics/PathPlanning/DStar) by extension 'python_setup_py'
[0.418s] Level 1:colcon.colcon_core.package_identification:_identify(src/svea_charging2/src/third_party/PythonRobotics/PathPlanning/DStarLite) by extensions ['ignore', 'ignore_ament_install']
[0.418s] Level 1:colcon.colcon_core.package_identification:_identify(src/svea_charging2/src/third_party/PythonRobotics/PathPlanning/DStarLite) by extension 'ignore'
[0.418s] Level 1:colcon.colcon_core.package_identification:_identify(src/svea_charging2/src/third_party/PythonRobotics/PathPlanning/DStarLite) by extension 'ignore_ament_install'
[0.418s] Level 1:colcon.colcon_core.package_identification:_identify(src/svea_charging2/src/third_party/PythonRobotics/PathPlanning/DStarLite) by extensions ['colcon_pkg']
[0.418s] Level 1:colcon.colcon_core.package_identification:_identify(src/svea_charging2/src/third_party/PythonRobotics/PathPlanning/DStarLite) by extension 'colcon_pkg'
[0.418s] Level 1:colcon.colcon_core.package_identification:_identify(src/svea_charging2/src/third_party/PythonRobotics/PathPlanning/DStarLite) by extensions ['colcon_meta']
[0.418s] Level 1:colcon.colcon_core.package_identification:_identify(src/svea_charging2/src/third_party/PythonRobotics/PathPlanning/DStarLite) by extension 'colcon_meta'
[0.418s] Level 1:colcon.colcon_core.package_identification:_identify(src/svea_charging2/src/third_party/PythonRobotics/PathPlanning/DStarLite) by extensions ['ros']
[0.418s] Level 1:colcon.colcon_core.package_identification:_identify(src/svea_charging2/src/third_party/PythonRobotics/PathPlanning/DStarLite) by extension 'ros'
[0.418s] Level 1:colcon.colcon_core.package_identification:_identify(src/svea_charging2/src/third_party/PythonRobotics/PathPlanning/DStarLite) by extensions ['cmake', 'python']
[0.418s] Level 1:colcon.colcon_core.package_identification:_identify(src/svea_charging2/src/third_party/PythonRobotics/PathPlanning/DStarLite) by extension 'cmake'
[0.418s] Level 1:colcon.colcon_core.package_identification:_identify(src/svea_charging2/src/third_party/PythonRobotics/PathPlanning/DStarLite) by extension 'python'
[0.419s] Level 1:colcon.colcon_core.package_identification:_identify(src/svea_charging2/src/third_party/PythonRobotics/PathPlanning/DStarLite) by extensions ['python_setup_py']
[0.419s] Level 1:colcon.colcon_core.package_identification:_identify(src/svea_charging2/src/third_party/PythonRobotics/PathPlanning/DStarLite) by extension 'python_setup_py'
[0.419s] Level 1:colcon.colcon_core.package_identification:_identify(src/svea_charging2/src/third_party/PythonRobotics/PathPlanning/DepthFirstSearch) by extensions ['ignore', 'ignore_ament_install']
[0.419s] Level 1:colcon.colcon_core.package_identification:_identify(src/svea_charging2/src/third_party/PythonRobotics/PathPlanning/DepthFirstSearch) by extension 'ignore'
[0.419s] Level 1:colcon.colcon_core.package_identification:_identify(src/svea_charging2/src/third_party/PythonRobotics/PathPlanning/DepthFirstSearch) by extension 'ignore_ament_install'
[0.419s] Level 1:colcon.colcon_core.package_identification:_identify(src/svea_charging2/src/third_party/PythonRobotics/PathPlanning/DepthFirstSearch) by extensions ['colcon_pkg']
[0.419s] Level 1:colcon.colcon_core.package_identification:_identify(src/svea_charging2/src/third_party/PythonRobotics/PathPlanning/DepthFirstSearch) by extension 'colcon_pkg'
[0.419s] Level 1:colcon.colcon_core.package_identification:_identify(src/svea_charging2/src/third_party/PythonRobotics/PathPlanning/DepthFirstSearch) by extensions ['colcon_meta']
[0.419s] Level 1:colcon.colcon_core.package_identification:_identify(src/svea_charging2/src/third_party/PythonRobotics/PathPlanning/DepthFirstSearch) by extension 'colcon_meta'
[0.419s] Level 1:colcon.colcon_core.package_identification:_identify(src/svea_charging2/src/third_party/PythonRobotics/PathPlanning/DepthFirstSearch) by extensions ['ros']
[0.419s] Level 1:colcon.colcon_core.package_identification:_identify(src/svea_charging2/src/third_party/PythonRobotics/PathPlanning/DepthFirstSearch) by extension 'ros'
[0.419s] Level 1:colcon.colcon_core.package_identification:_identify(src/svea_charging2/src/third_party/PythonRobotics/PathPlanning/DepthFirstSearch) by extensions ['cmake', 'python']
[0.419s] Level 1:colcon.colcon_core.package_identification:_identify(src/svea_charging2/src/third_party/PythonRobotics/PathPlanning/DepthFirstSearch) by extension 'cmake'
[0.420s] Level 1:colcon.colcon_core.package_identification:_identify(src/svea_charging2/src/third_party/PythonRobotics/PathPlanning/DepthFirstSearch) by extension 'python'
[0.420s] Level 1:colcon.colcon_core.package_identification:_identify(src/svea_charging2/src/third_party/PythonRobotics/PathPlanning/DepthFirstSearch) by extensions ['python_setup_py']
[0.420s] Level 1:colcon.colcon_core.package_identification:_identify(src/svea_charging2/src/third_party/PythonRobotics/PathPlanning/DepthFirstSearch) by extension 'python_setup_py'
[0.420s] Level 1:colcon.colcon_core.package_identification:_identify(src/svea_charging2/src/third_party/PythonRobotics/PathPlanning/Dijkstra) by extensions ['ignore', 'ignore_ament_install']
[0.420s] Level 1:colcon.colcon_core.package_identification:_identify(src/svea_charging2/src/third_party/PythonRobotics/PathPlanning/Dijkstra) by extension 'ignore'
[0.420s] Level 1:colcon.colcon_core.package_identification:_identify(src/svea_charging2/src/third_party/PythonRobotics/PathPlanning/Dijkstra) by extension 'ignore_ament_install'
[0.420s] Level 1:colcon.colcon_core.package_identification:_identify(src/svea_charging2/src/third_party/PythonRobotics/PathPlanning/Dijkstra) by extensions ['colcon_pkg']
[0.420s] Level 1:colcon.colcon_core.package_identification:_identify(src/svea_charging2/src/third_party/PythonRobotics/PathPlanning/Dijkstra) by extension 'colcon_pkg'
[0.420s] Level 1:colcon.colcon_core.package_identification:_identify(src/svea_charging2/src/third_party/PythonRobotics/PathPlanning/Dijkstra) by extensions ['colcon_meta']
[0.420s] Level 1:colcon.colcon_core.package_identification:_identify(src/svea_charging2/src/third_party/PythonRobotics/PathPlanning/Dijkstra) by extension 'colcon_meta'
[0.420s] Level 1:colcon.colcon_core.package_identification:_identify(src/svea_charging2/src/third_party/PythonRobotics/PathPlanning/Dijkstra) by extensions ['ros']
[0.420s] Level 1:colcon.colcon_core.package_identification:_identify(src/svea_charging2/src/third_party/PythonRobotics/PathPlanning/Dijkstra) by extension 'ros'
[0.421s] Level 1:colcon.colcon_core.package_identification:_identify(src/svea_charging2/src/third_party/PythonRobotics/PathPlanning/Dijkstra) by extensions ['cmake', 'python']
[0.421s] Level 1:colcon.colcon_core.package_identification:_identify(src/svea_charging2/src/third_party/PythonRobotics/PathPlanning/Dijkstra) by extension 'cmake'
[0.421s] Level 1:colcon.colcon_core.package_identification:_identify(src/svea_charging2/src/third_party/PythonRobotics/PathPlanning/Dijkstra) by extension 'python'
[0.421s] Level 1:colcon.colcon_core.package_identification:_identify(src/svea_charging2/src/third_party/PythonRobotics/PathPlanning/Dijkstra) by extensions ['python_setup_py']
[0.421s] Level 1:colcon.colcon_core.package_identification:_identify(src/svea_charging2/src/third_party/PythonRobotics/PathPlanning/Dijkstra) by extension 'python_setup_py'
[0.421s] Level 1:colcon.colcon_core.package_identification:_identify(src/svea_charging2/src/third_party/PythonRobotics/PathPlanning/DubinsPath) by extensions ['ignore', 'ignore_ament_install']
[0.421s] Level 1:colcon.colcon_core.package_identification:_identify(src/svea_charging2/src/third_party/PythonRobotics/PathPlanning/DubinsPath) by extension 'ignore'
[0.421s] Level 1:colcon.colcon_core.package_identification:_identify(src/svea_charging2/src/third_party/PythonRobotics/PathPlanning/DubinsPath) by extension 'ignore_ament_install'
[0.421s] Level 1:colcon.colcon_core.package_identification:_identify(src/svea_charging2/src/third_party/PythonRobotics/PathPlanning/DubinsPath) by extensions ['colcon_pkg']
[0.421s] Level 1:colcon.colcon_core.package_identification:_identify(src/svea_charging2/src/third_party/PythonRobotics/PathPlanning/DubinsPath) by extension 'colcon_pkg'
[0.421s] Level 1:colcon.colcon_core.package_identification:_identify(src/svea_charging2/src/third_party/PythonRobotics/PathPlanning/DubinsPath) by extensions ['colcon_meta']
[0.422s] Level 1:colcon.colcon_core.package_identification:_identify(src/svea_charging2/src/third_party/PythonRobotics/PathPlanning/DubinsPath) by extension 'colcon_meta'
[0.422s] Level 1:colcon.colcon_core.package_identification:_identify(src/svea_charging2/src/third_party/PythonRobotics/PathPlanning/DubinsPath) by extensions ['ros']
[0.422s] Level 1:colcon.colcon_core.package_identification:_identify(src/svea_charging2/src/third_party/PythonRobotics/PathPlanning/DubinsPath) by extension 'ros'
[0.422s] Level 1:colcon.colcon_core.package_identification:_identify(src/svea_charging2/src/third_party/PythonRobotics/PathPlanning/DubinsPath) by extensions ['cmake', 'python']
[0.422s] Level 1:colcon.colcon_core.package_identification:_identify(src/svea_charging2/src/third_party/PythonRobotics/PathPlanning/DubinsPath) by extension 'cmake'
[0.422s] Level 1:colcon.colcon_core.package_identification:_identify(src/svea_charging2/src/third_party/PythonRobotics/PathPlanning/DubinsPath) by extension 'python'
[0.422s] Level 1:colcon.colcon_core.package_identification:_identify(src/svea_charging2/src/third_party/PythonRobotics/PathPlanning/DubinsPath) by extensions ['python_setup_py']
[0.422s] Level 1:colcon.colcon_core.package_identification:_identify(src/svea_charging2/src/third_party/PythonRobotics/PathPlanning/DubinsPath) by extension 'python_setup_py'
[0.422s] Level 1:colcon.colcon_core.package_identification:_identify(src/svea_charging2/src/third_party/PythonRobotics/PathPlanning/DynamicMovementPrimitives) by extensions ['ignore', 'ignore_ament_install']
[0.423s] Level 1:colcon.colcon_core.package_identification:_identify(src/svea_charging2/src/third_party/PythonRobotics/PathPlanning/DynamicMovementPrimitives) by extension 'ignore'
[0.423s] Level 1:colcon.colcon_core.package_identification:_identify(src/svea_charging2/src/third_party/PythonRobotics/PathPlanning/DynamicMovementPrimitives) by extension 'ignore_ament_install'
[0.423s] Level 1:colcon.colcon_core.package_identification:_identify(src/svea_charging2/src/third_party/PythonRobotics/PathPlanning/DynamicMovementPrimitives) by extensions ['colcon_pkg']
[0.423s] Level 1:colcon.colcon_core.package_identification:_identify(src/svea_charging2/src/third_party/PythonRobotics/PathPlanning/DynamicMovementPrimitives) by extension 'colcon_pkg'
[0.423s] Level 1:colcon.colcon_core.package_identification:_identify(src/svea_charging2/src/third_party/PythonRobotics/PathPlanning/DynamicMovementPrimitives) by extensions ['colcon_meta']
[0.423s] Level 1:colcon.colcon_core.package_identification:_identify(src/svea_charging2/src/third_party/PythonRobotics/PathPlanning/DynamicMovementPrimitives) by extension 'colcon_meta'
[0.423s] Level 1:colcon.colcon_core.package_identification:_identify(src/svea_charging2/src/third_party/PythonRobotics/PathPlanning/DynamicMovementPrimitives) by extensions ['ros']
[0.423s] Level 1:colcon.colcon_core.package_identification:_identify(src/svea_charging2/src/third_party/PythonRobotics/PathPlanning/DynamicMovementPrimitives) by extension 'ros'
[0.423s] Level 1:colcon.colcon_core.package_identification:_identify(src/svea_charging2/src/third_party/PythonRobotics/PathPlanning/DynamicMovementPrimitives) by extensions ['cmake', 'python']
[0.423s] Level 1:colcon.colcon_core.package_identification:_identify(src/svea_charging2/src/third_party/PythonRobotics/PathPlanning/DynamicMovementPrimitives) by extension 'cmake'
[0.423s] Level 1:colcon.colcon_core.package_identification:_identify(src/svea_charging2/src/third_party/PythonRobotics/PathPlanning/DynamicMovementPrimitives) by extension 'python'
[0.423s] Level 1:colcon.colcon_core.package_identification:_identify(src/svea_charging2/src/third_party/PythonRobotics/PathPlanning/DynamicMovementPrimitives) by extensions ['python_setup_py']
[0.423s] Level 1:colcon.colcon_core.package_identification:_identify(src/svea_charging2/src/third_party/PythonRobotics/PathPlanning/DynamicMovementPrimitives) by extension 'python_setup_py'
[0.424s] Level 1:colcon.colcon_core.package_identification:_identify(src/svea_charging2/src/third_party/PythonRobotics/PathPlanning/DynamicWindowApproach) by extensions ['ignore', 'ignore_ament_install']
[0.424s] Level 1:colcon.colcon_core.package_identification:_identify(src/svea_charging2/src/third_party/PythonRobotics/PathPlanning/DynamicWindowApproach) by extension 'ignore'
[0.424s] Level 1:colcon.colcon_core.package_identification:_identify(src/svea_charging2/src/third_party/PythonRobotics/PathPlanning/DynamicWindowApproach) by extension 'ignore_ament_install'
[0.424s] Level 1:colcon.colcon_core.package_identification:_identify(src/svea_charging2/src/third_party/PythonRobotics/PathPlanning/DynamicWindowApproach) by extensions ['colcon_pkg']
[0.424s] Level 1:colcon.colcon_core.package_identification:_identify(src/svea_charging2/src/third_party/PythonRobotics/PathPlanning/DynamicWindowApproach) by extension 'colcon_pkg'
[0.424s] Level 1:colcon.colcon_core.package_identification:_identify(src/svea_charging2/src/third_party/PythonRobotics/PathPlanning/DynamicWindowApproach) by extensions ['colcon_meta']
[0.424s] Level 1:colcon.colcon_core.package_identification:_identify(src/svea_charging2/src/third_party/PythonRobotics/PathPlanning/DynamicWindowApproach) by extension 'colcon_meta'
[0.424s] Level 1:colcon.colcon_core.package_identification:_identify(src/svea_charging2/src/third_party/PythonRobotics/PathPlanning/DynamicWindowApproach) by extensions ['ros']
[0.424s] Level 1:colcon.colcon_core.package_identification:_identify(src/svea_charging2/src/third_party/PythonRobotics/PathPlanning/DynamicWindowApproach) by extension 'ros'
[0.424s] Level 1:colcon.colcon_core.package_identification:_identify(src/svea_charging2/src/third_party/PythonRobotics/PathPlanning/DynamicWindowApproach) by extensions ['cmake', 'python']
[0.424s] Level 1:colcon.colcon_core.package_identification:_identify(src/svea_charging2/src/third_party/PythonRobotics/PathPlanning/DynamicWindowApproach) by extension 'cmake'
[0.424s] Level 1:colcon.colcon_core.package_identification:_identify(src/svea_charging2/src/third_party/PythonRobotics/PathPlanning/DynamicWindowApproach) by extension 'python'
[0.424s] Level 1:colcon.colcon_core.package_identification:_identify(src/svea_charging2/src/third_party/PythonRobotics/PathPlanning/DynamicWindowApproach) by extensions ['python_setup_py']
[0.425s] Level 1:colcon.colcon_core.package_identification:_identify(src/svea_charging2/src/third_party/PythonRobotics/PathPlanning/DynamicWindowApproach) by extension 'python_setup_py'
[0.425s] Level 1:colcon.colcon_core.package_identification:_identify(src/svea_charging2/src/third_party/PythonRobotics/PathPlanning/ElasticBands) by extensions ['ignore', 'ignore_ament_install']
[0.425s] Level 1:colcon.colcon_core.package_identification:_identify(src/svea_charging2/src/third_party/PythonRobotics/PathPlanning/ElasticBands) by extension 'ignore'
[0.425s] Level 1:colcon.colcon_core.package_identification:_identify(src/svea_charging2/src/third_party/PythonRobotics/PathPlanning/ElasticBands) by extension 'ignore_ament_install'
[0.425s] Level 1:colcon.colcon_core.package_identification:_identify(src/svea_charging2/src/third_party/PythonRobotics/PathPlanning/ElasticBands) by extensions ['colcon_pkg']
[0.425s] Level 1:colcon.colcon_core.package_identification:_identify(src/svea_charging2/src/third_party/PythonRobotics/PathPlanning/ElasticBands) by extension 'colcon_pkg'
[0.425s] Level 1:colcon.colcon_core.package_identification:_identify(src/svea_charging2/src/third_party/PythonRobotics/PathPlanning/ElasticBands) by extensions ['colcon_meta']
[0.425s] Level 1:colcon.colcon_core.package_identification:_identify(src/svea_charging2/src/third_party/PythonRobotics/PathPlanning/ElasticBands) by extension 'colcon_meta'
[0.425s] Level 1:colcon.colcon_core.package_identification:_identify(src/svea_charging2/src/third_party/PythonRobotics/PathPlanning/ElasticBands) by extensions ['ros']
[0.425s] Level 1:colcon.colcon_core.package_identification:_identify(src/svea_charging2/src/third_party/PythonRobotics/PathPlanning/ElasticBands) by extension 'ros'
[0.425s] Level 1:colcon.colcon_core.package_identification:_identify(src/svea_charging2/src/third_party/PythonRobotics/PathPlanning/ElasticBands) by extensions ['cmake', 'python']
[0.425s] Level 1:colcon.colcon_core.package_identification:_identify(src/svea_charging2/src/third_party/PythonRobotics/PathPlanning/ElasticBands) by extension 'cmake'
[0.425s] Level 1:colcon.colcon_core.package_identification:_identify(src/svea_charging2/src/third_party/PythonRobotics/PathPlanning/ElasticBands) by extension 'python'
[0.426s] Level 1:colcon.colcon_core.package_identification:_identify(src/svea_charging2/src/third_party/PythonRobotics/PathPlanning/ElasticBands) by extensions ['python_setup_py']
[0.426s] Level 1:colcon.colcon_core.package_identification:_identify(src/svea_charging2/src/third_party/PythonRobotics/PathPlanning/ElasticBands) by extension 'python_setup_py'
[0.426s] Level 1:colcon.colcon_core.package_identification:_identify(src/svea_charging2/src/third_party/PythonRobotics/PathPlanning/Eta3SplinePath) by extensions ['ignore', 'ignore_ament_install']
[0.426s] Level 1:colcon.colcon_core.package_identification:_identify(src/svea_charging2/src/third_party/PythonRobotics/PathPlanning/Eta3SplinePath) by extension 'ignore'
[0.426s] Level 1:colcon.colcon_core.package_identification:_identify(src/svea_charging2/src/third_party/PythonRobotics/PathPlanning/Eta3SplinePath) by extension 'ignore_ament_install'
[0.426s] Level 1:colcon.colcon_core.package_identification:_identify(src/svea_charging2/src/third_party/PythonRobotics/PathPlanning/Eta3SplinePath) by extensions ['colcon_pkg']
[0.426s] Level 1:colcon.colcon_core.package_identification:_identify(src/svea_charging2/src/third_party/PythonRobotics/PathPlanning/Eta3SplinePath) by extension 'colcon_pkg'
[0.426s] Level 1:colcon.colcon_core.package_identification:_identify(src/svea_charging2/src/third_party/PythonRobotics/PathPlanning/Eta3SplinePath) by extensions ['colcon_meta']
[0.426s] Level 1:colcon.colcon_core.package_identification:_identify(src/svea_charging2/src/third_party/PythonRobotics/PathPlanning/Eta3SplinePath) by extension 'colcon_meta'
[0.426s] Level 1:colcon.colcon_core.package_identification:_identify(src/svea_charging2/src/third_party/PythonRobotics/PathPlanning/Eta3SplinePath) by extensions ['ros']
[0.426s] Level 1:colcon.colcon_core.package_identification:_identify(src/svea_charging2/src/third_party/PythonRobotics/PathPlanning/Eta3SplinePath) by extension 'ros'
[0.426s] Level 1:colcon.colcon_core.package_identification:_identify(src/svea_charging2/src/third_party/PythonRobotics/PathPlanning/Eta3SplinePath) by extensions ['cmake', 'python']
[0.426s] Level 1:colcon.colcon_core.package_identification:_identify(src/svea_charging2/src/third_party/PythonRobotics/PathPlanning/Eta3SplinePath) by extension 'cmake'
[0.426s] Level 1:colcon.colcon_core.package_identification:_identify(src/svea_charging2/src/third_party/PythonRobotics/PathPlanning/Eta3SplinePath) by extension 'python'
[0.427s] Level 1:colcon.colcon_core.package_identification:_identify(src/svea_charging2/src/third_party/PythonRobotics/PathPlanning/Eta3SplinePath) by extensions ['python_setup_py']
[0.427s] Level 1:colcon.colcon_core.package_identification:_identify(src/svea_charging2/src/third_party/PythonRobotics/PathPlanning/Eta3SplinePath) by extension 'python_setup_py'
[0.427s] Level 1:colcon.colcon_core.package_identification:_identify(src/svea_charging2/src/third_party/PythonRobotics/PathPlanning/Eta3SplineTrajectory) by extensions ['ignore', 'ignore_ament_install']
[0.427s] Level 1:colcon.colcon_core.package_identification:_identify(src/svea_charging2/src/third_party/PythonRobotics/PathPlanning/Eta3SplineTrajectory) by extension 'ignore'
[0.427s] Level 1:colcon.colcon_core.package_identification:_identify(src/svea_charging2/src/third_party/PythonRobotics/PathPlanning/Eta3SplineTrajectory) by extension 'ignore_ament_install'
[0.427s] Level 1:colcon.colcon_core.package_identification:_identify(src/svea_charging2/src/third_party/PythonRobotics/PathPlanning/Eta3SplineTrajectory) by extensions ['colcon_pkg']
[0.427s] Level 1:colcon.colcon_core.package_identification:_identify(src/svea_charging2/src/third_party/PythonRobotics/PathPlanning/Eta3SplineTrajectory) by extension 'colcon_pkg'
[0.427s] Level 1:colcon.colcon_core.package_identification:_identify(src/svea_charging2/src/third_party/PythonRobotics/PathPlanning/Eta3SplineTrajectory) by extensions ['colcon_meta']
[0.427s] Level 1:colcon.colcon_core.package_identification:_identify(src/svea_charging2/src/third_party/PythonRobotics/PathPlanning/Eta3SplineTrajectory) by extension 'colcon_meta'
[0.427s] Level 1:colcon.colcon_core.package_identification:_identify(src/svea_charging2/src/third_party/PythonRobotics/PathPlanning/Eta3SplineTrajectory) by extensions ['ros']
[0.427s] Level 1:colcon.colcon_core.package_identification:_identify(src/svea_charging2/src/third_party/PythonRobotics/PathPlanning/Eta3SplineTrajectory) by extension 'ros'
[0.427s] Level 1:colcon.colcon_core.package_identification:_identify(src/svea_charging2/src/third_party/PythonRobotics/PathPlanning/Eta3SplineTrajectory) by extensions ['cmake', 'python']
[0.427s] Level 1:colcon.colcon_core.package_identification:_identify(src/svea_charging2/src/third_party/PythonRobotics/PathPlanning/Eta3SplineTrajectory) by extension 'cmake'
[0.428s] Level 1:colcon.colcon_core.package_identification:_identify(src/svea_charging2/src/third_party/PythonRobotics/PathPlanning/Eta3SplineTrajectory) by extension 'python'
[0.428s] Level 1:colcon.colcon_core.package_identification:_identify(src/svea_charging2/src/third_party/PythonRobotics/PathPlanning/Eta3SplineTrajectory) by extensions ['python_setup_py']
[0.428s] Level 1:colcon.colcon_core.package_identification:_identify(src/svea_charging2/src/third_party/PythonRobotics/PathPlanning/Eta3SplineTrajectory) by extension 'python_setup_py'
[0.428s] Level 1:colcon.colcon_core.package_identification:_identify(src/svea_charging2/src/third_party/PythonRobotics/PathPlanning/FlowField) by extensions ['ignore', 'ignore_ament_install']
[0.428s] Level 1:colcon.colcon_core.package_identification:_identify(src/svea_charging2/src/third_party/PythonRobotics/PathPlanning/FlowField) by extension 'ignore'
[0.428s] Level 1:colcon.colcon_core.package_identification:_identify(src/svea_charging2/src/third_party/PythonRobotics/PathPlanning/FlowField) by extension 'ignore_ament_install'
[0.428s] Level 1:colcon.colcon_core.package_identification:_identify(src/svea_charging2/src/third_party/PythonRobotics/PathPlanning/FlowField) by extensions ['colcon_pkg']
[0.428s] Level 1:colcon.colcon_core.package_identification:_identify(src/svea_charging2/src/third_party/PythonRobotics/PathPlanning/FlowField) by extension 'colcon_pkg'
[0.428s] Level 1:colcon.colcon_core.package_identification:_identify(src/svea_charging2/src/third_party/PythonRobotics/PathPlanning/FlowField) by extensions ['colcon_meta']
[0.428s] Level 1:colcon.colcon_core.package_identification:_identify(src/svea_charging2/src/third_party/PythonRobotics/PathPlanning/FlowField) by extension 'colcon_meta'
[0.428s] Level 1:colcon.colcon_core.package_identification:_identify(src/svea_charging2/src/third_party/PythonRobotics/PathPlanning/FlowField) by extensions ['ros']
[0.428s] Level 1:colcon.colcon_core.package_identification:_identify(src/svea_charging2/src/third_party/PythonRobotics/PathPlanning/FlowField) by extension 'ros'
[0.428s] Level 1:colcon.colcon_core.package_identification:_identify(src/svea_charging2/src/third_party/PythonRobotics/PathPlanning/FlowField) by extensions ['cmake', 'python']
[0.428s] Level 1:colcon.colcon_core.package_identification:_identify(src/svea_charging2/src/third_party/PythonRobotics/PathPlanning/FlowField) by extension 'cmake'
[0.429s] Level 1:colcon.colcon_core.package_identification:_identify(src/svea_charging2/src/third_party/PythonRobotics/PathPlanning/FlowField) by extension 'python'
[0.429s] Level 1:colcon.colcon_core.package_identification:_identify(src/svea_charging2/src/third_party/PythonRobotics/PathPlanning/FlowField) by extensions ['python_setup_py']
[0.429s] Level 1:colcon.colcon_core.package_identification:_identify(src/svea_charging2/src/third_party/PythonRobotics/PathPlanning/FlowField) by extension 'python_setup_py'
[0.429s] Level 1:colcon.colcon_core.package_identification:_identify(src/svea_charging2/src/third_party/PythonRobotics/PathPlanning/FrenetOptimalTrajectory) by extensions ['ignore', 'ignore_ament_install']
[0.429s] Level 1:colcon.colcon_core.package_identification:_identify(src/svea_charging2/src/third_party/PythonRobotics/PathPlanning/FrenetOptimalTrajectory) by extension 'ignore'
[0.429s] Level 1:colcon.colcon_core.package_identification:_identify(src/svea_charging2/src/third_party/PythonRobotics/PathPlanning/FrenetOptimalTrajectory) by extension 'ignore_ament_install'
[0.429s] Level 1:colcon.colcon_core.package_identification:_identify(src/svea_charging2/src/third_party/PythonRobotics/PathPlanning/FrenetOptimalTrajectory) by extensions ['colcon_pkg']
[0.429s] Level 1:colcon.colcon_core.package_identification:_identify(src/svea_charging2/src/third_party/PythonRobotics/PathPlanning/FrenetOptimalTrajectory) by extension 'colcon_pkg'
[0.429s] Level 1:colcon.colcon_core.package_identification:_identify(src/svea_charging2/src/third_party/PythonRobotics/PathPlanning/FrenetOptimalTrajectory) by extensions ['colcon_meta']
[0.429s] Level 1:colcon.colcon_core.package_identification:_identify(src/svea_charging2/src/third_party/PythonRobotics/PathPlanning/FrenetOptimalTrajectory) by extension 'colcon_meta'
[0.429s] Level 1:colcon.colcon_core.package_identification:_identify(src/svea_charging2/src/third_party/PythonRobotics/PathPlanning/FrenetOptimalTrajectory) by extensions ['ros']
[0.429s] Level 1:colcon.colcon_core.package_identification:_identify(src/svea_charging2/src/third_party/PythonRobotics/PathPlanning/FrenetOptimalTrajectory) by extension 'ros'
[0.429s] Level 1:colcon.colcon_core.package_identification:_identify(src/svea_charging2/src/third_party/PythonRobotics/PathPlanning/FrenetOptimalTrajectory) by extensions ['cmake', 'python']
[0.429s] Level 1:colcon.colcon_core.package_identification:_identify(src/svea_charging2/src/third_party/PythonRobotics/PathPlanning/FrenetOptimalTrajectory) by extension 'cmake'
[0.430s] Level 1:colcon.colcon_core.package_identification:_identify(src/svea_charging2/src/third_party/PythonRobotics/PathPlanning/FrenetOptimalTrajectory) by extension 'python'
[0.430s] Level 1:colcon.colcon_core.package_identification:_identify(src/svea_charging2/src/third_party/PythonRobotics/PathPlanning/FrenetOptimalTrajectory) by extensions ['python_setup_py']
[0.430s] Level 1:colcon.colcon_core.package_identification:_identify(src/svea_charging2/src/third_party/PythonRobotics/PathPlanning/FrenetOptimalTrajectory) by extension 'python_setup_py'
[0.430s] Level 1:colcon.colcon_core.package_identification:_identify(src/svea_charging2/src/third_party/PythonRobotics/PathPlanning/GreedyBestFirstSearch) by extensions ['ignore', 'ignore_ament_install']
[0.430s] Level 1:colcon.colcon_core.package_identification:_identify(src/svea_charging2/src/third_party/PythonRobotics/PathPlanning/GreedyBestFirstSearch) by extension 'ignore'
[0.430s] Level 1:colcon.colcon_core.package_identification:_identify(src/svea_charging2/src/third_party/PythonRobotics/PathPlanning/GreedyBestFirstSearch) by extension 'ignore_ament_install'
[0.430s] Level 1:colcon.colcon_core.package_identification:_identify(src/svea_charging2/src/third_party/PythonRobotics/PathPlanning/GreedyBestFirstSearch) by extensions ['colcon_pkg']
[0.430s] Level 1:colcon.colcon_core.package_identification:_identify(src/svea_charging2/src/third_party/PythonRobotics/PathPlanning/GreedyBestFirstSearch) by extension 'colcon_pkg'
[0.430s] Level 1:colcon.colcon_core.package_identification:_identify(src/svea_charging2/src/third_party/PythonRobotics/PathPlanning/GreedyBestFirstSearch) by extensions ['colcon_meta']
[0.430s] Level 1:colcon.colcon_core.package_identification:_identify(src/svea_charging2/src/third_party/PythonRobotics/PathPlanning/GreedyBestFirstSearch) by extension 'colcon_meta'
[0.430s] Level 1:colcon.colcon_core.package_identification:_identify(src/svea_charging2/src/third_party/PythonRobotics/PathPlanning/GreedyBestFirstSearch) by extensions ['ros']
[0.430s] Level 1:colcon.colcon_core.package_identification:_identify(src/svea_charging2/src/third_party/PythonRobotics/PathPlanning/GreedyBestFirstSearch) by extension 'ros'
[0.430s] Level 1:colcon.colcon_core.package_identification:_identify(src/svea_charging2/src/third_party/PythonRobotics/PathPlanning/GreedyBestFirstSearch) by extensions ['cmake', 'python']
[0.431s] Level 1:colcon.colcon_core.package_identification:_identify(src/svea_charging2/src/third_party/PythonRobotics/PathPlanning/GreedyBestFirstSearch) by extension 'cmake'
[0.431s] Level 1:colcon.colcon_core.package_identification:_identify(src/svea_charging2/src/third_party/PythonRobotics/PathPlanning/GreedyBestFirstSearch) by extension 'python'
[0.431s] Level 1:colcon.colcon_core.package_identification:_identify(src/svea_charging2/src/third_party/PythonRobotics/PathPlanning/GreedyBestFirstSearch) by extensions ['python_setup_py']
[0.431s] Level 1:colcon.colcon_core.package_identification:_identify(src/svea_charging2/src/third_party/PythonRobotics/PathPlanning/GreedyBestFirstSearch) by extension 'python_setup_py'
[0.431s] Level 1:colcon.colcon_core.package_identification:_identify(src/svea_charging2/src/third_party/PythonRobotics/PathPlanning/GridBasedSweepCPP) by extensions ['ignore', 'ignore_ament_install']
[0.431s] Level 1:colcon.colcon_core.package_identification:_identify(src/svea_charging2/src/third_party/PythonRobotics/PathPlanning/GridBasedSweepCPP) by extension 'ignore'
[0.431s] Level 1:colcon.colcon_core.package_identification:_identify(src/svea_charging2/src/third_party/PythonRobotics/PathPlanning/GridBasedSweepCPP) by extension 'ignore_ament_install'
[0.431s] Level 1:colcon.colcon_core.package_identification:_identify(src/svea_charging2/src/third_party/PythonRobotics/PathPlanning/GridBasedSweepCPP) by extensions ['colcon_pkg']
[0.431s] Level 1:colcon.colcon_core.package_identification:_identify(src/svea_charging2/src/third_party/PythonRobotics/PathPlanning/GridBasedSweepCPP) by extension 'colcon_pkg'
[0.431s] Level 1:colcon.colcon_core.package_identification:_identify(src/svea_charging2/src/third_party/PythonRobotics/PathPlanning/GridBasedSweepCPP) by extensions ['colcon_meta']
[0.431s] Level 1:colcon.colcon_core.package_identification:_identify(src/svea_charging2/src/third_party/PythonRobotics/PathPlanning/GridBasedSweepCPP) by extension 'colcon_meta'
[0.431s] Level 1:colcon.colcon_core.package_identification:_identify(src/svea_charging2/src/third_party/PythonRobotics/PathPlanning/GridBasedSweepCPP) by extensions ['ros']
[0.431s] Level 1:colcon.colcon_core.package_identification:_identify(src/svea_charging2/src/third_party/PythonRobotics/PathPlanning/GridBasedSweepCPP) by extension 'ros'
[0.431s] Level 1:colcon.colcon_core.package_identification:_identify(src/svea_charging2/src/third_party/PythonRobotics/PathPlanning/GridBasedSweepCPP) by extensions ['cmake', 'python']
[0.432s] Level 1:colcon.colcon_core.package_identification:_identify(src/svea_charging2/src/third_party/PythonRobotics/PathPlanning/GridBasedSweepCPP) by extension 'cmake'
[0.432s] Level 1:colcon.colcon_core.package_identification:_identify(src/svea_charging2/src/third_party/PythonRobotics/PathPlanning/GridBasedSweepCPP) by extension 'python'
[0.432s] Level 1:colcon.colcon_core.package_identification:_identify(src/svea_charging2/src/third_party/PythonRobotics/PathPlanning/GridBasedSweepCPP) by extensions ['python_setup_py']
[0.432s] Level 1:colcon.colcon_core.package_identification:_identify(src/svea_charging2/src/third_party/PythonRobotics/PathPlanning/GridBasedSweepCPP) by extension 'python_setup_py'
[0.432s] Level 1:colcon.colcon_core.package_identification:_identify(src/svea_charging2/src/third_party/PythonRobotics/PathPlanning/HybridAStar) by extensions ['ignore', 'ignore_ament_install']
[0.432s] Level 1:colcon.colcon_core.package_identification:_identify(src/svea_charging2/src/third_party/PythonRobotics/PathPlanning/HybridAStar) by extension 'ignore'
[0.432s] Level 1:colcon.colcon_core.package_identification:_identify(src/svea_charging2/src/third_party/PythonRobotics/PathPlanning/HybridAStar) by extension 'ignore_ament_install'
[0.432s] Level 1:colcon.colcon_core.package_identification:_identify(src/svea_charging2/src/third_party/PythonRobotics/PathPlanning/HybridAStar) by extensions ['colcon_pkg']
[0.432s] Level 1:colcon.colcon_core.package_identification:_identify(src/svea_charging2/src/third_party/PythonRobotics/PathPlanning/HybridAStar) by extension 'colcon_pkg'
[0.432s] Level 1:colcon.colcon_core.package_identification:_identify(src/svea_charging2/src/third_party/PythonRobotics/PathPlanning/HybridAStar) by extensions ['colcon_meta']
[0.432s] Level 1:colcon.colcon_core.package_identification:_identify(src/svea_charging2/src/third_party/PythonRobotics/PathPlanning/HybridAStar) by extension 'colcon_meta'
[0.432s] Level 1:colcon.colcon_core.package_identification:_identify(src/svea_charging2/src/third_party/PythonRobotics/PathPlanning/HybridAStar) by extensions ['ros']
[0.432s] Level 1:colcon.colcon_core.package_identification:_identify(src/svea_charging2/src/third_party/PythonRobotics/PathPlanning/HybridAStar) by extension 'ros'
[0.432s] Level 1:colcon.colcon_core.package_identification:_identify(src/svea_charging2/src/third_party/PythonRobotics/PathPlanning/HybridAStar) by extensions ['cmake', 'python']
[0.433s] Level 1:colcon.colcon_core.package_identification:_identify(src/svea_charging2/src/third_party/PythonRobotics/PathPlanning/HybridAStar) by extension 'cmake'
[0.433s] Level 1:colcon.colcon_core.package_identification:_identify(src/svea_charging2/src/third_party/PythonRobotics/PathPlanning/HybridAStar) by extension 'python'
[0.433s] Level 1:colcon.colcon_core.package_identification:_identify(src/svea_charging2/src/third_party/PythonRobotics/PathPlanning/HybridAStar) by extensions ['python_setup_py']
[0.433s] Level 1:colcon.colcon_core.package_identification:_identify(src/svea_charging2/src/third_party/PythonRobotics/PathPlanning/HybridAStar) by extension 'python_setup_py'
[0.433s] Level 1:colcon.colcon_core.package_identification:_identify(src/svea_charging2/src/third_party/PythonRobotics/PathPlanning/InformedRRTStar) by extensions ['ignore', 'ignore_ament_install']
[0.433s] Level 1:colcon.colcon_core.package_identification:_identify(src/svea_charging2/src/third_party/PythonRobotics/PathPlanning/InformedRRTStar) by extension 'ignore'
[0.433s] Level 1:colcon.colcon_core.package_identification:_identify(src/svea_charging2/src/third_party/PythonRobotics/PathPlanning/InformedRRTStar) by extension 'ignore_ament_install'
[0.433s] Level 1:colcon.colcon_core.package_identification:_identify(src/svea_charging2/src/third_party/PythonRobotics/PathPlanning/InformedRRTStar) by extensions ['colcon_pkg']
[0.433s] Level 1:colcon.colcon_core.package_identification:_identify(src/svea_charging2/src/third_party/PythonRobotics/PathPlanning/InformedRRTStar) by extension 'colcon_pkg'
[0.433s] Level 1:colcon.colcon_core.package_identification:_identify(src/svea_charging2/src/third_party/PythonRobotics/PathPlanning/InformedRRTStar) by extensions ['colcon_meta']
[0.433s] Level 1:colcon.colcon_core.package_identification:_identify(src/svea_charging2/src/third_party/PythonRobotics/PathPlanning/InformedRRTStar) by extension 'colcon_meta'
[0.433s] Level 1:colcon.colcon_core.package_identification:_identify(src/svea_charging2/src/third_party/PythonRobotics/PathPlanning/InformedRRTStar) by extensions ['ros']
[0.433s] Level 1:colcon.colcon_core.package_identification:_identify(src/svea_charging2/src/third_party/PythonRobotics/PathPlanning/InformedRRTStar) by extension 'ros'
[0.434s] Level 1:colcon.colcon_core.package_identification:_identify(src/svea_charging2/src/third_party/PythonRobotics/PathPlanning/InformedRRTStar) by extensions ['cmake', 'python']
[0.434s] Level 1:colcon.colcon_core.package_identification:_identify(src/svea_charging2/src/third_party/PythonRobotics/PathPlanning/InformedRRTStar) by extension 'cmake'
[0.434s] Level 1:colcon.colcon_core.package_identification:_identify(src/svea_charging2/src/third_party/PythonRobotics/PathPlanning/InformedRRTStar) by extension 'python'
[0.434s] Level 1:colcon.colcon_core.package_identification:_identify(src/svea_charging2/src/third_party/PythonRobotics/PathPlanning/InformedRRTStar) by extensions ['python_setup_py']
[0.434s] Level 1:colcon.colcon_core.package_identification:_identify(src/svea_charging2/src/third_party/PythonRobotics/PathPlanning/InformedRRTStar) by extension 'python_setup_py'
[0.434s] Level 1:colcon.colcon_core.package_identification:_identify(src/svea_charging2/src/third_party/PythonRobotics/PathPlanning/LQRPlanner) by extensions ['ignore', 'ignore_ament_install']
[0.434s] Level 1:colcon.colcon_core.package_identification:_identify(src/svea_charging2/src/third_party/PythonRobotics/PathPlanning/LQRPlanner) by extension 'ignore'
[0.434s] Level 1:colcon.colcon_core.package_identification:_identify(src/svea_charging2/src/third_party/PythonRobotics/PathPlanning/LQRPlanner) by extension 'ignore_ament_install'
[0.434s] Level 1:colcon.colcon_core.package_identification:_identify(src/svea_charging2/src/third_party/PythonRobotics/PathPlanning/LQRPlanner) by extensions ['colcon_pkg']
[0.434s] Level 1:colcon.colcon_core.package_identification:_identify(src/svea_charging2/src/third_party/PythonRobotics/PathPlanning/LQRPlanner) by extension 'colcon_pkg'
[0.434s] Level 1:colcon.colcon_core.package_identification:_identify(src/svea_charging2/src/third_party/PythonRobotics/PathPlanning/LQRPlanner) by extensions ['colcon_meta']
[0.434s] Level 1:colcon.colcon_core.package_identification:_identify(src/svea_charging2/src/third_party/PythonRobotics/PathPlanning/LQRPlanner) by extension 'colcon_meta'
[0.434s] Level 1:colcon.colcon_core.package_identification:_identify(src/svea_charging2/src/third_party/PythonRobotics/PathPlanning/LQRPlanner) by extensions ['ros']
[0.434s] Level 1:colcon.colcon_core.package_identification:_identify(src/svea_charging2/src/third_party/PythonRobotics/PathPlanning/LQRPlanner) by extension 'ros'
[0.435s] Level 1:colcon.colcon_core.package_identification:_identify(src/svea_charging2/src/third_party/PythonRobotics/PathPlanning/LQRPlanner) by extensions ['cmake', 'python']
[0.435s] Level 1:colcon.colcon_core.package_identification:_identify(src/svea_charging2/src/third_party/PythonRobotics/PathPlanning/LQRPlanner) by extension 'cmake'
[0.435s] Level 1:colcon.colcon_core.package_identification:_identify(src/svea_charging2/src/third_party/PythonRobotics/PathPlanning/LQRPlanner) by extension 'python'
[0.435s] Level 1:colcon.colcon_core.package_identification:_identify(src/svea_charging2/src/third_party/PythonRobotics/PathPlanning/LQRPlanner) by extensions ['python_setup_py']
[0.435s] Level 1:colcon.colcon_core.package_identification:_identify(src/svea_charging2/src/third_party/PythonRobotics/PathPlanning/LQRPlanner) by extension 'python_setup_py'
[0.435s] Level 1:colcon.colcon_core.package_identification:_identify(src/svea_charging2/src/third_party/PythonRobotics/PathPlanning/LQRRRTStar) by extensions ['ignore', 'ignore_ament_install']
[0.435s] Level 1:colcon.colcon_core.package_identification:_identify(src/svea_charging2/src/third_party/PythonRobotics/PathPlanning/LQRRRTStar) by extension 'ignore'
[0.435s] Level 1:colcon.colcon_core.package_identification:_identify(src/svea_charging2/src/third_party/PythonRobotics/PathPlanning/LQRRRTStar) by extension 'ignore_ament_install'
[0.435s] Level 1:colcon.colcon_core.package_identification:_identify(src/svea_charging2/src/third_party/PythonRobotics/PathPlanning/LQRRRTStar) by extensions ['colcon_pkg']
[0.435s] Level 1:colcon.colcon_core.package_identification:_identify(src/svea_charging2/src/third_party/PythonRobotics/PathPlanning/LQRRRTStar) by extension 'colcon_pkg'
[0.435s] Level 1:colcon.colcon_core.package_identification:_identify(src/svea_charging2/src/third_party/PythonRobotics/PathPlanning/LQRRRTStar) by extensions ['colcon_meta']
[0.435s] Level 1:colcon.colcon_core.package_identification:_identify(src/svea_charging2/src/third_party/PythonRobotics/PathPlanning/LQRRRTStar) by extension 'colcon_meta'
[0.435s] Level 1:colcon.colcon_core.package_identification:_identify(src/svea_charging2/src/third_party/PythonRobotics/PathPlanning/LQRRRTStar) by extensions ['ros']
[0.435s] Level 1:colcon.colcon_core.package_identification:_identify(src/svea_charging2/src/third_party/PythonRobotics/PathPlanning/LQRRRTStar) by extension 'ros'
[0.436s] Level 1:colcon.colcon_core.package_identification:_identify(src/svea_charging2/src/third_party/PythonRobotics/PathPlanning/LQRRRTStar) by extensions ['cmake', 'python']
[0.436s] Level 1:colcon.colcon_core.package_identification:_identify(src/svea_charging2/src/third_party/PythonRobotics/PathPlanning/LQRRRTStar) by extension 'cmake'
[0.436s] Level 1:colcon.colcon_core.package_identification:_identify(src/svea_charging2/src/third_party/PythonRobotics/PathPlanning/LQRRRTStar) by extension 'python'
[0.436s] Level 1:colcon.colcon_core.package_identification:_identify(src/svea_charging2/src/third_party/PythonRobotics/PathPlanning/LQRRRTStar) by extensions ['python_setup_py']
[0.436s] Level 1:colcon.colcon_core.package_identification:_identify(src/svea_charging2/src/third_party/PythonRobotics/PathPlanning/LQRRRTStar) by extension 'python_setup_py'
[0.436s] Level 1:colcon.colcon_core.package_identification:_identify(src/svea_charging2/src/third_party/PythonRobotics/PathPlanning/ModelPredictiveTrajectoryGenerator) by extensions ['ignore', 'ignore_ament_install']
[0.436s] Level 1:colcon.colcon_core.package_identification:_identify(src/svea_charging2/src/third_party/PythonRobotics/PathPlanning/ModelPredictiveTrajectoryGenerator) by extension 'ignore'
[0.436s] Level 1:colcon.colcon_core.package_identification:_identify(src/svea_charging2/src/third_party/PythonRobotics/PathPlanning/ModelPredictiveTrajectoryGenerator) by extension 'ignore_ament_install'
[0.436s] Level 1:colcon.colcon_core.package_identification:_identify(src/svea_charging2/src/third_party/PythonRobotics/PathPlanning/ModelPredictiveTrajectoryGenerator) by extensions ['colcon_pkg']
[0.436s] Level 1:colcon.colcon_core.package_identification:_identify(src/svea_charging2/src/third_party/PythonRobotics/PathPlanning/ModelPredictiveTrajectoryGenerator) by extension 'colcon_pkg'
[0.436s] Level 1:colcon.colcon_core.package_identification:_identify(src/svea_charging2/src/third_party/PythonRobotics/PathPlanning/ModelPredictiveTrajectoryGenerator) by extensions ['colcon_meta']
[0.436s] Level 1:colcon.colcon_core.package_identification:_identify(src/svea_charging2/src/third_party/PythonRobotics/PathPlanning/ModelPredictiveTrajectoryGenerator) by extension 'colcon_meta'
[0.436s] Level 1:colcon.colcon_core.package_identification:_identify(src/svea_charging2/src/third_party/PythonRobotics/PathPlanning/ModelPredictiveTrajectoryGenerator) by extensions ['ros']
[0.437s] Level 1:colcon.colcon_core.package_identification:_identify(src/svea_charging2/src/third_party/PythonRobotics/PathPlanning/ModelPredictiveTrajectoryGenerator) by extension 'ros'
[0.437s] Level 1:colcon.colcon_core.package_identification:_identify(src/svea_charging2/src/third_party/PythonRobotics/PathPlanning/ModelPredictiveTrajectoryGenerator) by extensions ['cmake', 'python']
[0.437s] Level 1:colcon.colcon_core.package_identification:_identify(src/svea_charging2/src/third_party/PythonRobotics/PathPlanning/ModelPredictiveTrajectoryGenerator) by extension 'cmake'
[0.437s] Level 1:colcon.colcon_core.package_identification:_identify(src/svea_charging2/src/third_party/PythonRobotics/PathPlanning/ModelPredictiveTrajectoryGenerator) by extension 'python'
[0.437s] Level 1:colcon.colcon_core.package_identification:_identify(src/svea_charging2/src/third_party/PythonRobotics/PathPlanning/ModelPredictiveTrajectoryGenerator) by extensions ['python_setup_py']
[0.437s] Level 1:colcon.colcon_core.package_identification:_identify(src/svea_charging2/src/third_party/PythonRobotics/PathPlanning/ModelPredictiveTrajectoryGenerator) by extension 'python_setup_py'
[0.437s] Level 1:colcon.colcon_core.package_identification:_identify(src/svea_charging2/src/third_party/PythonRobotics/PathPlanning/ParticleSwarmOptimization) by extensions ['ignore', 'ignore_ament_install']
[0.437s] Level 1:colcon.colcon_core.package_identification:_identify(src/svea_charging2/src/third_party/PythonRobotics/PathPlanning/ParticleSwarmOptimization) by extension 'ignore'
[0.437s] Level 1:colcon.colcon_core.package_identification:_identify(src/svea_charging2/src/third_party/PythonRobotics/PathPlanning/ParticleSwarmOptimization) by extension 'ignore_ament_install'
[0.437s] Level 1:colcon.colcon_core.package_identification:_identify(src/svea_charging2/src/third_party/PythonRobotics/PathPlanning/ParticleSwarmOptimization) by extensions ['colcon_pkg']
[0.437s] Level 1:colcon.colcon_core.package_identification:_identify(src/svea_charging2/src/third_party/PythonRobotics/PathPlanning/ParticleSwarmOptimization) by extension 'colcon_pkg'
[0.437s] Level 1:colcon.colcon_core.package_identification:_identify(src/svea_charging2/src/third_party/PythonRobotics/PathPlanning/ParticleSwarmOptimization) by extensions ['colcon_meta']
[0.437s] Level 1:colcon.colcon_core.package_identification:_identify(src/svea_charging2/src/third_party/PythonRobotics/PathPlanning/ParticleSwarmOptimization) by extension 'colcon_meta'
[0.438s] Level 1:colcon.colcon_core.package_identification:_identify(src/svea_charging2/src/third_party/PythonRobotics/PathPlanning/ParticleSwarmOptimization) by extensions ['ros']
[0.438s] Level 1:colcon.colcon_core.package_identification:_identify(src/svea_charging2/src/third_party/PythonRobotics/PathPlanning/ParticleSwarmOptimization) by extension 'ros'
[0.438s] Level 1:colcon.colcon_core.package_identification:_identify(src/svea_charging2/src/third_party/PythonRobotics/PathPlanning/ParticleSwarmOptimization) by extensions ['cmake', 'python']
[0.438s] Level 1:colcon.colcon_core.package_identification:_identify(src/svea_charging2/src/third_party/PythonRobotics/PathPlanning/ParticleSwarmOptimization) by extension 'cmake'
[0.438s] Level 1:colcon.colcon_core.package_identification:_identify(src/svea_charging2/src/third_party/PythonRobotics/PathPlanning/ParticleSwarmOptimization) by extension 'python'
[0.438s] Level 1:colcon.colcon_core.package_identification:_identify(src/svea_charging2/src/third_party/PythonRobotics/PathPlanning/ParticleSwarmOptimization) by extensions ['python_setup_py']
[0.438s] Level 1:colcon.colcon_core.package_identification:_identify(src/svea_charging2/src/third_party/PythonRobotics/PathPlanning/ParticleSwarmOptimization) by extension 'python_setup_py'
[0.438s] Level 1:colcon.colcon_core.package_identification:_identify(src/svea_charging2/src/third_party/PythonRobotics/PathPlanning/PotentialFieldPlanning) by extensions ['ignore', 'ignore_ament_install']
[0.438s] Level 1:colcon.colcon_core.package_identification:_identify(src/svea_charging2/src/third_party/PythonRobotics/PathPlanning/PotentialFieldPlanning) by extension 'ignore'
[0.438s] Level 1:colcon.colcon_core.package_identification:_identify(src/svea_charging2/src/third_party/PythonRobotics/PathPlanning/PotentialFieldPlanning) by extension 'ignore_ament_install'
[0.438s] Level 1:colcon.colcon_core.package_identification:_identify(src/svea_charging2/src/third_party/PythonRobotics/PathPlanning/PotentialFieldPlanning) by extensions ['colcon_pkg']
[0.438s] Level 1:colcon.colcon_core.package_identification:_identify(src/svea_charging2/src/third_party/PythonRobotics/PathPlanning/PotentialFieldPlanning) by extension 'colcon_pkg'
[0.438s] Level 1:colcon.colcon_core.package_identification:_identify(src/svea_charging2/src/third_party/PythonRobotics/PathPlanning/PotentialFieldPlanning) by extensions ['colcon_meta']
[0.438s] Level 1:colcon.colcon_core.package_identification:_identify(src/svea_charging2/src/third_party/PythonRobotics/PathPlanning/PotentialFieldPlanning) by extension 'colcon_meta'
[0.439s] Level 1:colcon.colcon_core.package_identification:_identify(src/svea_charging2/src/third_party/PythonRobotics/PathPlanning/PotentialFieldPlanning) by extensions ['ros']
[0.439s] Level 1:colcon.colcon_core.package_identification:_identify(src/svea_charging2/src/third_party/PythonRobotics/PathPlanning/PotentialFieldPlanning) by extension 'ros'
[0.439s] Level 1:colcon.colcon_core.package_identification:_identify(src/svea_charging2/src/third_party/PythonRobotics/PathPlanning/PotentialFieldPlanning) by extensions ['cmake', 'python']
[0.439s] Level 1:colcon.colcon_core.package_identification:_identify(src/svea_charging2/src/third_party/PythonRobotics/PathPlanning/PotentialFieldPlanning) by extension 'cmake'
[0.439s] Level 1:colcon.colcon_core.package_identification:_identify(src/svea_charging2/src/third_party/PythonRobotics/PathPlanning/PotentialFieldPlanning) by extension 'python'
[0.439s] Level 1:colcon.colcon_core.package_identification:_identify(src/svea_charging2/src/third_party/PythonRobotics/PathPlanning/PotentialFieldPlanning) by extensions ['python_setup_py']
[0.439s] Level 1:colcon.colcon_core.package_identification:_identify(src/svea_charging2/src/third_party/PythonRobotics/PathPlanning/PotentialFieldPlanning) by extension 'python_setup_py'
[0.439s] Level 1:colcon.colcon_core.package_identification:_identify(src/svea_charging2/src/third_party/PythonRobotics/PathPlanning/ProbabilisticRoadMap) by extensions ['ignore', 'ignore_ament_install']
[0.439s] Level 1:colcon.colcon_core.package_identification:_identify(src/svea_charging2/src/third_party/PythonRobotics/PathPlanning/ProbabilisticRoadMap) by extension 'ignore'
[0.439s] Level 1:colcon.colcon_core.package_identification:_identify(src/svea_charging2/src/third_party/PythonRobotics/PathPlanning/ProbabilisticRoadMap) by extension 'ignore_ament_install'
[0.439s] Level 1:colcon.colcon_core.package_identification:_identify(src/svea_charging2/src/third_party/PythonRobotics/PathPlanning/ProbabilisticRoadMap) by extensions ['colcon_pkg']
[0.439s] Level 1:colcon.colcon_core.package_identification:_identify(src/svea_charging2/src/third_party/PythonRobotics/PathPlanning/ProbabilisticRoadMap) by extension 'colcon_pkg'
[0.439s] Level 1:colcon.colcon_core.package_identification:_identify(src/svea_charging2/src/third_party/PythonRobotics/PathPlanning/ProbabilisticRoadMap) by extensions ['colcon_meta']
[0.439s] Level 1:colcon.colcon_core.package_identification:_identify(src/svea_charging2/src/third_party/PythonRobotics/PathPlanning/ProbabilisticRoadMap) by extension 'colcon_meta'
[0.440s] Level 1:colcon.colcon_core.package_identification:_identify(src/svea_charging2/src/third_party/PythonRobotics/PathPlanning/ProbabilisticRoadMap) by extensions ['ros']
[0.440s] Level 1:colcon.colcon_core.package_identification:_identify(src/svea_charging2/src/third_party/PythonRobotics/PathPlanning/ProbabilisticRoadMap) by extension 'ros'
[0.440s] Level 1:colcon.colcon_core.package_identification:_identify(src/svea_charging2/src/third_party/PythonRobotics/PathPlanning/ProbabilisticRoadMap) by extensions ['cmake', 'python']
[0.440s] Level 1:colcon.colcon_core.package_identification:_identify(src/svea_charging2/src/third_party/PythonRobotics/PathPlanning/ProbabilisticRoadMap) by extension 'cmake'
[0.440s] Level 1:colcon.colcon_core.package_identification:_identify(src/svea_charging2/src/third_party/PythonRobotics/PathPlanning/ProbabilisticRoadMap) by extension 'python'
[0.440s] Level 1:colcon.colcon_core.package_identification:_identify(src/svea_charging2/src/third_party/PythonRobotics/PathPlanning/ProbabilisticRoadMap) by extensions ['python_setup_py']
[0.440s] Level 1:colcon.colcon_core.package_identification:_identify(src/svea_charging2/src/third_party/PythonRobotics/PathPlanning/ProbabilisticRoadMap) by extension 'python_setup_py'
[0.440s] Level 1:colcon.colcon_core.package_identification:_identify(src/svea_charging2/src/third_party/PythonRobotics/PathPlanning/QuinticPolynomialsPlanner) by extensions ['ignore', 'ignore_ament_install']
[0.440s] Level 1:colcon.colcon_core.package_identification:_identify(src/svea_charging2/src/third_party/PythonRobotics/PathPlanning/QuinticPolynomialsPlanner) by extension 'ignore'
[0.440s] Level 1:colcon.colcon_core.package_identification:_identify(src/svea_charging2/src/third_party/PythonRobotics/PathPlanning/QuinticPolynomialsPlanner) by extension 'ignore_ament_install'
[0.440s] Level 1:colcon.colcon_core.package_identification:_identify(src/svea_charging2/src/third_party/PythonRobotics/PathPlanning/QuinticPolynomialsPlanner) by extensions ['colcon_pkg']
[0.440s] Level 1:colcon.colcon_core.package_identification:_identify(src/svea_charging2/src/third_party/PythonRobotics/PathPlanning/QuinticPolynomialsPlanner) by extension 'colcon_pkg'
[0.440s] Level 1:colcon.colcon_core.package_identification:_identify(src/svea_charging2/src/third_party/PythonRobotics/PathPlanning/QuinticPolynomialsPlanner) by extensions ['colcon_meta']
[0.440s] Level 1:colcon.colcon_core.package_identification:_identify(src/svea_charging2/src/third_party/PythonRobotics/PathPlanning/QuinticPolynomialsPlanner) by extension 'colcon_meta'
[0.441s] Level 1:colcon.colcon_core.package_identification:_identify(src/svea_charging2/src/third_party/PythonRobotics/PathPlanning/QuinticPolynomialsPlanner) by extensions ['ros']
[0.441s] Level 1:colcon.colcon_core.package_identification:_identify(src/svea_charging2/src/third_party/PythonRobotics/PathPlanning/QuinticPolynomialsPlanner) by extension 'ros'
[0.441s] Level 1:colcon.colcon_core.package_identification:_identify(src/svea_charging2/src/third_party/PythonRobotics/PathPlanning/QuinticPolynomialsPlanner) by extensions ['cmake', 'python']
[0.441s] Level 1:colcon.colcon_core.package_identification:_identify(src/svea_charging2/src/third_party/PythonRobotics/PathPlanning/QuinticPolynomialsPlanner) by extension 'cmake'
[0.441s] Level 1:colcon.colcon_core.package_identification:_identify(src/svea_charging2/src/third_party/PythonRobotics/PathPlanning/QuinticPolynomialsPlanner) by extension 'python'
[0.441s] Level 1:colcon.colcon_core.package_identification:_identify(src/svea_charging2/src/third_party/PythonRobotics/PathPlanning/QuinticPolynomialsPlanner) by extensions ['python_setup_py']
[0.441s] Level 1:colcon.colcon_core.package_identification:_identify(src/svea_charging2/src/third_party/PythonRobotics/PathPlanning/QuinticPolynomialsPlanner) by extension 'python_setup_py'
[0.441s] Level 1:colcon.colcon_core.package_identification:_identify(src/svea_charging2/src/third_party/PythonRobotics/PathPlanning/RRT) by extensions ['ignore', 'ignore_ament_install']
[0.441s] Level 1:colcon.colcon_core.package_identification:_identify(src/svea_charging2/src/third_party/PythonRobotics/PathPlanning/RRT) by extension 'ignore'
[0.441s] Level 1:colcon.colcon_core.package_identification:_identify(src/svea_charging2/src/third_party/PythonRobotics/PathPlanning/RRT) by extension 'ignore_ament_install'
[0.441s] Level 1:colcon.colcon_core.package_identification:_identify(src/svea_charging2/src/third_party/PythonRobotics/PathPlanning/RRT) by extensions ['colcon_pkg']
[0.441s] Level 1:colcon.colcon_core.package_identification:_identify(src/svea_charging2/src/third_party/PythonRobotics/PathPlanning/RRT) by extension 'colcon_pkg'
[0.441s] Level 1:colcon.colcon_core.package_identification:_identify(src/svea_charging2/src/third_party/PythonRobotics/PathPlanning/RRT) by extensions ['colcon_meta']
[0.442s] Level 1:colcon.colcon_core.package_identification:_identify(src/svea_charging2/src/third_party/PythonRobotics/PathPlanning/RRT) by extension 'colcon_meta'
[0.442s] Level 1:colcon.colcon_core.package_identification:_identify(src/svea_charging2/src/third_party/PythonRobotics/PathPlanning/RRT) by extensions ['ros']
[0.442s] Level 1:colcon.colcon_core.package_identification:_identify(src/svea_charging2/src/third_party/PythonRobotics/PathPlanning/RRT) by extension 'ros'
[0.442s] Level 1:colcon.colcon_core.package_identification:_identify(src/svea_charging2/src/third_party/PythonRobotics/PathPlanning/RRT) by extensions ['cmake', 'python']
[0.442s] Level 1:colcon.colcon_core.package_identification:_identify(src/svea_charging2/src/third_party/PythonRobotics/PathPlanning/RRT) by extension 'cmake'
[0.442s] Level 1:colcon.colcon_core.package_identification:_identify(src/svea_charging2/src/third_party/PythonRobotics/PathPlanning/RRT) by extension 'python'
[0.442s] Level 1:colcon.colcon_core.package_identification:_identify(src/svea_charging2/src/third_party/PythonRobotics/PathPlanning/RRT) by extensions ['python_setup_py']
[0.442s] Level 1:colcon.colcon_core.package_identification:_identify(src/svea_charging2/src/third_party/PythonRobotics/PathPlanning/RRT) by extension 'python_setup_py'
[0.442s] Level 1:colcon.colcon_core.package_identification:_identify(src/svea_charging2/src/third_party/PythonRobotics/PathPlanning/RRT/sobol) by extensions ['ignore', 'ignore_ament_install']
[0.442s] Level 1:colcon.colcon_core.package_identification:_identify(src/svea_charging2/src/third_party/PythonRobotics/PathPlanning/RRT/sobol) by extension 'ignore'
[0.442s] Level 1:colcon.colcon_core.package_identification:_identify(src/svea_charging2/src/third_party/PythonRobotics/PathPlanning/RRT/sobol) by extension 'ignore_ament_install'
[0.442s] Level 1:colcon.colcon_core.package_identification:_identify(src/svea_charging2/src/third_party/PythonRobotics/PathPlanning/RRT/sobol) by extensions ['colcon_pkg']
[0.442s] Level 1:colcon.colcon_core.package_identification:_identify(src/svea_charging2/src/third_party/PythonRobotics/PathPlanning/RRT/sobol) by extension 'colcon_pkg'
[0.443s] Level 1:colcon.colcon_core.package_identification:_identify(src/svea_charging2/src/third_party/PythonRobotics/PathPlanning/RRT/sobol) by extensions ['colcon_meta']
[0.443s] Level 1:colcon.colcon_core.package_identification:_identify(src/svea_charging2/src/third_party/PythonRobotics/PathPlanning/RRT/sobol) by extension 'colcon_meta'
[0.443s] Level 1:colcon.colcon_core.package_identification:_identify(src/svea_charging2/src/third_party/PythonRobotics/PathPlanning/RRT/sobol) by extensions ['ros']
[0.443s] Level 1:colcon.colcon_core.package_identification:_identify(src/svea_charging2/src/third_party/PythonRobotics/PathPlanning/RRT/sobol) by extension 'ros'
[0.443s] Level 1:colcon.colcon_core.package_identification:_identify(src/svea_charging2/src/third_party/PythonRobotics/PathPlanning/RRT/sobol) by extensions ['cmake', 'python']
[0.443s] Level 1:colcon.colcon_core.package_identification:_identify(src/svea_charging2/src/third_party/PythonRobotics/PathPlanning/RRT/sobol) by extension 'cmake'
[0.443s] Level 1:colcon.colcon_core.package_identification:_identify(src/svea_charging2/src/third_party/PythonRobotics/PathPlanning/RRT/sobol) by extension 'python'
[0.443s] Level 1:colcon.colcon_core.package_identification:_identify(src/svea_charging2/src/third_party/PythonRobotics/PathPlanning/RRT/sobol) by extensions ['python_setup_py']
[0.443s] Level 1:colcon.colcon_core.package_identification:_identify(src/svea_charging2/src/third_party/PythonRobotics/PathPlanning/RRT/sobol) by extension 'python_setup_py'
[0.443s] Level 1:colcon.colcon_core.package_identification:_identify(src/svea_charging2/src/third_party/PythonRobotics/PathPlanning/RRTDubins) by extensions ['ignore', 'ignore_ament_install']
[0.443s] Level 1:colcon.colcon_core.package_identification:_identify(src/svea_charging2/src/third_party/PythonRobotics/PathPlanning/RRTDubins) by extension 'ignore'
[0.443s] Level 1:colcon.colcon_core.package_identification:_identify(src/svea_charging2/src/third_party/PythonRobotics/PathPlanning/RRTDubins) by extension 'ignore_ament_install'
[0.443s] Level 1:colcon.colcon_core.package_identification:_identify(src/svea_charging2/src/third_party/PythonRobotics/PathPlanning/RRTDubins) by extensions ['colcon_pkg']
[0.444s] Level 1:colcon.colcon_core.package_identification:_identify(src/svea_charging2/src/third_party/PythonRobotics/PathPlanning/RRTDubins) by extension 'colcon_pkg'
[0.444s] Level 1:colcon.colcon_core.package_identification:_identify(src/svea_charging2/src/third_party/PythonRobotics/PathPlanning/RRTDubins) by extensions ['colcon_meta']
[0.444s] Level 1:colcon.colcon_core.package_identification:_identify(src/svea_charging2/src/third_party/PythonRobotics/PathPlanning/RRTDubins) by extension 'colcon_meta'
[0.444s] Level 1:colcon.colcon_core.package_identification:_identify(src/svea_charging2/src/third_party/PythonRobotics/PathPlanning/RRTDubins) by extensions ['ros']
[0.444s] Level 1:colcon.colcon_core.package_identification:_identify(src/svea_charging2/src/third_party/PythonRobotics/PathPlanning/RRTDubins) by extension 'ros'
[0.444s] Level 1:colcon.colcon_core.package_identification:_identify(src/svea_charging2/src/third_party/PythonRobotics/PathPlanning/RRTDubins) by extensions ['cmake', 'python']
[0.444s] Level 1:colcon.colcon_core.package_identification:_identify(src/svea_charging2/src/third_party/PythonRobotics/PathPlanning/RRTDubins) by extension 'cmake'
[0.444s] Level 1:colcon.colcon_core.package_identification:_identify(src/svea_charging2/src/third_party/PythonRobotics/PathPlanning/RRTDubins) by extension 'python'
[0.444s] Level 1:colcon.colcon_core.package_identification:_identify(src/svea_charging2/src/third_party/PythonRobotics/PathPlanning/RRTDubins) by extensions ['python_setup_py']
[0.444s] Level 1:colcon.colcon_core.package_identification:_identify(src/svea_charging2/src/third_party/PythonRobotics/PathPlanning/RRTDubins) by extension 'python_setup_py'
[0.444s] Level 1:colcon.colcon_core.package_identification:_identify(src/svea_charging2/src/third_party/PythonRobotics/PathPlanning/RRTStar) by extensions ['ignore', 'ignore_ament_install']
[0.444s] Level 1:colcon.colcon_core.package_identification:_identify(src/svea_charging2/src/third_party/PythonRobotics/PathPlanning/RRTStar) by extension 'ignore'
[0.444s] Level 1:colcon.colcon_core.package_identification:_identify(src/svea_charging2/src/third_party/PythonRobotics/PathPlanning/RRTStar) by extension 'ignore_ament_install'
[0.444s] Level 1:colcon.colcon_core.package_identification:_identify(src/svea_charging2/src/third_party/PythonRobotics/PathPlanning/RRTStar) by extensions ['colcon_pkg']
[0.445s] Level 1:colcon.colcon_core.package_identification:_identify(src/svea_charging2/src/third_party/PythonRobotics/PathPlanning/RRTStar) by extension 'colcon_pkg'
[0.445s] Level 1:colcon.colcon_core.package_identification:_identify(src/svea_charging2/src/third_party/PythonRobotics/PathPlanning/RRTStar) by extensions ['colcon_meta']
[0.445s] Level 1:colcon.colcon_core.package_identification:_identify(src/svea_charging2/src/third_party/PythonRobotics/PathPlanning/RRTStar) by extension 'colcon_meta'
[0.445s] Level 1:colcon.colcon_core.package_identification:_identify(src/svea_charging2/src/third_party/PythonRobotics/PathPlanning/RRTStar) by extensions ['ros']
[0.445s] Level 1:colcon.colcon_core.package_identification:_identify(src/svea_charging2/src/third_party/PythonRobotics/PathPlanning/RRTStar) by extension 'ros'
[0.445s] Level 1:colcon.colcon_core.package_identification:_identify(src/svea_charging2/src/third_party/PythonRobotics/PathPlanning/RRTStar) by extensions ['cmake', 'python']
[0.445s] Level 1:colcon.colcon_core.package_identification:_identify(src/svea_charging2/src/third_party/PythonRobotics/PathPlanning/RRTStar) by extension 'cmake'
[0.445s] Level 1:colcon.colcon_core.package_identification:_identify(src/svea_charging2/src/third_party/PythonRobotics/PathPlanning/RRTStar) by extension 'python'
[0.445s] Level 1:colcon.colcon_core.package_identification:_identify(src/svea_charging2/src/third_party/PythonRobotics/PathPlanning/RRTStar) by extensions ['python_setup_py']
[0.445s] Level 1:colcon.colcon_core.package_identification:_identify(src/svea_charging2/src/third_party/PythonRobotics/PathPlanning/RRTStar) by extension 'python_setup_py'
[0.445s] Level 1:colcon.colcon_core.package_identification:_identify(src/svea_charging2/src/third_party/PythonRobotics/PathPlanning/RRTStarDubins) by extensions ['ignore', 'ignore_ament_install']
[0.445s] Level 1:colcon.colcon_core.package_identification:_identify(src/svea_charging2/src/third_party/PythonRobotics/PathPlanning/RRTStarDubins) by extension 'ignore'
[0.445s] Level 1:colcon.colcon_core.package_identification:_identify(src/svea_charging2/src/third_party/PythonRobotics/PathPlanning/RRTStarDubins) by extension 'ignore_ament_install'
[0.446s] Level 1:colcon.colcon_core.package_identification:_identify(src/svea_charging2/src/third_party/PythonRobotics/PathPlanning/RRTStarDubins) by extensions ['colcon_pkg']
[0.446s] Level 1:colcon.colcon_core.package_identification:_identify(src/svea_charging2/src/third_party/PythonRobotics/PathPlanning/RRTStarDubins) by extension 'colcon_pkg'
[0.446s] Level 1:colcon.colcon_core.package_identification:_identify(src/svea_charging2/src/third_party/PythonRobotics/PathPlanning/RRTStarDubins) by extensions ['colcon_meta']
[0.446s] Level 1:colcon.colcon_core.package_identification:_identify(src/svea_charging2/src/third_party/PythonRobotics/PathPlanning/RRTStarDubins) by extension 'colcon_meta'
[0.446s] Level 1:colcon.colcon_core.package_identification:_identify(src/svea_charging2/src/third_party/PythonRobotics/PathPlanning/RRTStarDubins) by extensions ['ros']
[0.446s] Level 1:colcon.colcon_core.package_identification:_identify(src/svea_charging2/src/third_party/PythonRobotics/PathPlanning/RRTStarDubins) by extension 'ros'
[0.446s] Level 1:colcon.colcon_core.package_identification:_identify(src/svea_charging2/src/third_party/PythonRobotics/PathPlanning/RRTStarDubins) by extensions ['cmake', 'python']
[0.446s] Level 1:colcon.colcon_core.package_identification:_identify(src/svea_charging2/src/third_party/PythonRobotics/PathPlanning/RRTStarDubins) by extension 'cmake'
[0.446s] Level 1:colcon.colcon_core.package_identification:_identify(src/svea_charging2/src/third_party/PythonRobotics/PathPlanning/RRTStarDubins) by extension 'python'
[0.446s] Level 1:colcon.colcon_core.package_identification:_identify(src/svea_charging2/src/third_party/PythonRobotics/PathPlanning/RRTStarDubins) by extensions ['python_setup_py']
[0.446s] Level 1:colcon.colcon_core.package_identification:_identify(src/svea_charging2/src/third_party/PythonRobotics/PathPlanning/RRTStarDubins) by extension 'python_setup_py'
[0.446s] Level 1:colcon.colcon_core.package_identification:_identify(src/svea_charging2/src/third_party/PythonRobotics/PathPlanning/RRTStarReedsShepp) by extensions ['ignore', 'ignore_ament_install']
[0.446s] Level 1:colcon.colcon_core.package_identification:_identify(src/svea_charging2/src/third_party/PythonRobotics/PathPlanning/RRTStarReedsShepp) by extension 'ignore'
[0.446s] Level 1:colcon.colcon_core.package_identification:_identify(src/svea_charging2/src/third_party/PythonRobotics/PathPlanning/RRTStarReedsShepp) by extension 'ignore_ament_install'
[0.447s] Level 1:colcon.colcon_core.package_identification:_identify(src/svea_charging2/src/third_party/PythonRobotics/PathPlanning/RRTStarReedsShepp) by extensions ['colcon_pkg']
[0.447s] Level 1:colcon.colcon_core.package_identification:_identify(src/svea_charging2/src/third_party/PythonRobotics/PathPlanning/RRTStarReedsShepp) by extension 'colcon_pkg'
[0.447s] Level 1:colcon.colcon_core.package_identification:_identify(src/svea_charging2/src/third_party/PythonRobotics/PathPlanning/RRTStarReedsShepp) by extensions ['colcon_meta']
[0.447s] Level 1:colcon.colcon_core.package_identification:_identify(src/svea_charging2/src/third_party/PythonRobotics/PathPlanning/RRTStarReedsShepp) by extension 'colcon_meta'
[0.447s] Level 1:colcon.colcon_core.package_identification:_identify(src/svea_charging2/src/third_party/PythonRobotics/PathPlanning/RRTStarReedsShepp) by extensions ['ros']
[0.447s] Level 1:colcon.colcon_core.package_identification:_identify(src/svea_charging2/src/third_party/PythonRobotics/PathPlanning/RRTStarReedsShepp) by extension 'ros'
[0.447s] Level 1:colcon.colcon_core.package_identification:_identify(src/svea_charging2/src/third_party/PythonRobotics/PathPlanning/RRTStarReedsShepp) by extensions ['cmake', 'python']
[0.447s] Level 1:colcon.colcon_core.package_identification:_identify(src/svea_charging2/src/third_party/PythonRobotics/PathPlanning/RRTStarReedsShepp) by extension 'cmake'
[0.447s] Level 1:colcon.colcon_core.package_identification:_identify(src/svea_charging2/src/third_party/PythonRobotics/PathPlanning/RRTStarReedsShepp) by extension 'python'
[0.447s] Level 1:colcon.colcon_core.package_identification:_identify(src/svea_charging2/src/third_party/PythonRobotics/PathPlanning/RRTStarReedsShepp) by extensions ['python_setup_py']
[0.447s] Level 1:colcon.colcon_core.package_identification:_identify(src/svea_charging2/src/third_party/PythonRobotics/PathPlanning/RRTStarReedsShepp) by extension 'python_setup_py'
[0.447s] Level 1:colcon.colcon_core.package_identification:_identify(src/svea_charging2/src/third_party/PythonRobotics/PathPlanning/ReedsSheppPath) by extensions ['ignore', 'ignore_ament_install']
[0.447s] Level 1:colcon.colcon_core.package_identification:_identify(src/svea_charging2/src/third_party/PythonRobotics/PathPlanning/ReedsSheppPath) by extension 'ignore'
[0.448s] Level 1:colcon.colcon_core.package_identification:_identify(src/svea_charging2/src/third_party/PythonRobotics/PathPlanning/ReedsSheppPath) by extension 'ignore_ament_install'
[0.448s] Level 1:colcon.colcon_core.package_identification:_identify(src/svea_charging2/src/third_party/PythonRobotics/PathPlanning/ReedsSheppPath) by extensions ['colcon_pkg']
[0.448s] Level 1:colcon.colcon_core.package_identification:_identify(src/svea_charging2/src/third_party/PythonRobotics/PathPlanning/ReedsSheppPath) by extension 'colcon_pkg'
[0.448s] Level 1:colcon.colcon_core.package_identification:_identify(src/svea_charging2/src/third_party/PythonRobotics/PathPlanning/ReedsSheppPath) by extensions ['colcon_meta']
[0.448s] Level 1:colcon.colcon_core.package_identification:_identify(src/svea_charging2/src/third_party/PythonRobotics/PathPlanning/ReedsSheppPath) by extension 'colcon_meta'
[0.448s] Level 1:colcon.colcon_core.package_identification:_identify(src/svea_charging2/src/third_party/PythonRobotics/PathPlanning/ReedsSheppPath) by extensions ['ros']
[0.448s] Level 1:colcon.colcon_core.package_identification:_identify(src/svea_charging2/src/third_party/PythonRobotics/PathPlanning/ReedsSheppPath) by extension 'ros'
[0.448s] Level 1:colcon.colcon_core.package_identification:_identify(src/svea_charging2/src/third_party/PythonRobotics/PathPlanning/ReedsSheppPath) by extensions ['cmake', 'python']
[0.448s] Level 1:colcon.colcon_core.package_identification:_identify(src/svea_charging2/src/third_party/PythonRobotics/PathPlanning/ReedsSheppPath) by extension 'cmake'
[0.448s] Level 1:colcon.colcon_core.package_identification:_identify(src/svea_charging2/src/third_party/PythonRobotics/PathPlanning/ReedsSheppPath) by extension 'python'
[0.448s] Level 1:colcon.colcon_core.package_identification:_identify(src/svea_charging2/src/third_party/PythonRobotics/PathPlanning/ReedsSheppPath) by extensions ['python_setup_py']
[0.448s] Level 1:colcon.colcon_core.package_identification:_identify(src/svea_charging2/src/third_party/PythonRobotics/PathPlanning/ReedsSheppPath) by extension 'python_setup_py'
[0.448s] Level 1:colcon.colcon_core.package_identification:_identify(src/svea_charging2/src/third_party/PythonRobotics/PathPlanning/SpiralSpanningTreeCPP) by extensions ['ignore', 'ignore_ament_install']
[0.449s] Level 1:colcon.colcon_core.package_identification:_identify(src/svea_charging2/src/third_party/PythonRobotics/PathPlanning/SpiralSpanningTreeCPP) by extension 'ignore'
[0.449s] Level 1:colcon.colcon_core.package_identification:_identify(src/svea_charging2/src/third_party/PythonRobotics/PathPlanning/SpiralSpanningTreeCPP) by extension 'ignore_ament_install'
[0.449s] Level 1:colcon.colcon_core.package_identification:_identify(src/svea_charging2/src/third_party/PythonRobotics/PathPlanning/SpiralSpanningTreeCPP) by extensions ['colcon_pkg']
[0.449s] Level 1:colcon.colcon_core.package_identification:_identify(src/svea_charging2/src/third_party/PythonRobotics/PathPlanning/SpiralSpanningTreeCPP) by extension 'colcon_pkg'
[0.449s] Level 1:colcon.colcon_core.package_identification:_identify(src/svea_charging2/src/third_party/PythonRobotics/PathPlanning/SpiralSpanningTreeCPP) by extensions ['colcon_meta']
[0.449s] Level 1:colcon.colcon_core.package_identification:_identify(src/svea_charging2/src/third_party/PythonRobotics/PathPlanning/SpiralSpanningTreeCPP) by extension 'colcon_meta'
[0.449s] Level 1:colcon.colcon_core.package_identification:_identify(src/svea_charging2/src/third_party/PythonRobotics/PathPlanning/SpiralSpanningTreeCPP) by extensions ['ros']
[0.449s] Level 1:colcon.colcon_core.package_identification:_identify(src/svea_charging2/src/third_party/PythonRobotics/PathPlanning/SpiralSpanningTreeCPP) by extension 'ros'
[0.449s] Level 1:colcon.colcon_core.package_identification:_identify(src/svea_charging2/src/third_party/PythonRobotics/PathPlanning/SpiralSpanningTreeCPP) by extensions ['cmake', 'python']
[0.449s] Level 1:colcon.colcon_core.package_identification:_identify(src/svea_charging2/src/third_party/PythonRobotics/PathPlanning/SpiralSpanningTreeCPP) by extension 'cmake'
[0.449s] Level 1:colcon.colcon_core.package_identification:_identify(src/svea_charging2/src/third_party/PythonRobotics/PathPlanning/SpiralSpanningTreeCPP) by extension 'python'
[0.449s] Level 1:colcon.colcon_core.package_identification:_identify(src/svea_charging2/src/third_party/PythonRobotics/PathPlanning/SpiralSpanningTreeCPP) by extensions ['python_setup_py']
[0.449s] Level 1:colcon.colcon_core.package_identification:_identify(src/svea_charging2/src/third_party/PythonRobotics/PathPlanning/SpiralSpanningTreeCPP) by extension 'python_setup_py'
[0.449s] Level 1:colcon.colcon_core.package_identification:_identify(src/svea_charging2/src/third_party/PythonRobotics/PathPlanning/SpiralSpanningTreeCPP/map) by extensions ['ignore', 'ignore_ament_install']
[0.450s] Level 1:colcon.colcon_core.package_identification:_identify(src/svea_charging2/src/third_party/PythonRobotics/PathPlanning/SpiralSpanningTreeCPP/map) by extension 'ignore'
[0.450s] Level 1:colcon.colcon_core.package_identification:_identify(src/svea_charging2/src/third_party/PythonRobotics/PathPlanning/SpiralSpanningTreeCPP/map) by extension 'ignore_ament_install'
[0.450s] Level 1:colcon.colcon_core.package_identification:_identify(src/svea_charging2/src/third_party/PythonRobotics/PathPlanning/SpiralSpanningTreeCPP/map) by extensions ['colcon_pkg']
[0.450s] Level 1:colcon.colcon_core.package_identification:_identify(src/svea_charging2/src/third_party/PythonRobotics/PathPlanning/SpiralSpanningTreeCPP/map) by extension 'colcon_pkg'
[0.450s] Level 1:colcon.colcon_core.package_identification:_identify(src/svea_charging2/src/third_party/PythonRobotics/PathPlanning/SpiralSpanningTreeCPP/map) by extensions ['colcon_meta']
[0.450s] Level 1:colcon.colcon_core.package_identification:_identify(src/svea_charging2/src/third_party/PythonRobotics/PathPlanning/SpiralSpanningTreeCPP/map) by extension 'colcon_meta'
[0.450s] Level 1:colcon.colcon_core.package_identification:_identify(src/svea_charging2/src/third_party/PythonRobotics/PathPlanning/SpiralSpanningTreeCPP/map) by extensions ['ros']
[0.450s] Level 1:colcon.colcon_core.package_identification:_identify(src/svea_charging2/src/third_party/PythonRobotics/PathPlanning/SpiralSpanningTreeCPP/map) by extension 'ros'
[0.450s] Level 1:colcon.colcon_core.package_identification:_identify(src/svea_charging2/src/third_party/PythonRobotics/PathPlanning/SpiralSpanningTreeCPP/map) by extensions ['cmake', 'python']
[0.450s] Level 1:colcon.colcon_core.package_identification:_identify(src/svea_charging2/src/third_party/PythonRobotics/PathPlanning/SpiralSpanningTreeCPP/map) by extension 'cmake'
[0.450s] Level 1:colcon.colcon_core.package_identification:_identify(src/svea_charging2/src/third_party/PythonRobotics/PathPlanning/SpiralSpanningTreeCPP/map) by extension 'python'
[0.450s] Level 1:colcon.colcon_core.package_identification:_identify(src/svea_charging2/src/third_party/PythonRobotics/PathPlanning/SpiralSpanningTreeCPP/map) by extensions ['python_setup_py']
[0.450s] Level 1:colcon.colcon_core.package_identification:_identify(src/svea_charging2/src/third_party/PythonRobotics/PathPlanning/SpiralSpanningTreeCPP/map) by extension 'python_setup_py'
[0.450s] Level 1:colcon.colcon_core.package_identification:_identify(src/svea_charging2/src/third_party/PythonRobotics/PathPlanning/StateLatticePlanner) by extensions ['ignore', 'ignore_ament_install']
[0.451s] Level 1:colcon.colcon_core.package_identification:_identify(src/svea_charging2/src/third_party/PythonRobotics/PathPlanning/StateLatticePlanner) by extension 'ignore'
[0.451s] Level 1:colcon.colcon_core.package_identification:_identify(src/svea_charging2/src/third_party/PythonRobotics/PathPlanning/StateLatticePlanner) by extension 'ignore_ament_install'
[0.451s] Level 1:colcon.colcon_core.package_identification:_identify(src/svea_charging2/src/third_party/PythonRobotics/PathPlanning/StateLatticePlanner) by extensions ['colcon_pkg']
[0.451s] Level 1:colcon.colcon_core.package_identification:_identify(src/svea_charging2/src/third_party/PythonRobotics/PathPlanning/StateLatticePlanner) by extension 'colcon_pkg'
[0.451s] Level 1:colcon.colcon_core.package_identification:_identify(src/svea_charging2/src/third_party/PythonRobotics/PathPlanning/StateLatticePlanner) by extensions ['colcon_meta']
[0.451s] Level 1:colcon.colcon_core.package_identification:_identify(src/svea_charging2/src/third_party/PythonRobotics/PathPlanning/StateLatticePlanner) by extension 'colcon_meta'
[0.451s] Level 1:colcon.colcon_core.package_identification:_identify(src/svea_charging2/src/third_party/PythonRobotics/PathPlanning/StateLatticePlanner) by extensions ['ros']
[0.451s] Level 1:colcon.colcon_core.package_identification:_identify(src/svea_charging2/src/third_party/PythonRobotics/PathPlanning/StateLatticePlanner) by extension 'ros'
[0.451s] Level 1:colcon.colcon_core.package_identification:_identify(src/svea_charging2/src/third_party/PythonRobotics/PathPlanning/StateLatticePlanner) by extensions ['cmake', 'python']
[0.451s] Level 1:colcon.colcon_core.package_identification:_identify(src/svea_charging2/src/third_party/PythonRobotics/PathPlanning/StateLatticePlanner) by extension 'cmake'
[0.451s] Level 1:colcon.colcon_core.package_identification:_identify(src/svea_charging2/src/third_party/PythonRobotics/PathPlanning/StateLatticePlanner) by extension 'python'
[0.451s] Level 1:colcon.colcon_core.package_identification:_identify(src/svea_charging2/src/third_party/PythonRobotics/PathPlanning/StateLatticePlanner) by extensions ['python_setup_py']
[0.451s] Level 1:colcon.colcon_core.package_identification:_identify(src/svea_charging2/src/third_party/PythonRobotics/PathPlanning/StateLatticePlanner) by extension 'python_setup_py'
[0.451s] Level 1:colcon.colcon_core.package_identification:_identify(src/svea_charging2/src/third_party/PythonRobotics/PathPlanning/ThetaStar) by extensions ['ignore', 'ignore_ament_install']
[0.452s] Level 1:colcon.colcon_core.package_identification:_identify(src/svea_charging2/src/third_party/PythonRobotics/PathPlanning/ThetaStar) by extension 'ignore'
[0.452s] Level 1:colcon.colcon_core.package_identification:_identify(src/svea_charging2/src/third_party/PythonRobotics/PathPlanning/ThetaStar) by extension 'ignore_ament_install'
[0.452s] Level 1:colcon.colcon_core.package_identification:_identify(src/svea_charging2/src/third_party/PythonRobotics/PathPlanning/ThetaStar) by extensions ['colcon_pkg']
[0.452s] Level 1:colcon.colcon_core.package_identification:_identify(src/svea_charging2/src/third_party/PythonRobotics/PathPlanning/ThetaStar) by extension 'colcon_pkg'
[0.452s] Level 1:colcon.colcon_core.package_identification:_identify(src/svea_charging2/src/third_party/PythonRobotics/PathPlanning/ThetaStar) by extensions ['colcon_meta']
[0.452s] Level 1:colcon.colcon_core.package_identification:_identify(src/svea_charging2/src/third_party/PythonRobotics/PathPlanning/ThetaStar) by extension 'colcon_meta'
[0.452s] Level 1:colcon.colcon_core.package_identification:_identify(src/svea_charging2/src/third_party/PythonRobotics/PathPlanning/ThetaStar) by extensions ['ros']
[0.452s] Level 1:colcon.colcon_core.package_identification:_identify(src/svea_charging2/src/third_party/PythonRobotics/PathPlanning/ThetaStar) by extension 'ros'
[0.452s] Level 1:colcon.colcon_core.package_identification:_identify(src/svea_charging2/src/third_party/PythonRobotics/PathPlanning/ThetaStar) by extensions ['cmake', 'python']
[0.452s] Level 1:colcon.colcon_core.package_identification:_identify(src/svea_charging2/src/third_party/PythonRobotics/PathPlanning/ThetaStar) by extension 'cmake'
[0.452s] Level 1:colcon.colcon_core.package_identification:_identify(src/svea_charging2/src/third_party/PythonRobotics/PathPlanning/ThetaStar) by extension 'python'
[0.452s] Level 1:colcon.colcon_core.package_identification:_identify(src/svea_charging2/src/third_party/PythonRobotics/PathPlanning/ThetaStar) by extensions ['python_setup_py']
[0.452s] Level 1:colcon.colcon_core.package_identification:_identify(src/svea_charging2/src/third_party/PythonRobotics/PathPlanning/ThetaStar) by extension 'python_setup_py'
[0.453s] Level 1:colcon.colcon_core.package_identification:_identify(src/svea_charging2/src/third_party/PythonRobotics/PathPlanning/TimeBasedPathPlanning) by extensions ['ignore', 'ignore_ament_install']
[0.453s] Level 1:colcon.colcon_core.package_identification:_identify(src/svea_charging2/src/third_party/PythonRobotics/PathPlanning/TimeBasedPathPlanning) by extension 'ignore'
[0.453s] Level 1:colcon.colcon_core.package_identification:_identify(src/svea_charging2/src/third_party/PythonRobotics/PathPlanning/TimeBasedPathPlanning) by extension 'ignore_ament_install'
[0.453s] Level 1:colcon.colcon_core.package_identification:_identify(src/svea_charging2/src/third_party/PythonRobotics/PathPlanning/TimeBasedPathPlanning) by extensions ['colcon_pkg']
[0.453s] Level 1:colcon.colcon_core.package_identification:_identify(src/svea_charging2/src/third_party/PythonRobotics/PathPlanning/TimeBasedPathPlanning) by extension 'colcon_pkg'
[0.453s] Level 1:colcon.colcon_core.package_identification:_identify(src/svea_charging2/src/third_party/PythonRobotics/PathPlanning/TimeBasedPathPlanning) by extensions ['colcon_meta']
[0.453s] Level 1:colcon.colcon_core.package_identification:_identify(src/svea_charging2/src/third_party/PythonRobotics/PathPlanning/TimeBasedPathPlanning) by extension 'colcon_meta'
[0.453s] Level 1:colcon.colcon_core.package_identification:_identify(src/svea_charging2/src/third_party/PythonRobotics/PathPlanning/TimeBasedPathPlanning) by extensions ['ros']
[0.453s] Level 1:colcon.colcon_core.package_identification:_identify(src/svea_charging2/src/third_party/PythonRobotics/PathPlanning/TimeBasedPathPlanning) by extension 'ros'
[0.453s] Level 1:colcon.colcon_core.package_identification:_identify(src/svea_charging2/src/third_party/PythonRobotics/PathPlanning/TimeBasedPathPlanning) by extensions ['cmake', 'python']
[0.453s] Level 1:colcon.colcon_core.package_identification:_identify(src/svea_charging2/src/third_party/PythonRobotics/PathPlanning/TimeBasedPathPlanning) by extension 'cmake'
[0.453s] Level 1:colcon.colcon_core.package_identification:_identify(src/svea_charging2/src/third_party/PythonRobotics/PathPlanning/TimeBasedPathPlanning) by extension 'python'
[0.453s] Level 1:colcon.colcon_core.package_identification:_identify(src/svea_charging2/src/third_party/PythonRobotics/PathPlanning/TimeBasedPathPlanning) by extensions ['python_setup_py']
[0.453s] Level 1:colcon.colcon_core.package_identification:_identify(src/svea_charging2/src/third_party/PythonRobotics/PathPlanning/TimeBasedPathPlanning) by extension 'python_setup_py'
[0.454s] Level 1:colcon.colcon_core.package_identification:_identify(src/svea_charging2/src/third_party/PythonRobotics/PathPlanning/VisibilityRoadMap) by extensions ['ignore', 'ignore_ament_install']
[0.454s] Level 1:colcon.colcon_core.package_identification:_identify(src/svea_charging2/src/third_party/PythonRobotics/PathPlanning/VisibilityRoadMap) by extension 'ignore'
[0.454s] Level 1:colcon.colcon_core.package_identification:_identify(src/svea_charging2/src/third_party/PythonRobotics/PathPlanning/VisibilityRoadMap) by extension 'ignore_ament_install'
[0.454s] Level 1:colcon.colcon_core.package_identification:_identify(src/svea_charging2/src/third_party/PythonRobotics/PathPlanning/VisibilityRoadMap) by extensions ['colcon_pkg']
[0.454s] Level 1:colcon.colcon_core.package_identification:_identify(src/svea_charging2/src/third_party/PythonRobotics/PathPlanning/VisibilityRoadMap) by extension 'colcon_pkg'
[0.454s] Level 1:colcon.colcon_core.package_identification:_identify(src/svea_charging2/src/third_party/PythonRobotics/PathPlanning/VisibilityRoadMap) by extensions ['colcon_meta']
[0.454s] Level 1:colcon.colcon_core.package_identification:_identify(src/svea_charging2/src/third_party/PythonRobotics/PathPlanning/VisibilityRoadMap) by extension 'colcon_meta'
[0.454s] Level 1:colcon.colcon_core.package_identification:_identify(src/svea_charging2/src/third_party/PythonRobotics/PathPlanning/VisibilityRoadMap) by extensions ['ros']
[0.454s] Level 1:colcon.colcon_core.package_identification:_identify(src/svea_charging2/src/third_party/PythonRobotics/PathPlanning/VisibilityRoadMap) by extension 'ros'
[0.454s] Level 1:colcon.colcon_core.package_identification:_identify(src/svea_charging2/src/third_party/PythonRobotics/PathPlanning/VisibilityRoadMap) by extensions ['cmake', 'python']
[0.454s] Level 1:colcon.colcon_core.package_identification:_identify(src/svea_charging2/src/third_party/PythonRobotics/PathPlanning/VisibilityRoadMap) by extension 'cmake'
[0.454s] Level 1:colcon.colcon_core.package_identification:_identify(src/svea_charging2/src/third_party/PythonRobotics/PathPlanning/VisibilityRoadMap) by extension 'python'
[0.454s] Level 1:colcon.colcon_core.package_identification:_identify(src/svea_charging2/src/third_party/PythonRobotics/PathPlanning/VisibilityRoadMap) by extensions ['python_setup_py']
[0.454s] Level 1:colcon.colcon_core.package_identification:_identify(src/svea_charging2/src/third_party/PythonRobotics/PathPlanning/VisibilityRoadMap) by extension 'python_setup_py'
[0.455s] Level 1:colcon.colcon_core.package_identification:_identify(src/svea_charging2/src/third_party/PythonRobotics/PathPlanning/VoronoiRoadMap) by extensions ['ignore', 'ignore_ament_install']
[0.455s] Level 1:colcon.colcon_core.package_identification:_identify(src/svea_charging2/src/third_party/PythonRobotics/PathPlanning/VoronoiRoadMap) by extension 'ignore'
[0.455s] Level 1:colcon.colcon_core.package_identification:_identify(src/svea_charging2/src/third_party/PythonRobotics/PathPlanning/VoronoiRoadMap) by extension 'ignore_ament_install'
[0.455s] Level 1:colcon.colcon_core.package_identification:_identify(src/svea_charging2/src/third_party/PythonRobotics/PathPlanning/VoronoiRoadMap) by extensions ['colcon_pkg']
[0.455s] Level 1:colcon.colcon_core.package_identification:_identify(src/svea_charging2/src/third_party/PythonRobotics/PathPlanning/VoronoiRoadMap) by extension 'colcon_pkg'
[0.455s] Level 1:colcon.colcon_core.package_identification:_identify(src/svea_charging2/src/third_party/PythonRobotics/PathPlanning/VoronoiRoadMap) by extensions ['colcon_meta']
[0.455s] Level 1:colcon.colcon_core.package_identification:_identify(src/svea_charging2/src/third_party/PythonRobotics/PathPlanning/VoronoiRoadMap) by extension 'colcon_meta'
[0.455s] Level 1:colcon.colcon_core.package_identification:_identify(src/svea_charging2/src/third_party/PythonRobotics/PathPlanning/VoronoiRoadMap) by extensions ['ros']
[0.455s] Level 1:colcon.colcon_core.package_identification:_identify(src/svea_charging2/src/third_party/PythonRobotics/PathPlanning/VoronoiRoadMap) by extension 'ros'
[0.455s] Level 1:colcon.colcon_core.package_identification:_identify(src/svea_charging2/src/third_party/PythonRobotics/PathPlanning/VoronoiRoadMap) by extensions ['cmake', 'python']
[0.455s] Level 1:colcon.colcon_core.package_identification:_identify(src/svea_charging2/src/third_party/PythonRobotics/PathPlanning/VoronoiRoadMap) by extension 'cmake'
[0.455s] Level 1:colcon.colcon_core.package_identification:_identify(src/svea_charging2/src/third_party/PythonRobotics/PathPlanning/VoronoiRoadMap) by extension 'python'
[0.455s] Level 1:colcon.colcon_core.package_identification:_identify(src/svea_charging2/src/third_party/PythonRobotics/PathPlanning/VoronoiRoadMap) by extensions ['python_setup_py']
[0.455s] Level 1:colcon.colcon_core.package_identification:_identify(src/svea_charging2/src/third_party/PythonRobotics/PathPlanning/VoronoiRoadMap) by extension 'python_setup_py'
[0.456s] Level 1:colcon.colcon_core.package_identification:_identify(src/svea_charging2/src/third_party/PythonRobotics/PathPlanning/WavefrontCPP) by extensions ['ignore', 'ignore_ament_install']
[0.456s] Level 1:colcon.colcon_core.package_identification:_identify(src/svea_charging2/src/third_party/PythonRobotics/PathPlanning/WavefrontCPP) by extension 'ignore'
[0.456s] Level 1:colcon.colcon_core.package_identification:_identify(src/svea_charging2/src/third_party/PythonRobotics/PathPlanning/WavefrontCPP) by extension 'ignore_ament_install'
[0.456s] Level 1:colcon.colcon_core.package_identification:_identify(src/svea_charging2/src/third_party/PythonRobotics/PathPlanning/WavefrontCPP) by extensions ['colcon_pkg']
[0.456s] Level 1:colcon.colcon_core.package_identification:_identify(src/svea_charging2/src/third_party/PythonRobotics/PathPlanning/WavefrontCPP) by extension 'colcon_pkg'
[0.456s] Level 1:colcon.colcon_core.package_identification:_identify(src/svea_charging2/src/third_party/PythonRobotics/PathPlanning/WavefrontCPP) by extensions ['colcon_meta']
[0.456s] Level 1:colcon.colcon_core.package_identification:_identify(src/svea_charging2/src/third_party/PythonRobotics/PathPlanning/WavefrontCPP) by extension 'colcon_meta'
[0.456s] Level 1:colcon.colcon_core.package_identification:_identify(src/svea_charging2/src/third_party/PythonRobotics/PathPlanning/WavefrontCPP) by extensions ['ros']
[0.456s] Level 1:colcon.colcon_core.package_identification:_identify(src/svea_charging2/src/third_party/PythonRobotics/PathPlanning/WavefrontCPP) by extension 'ros'
[0.456s] Level 1:colcon.colcon_core.package_identification:_identify(src/svea_charging2/src/third_party/PythonRobotics/PathPlanning/WavefrontCPP) by extensions ['cmake', 'python']
[0.456s] Level 1:colcon.colcon_core.package_identification:_identify(src/svea_charging2/src/third_party/PythonRobotics/PathPlanning/WavefrontCPP) by extension 'cmake'
[0.456s] Level 1:colcon.colcon_core.package_identification:_identify(src/svea_charging2/src/third_party/PythonRobotics/PathPlanning/WavefrontCPP) by extension 'python'
[0.457s] Level 1:colcon.colcon_core.package_identification:_identify(src/svea_charging2/src/third_party/PythonRobotics/PathPlanning/WavefrontCPP) by extensions ['python_setup_py']
[0.457s] Level 1:colcon.colcon_core.package_identification:_identify(src/svea_charging2/src/third_party/PythonRobotics/PathPlanning/WavefrontCPP) by extension 'python_setup_py'
[0.457s] Level 1:colcon.colcon_core.package_identification:_identify(src/svea_charging2/src/third_party/PythonRobotics/PathPlanning/WavefrontCPP/map) by extensions ['ignore', 'ignore_ament_install']
[0.457s] Level 1:colcon.colcon_core.package_identification:_identify(src/svea_charging2/src/third_party/PythonRobotics/PathPlanning/WavefrontCPP/map) by extension 'ignore'
[0.457s] Level 1:colcon.colcon_core.package_identification:_identify(src/svea_charging2/src/third_party/PythonRobotics/PathPlanning/WavefrontCPP/map) by extension 'ignore_ament_install'
[0.457s] Level 1:colcon.colcon_core.package_identification:_identify(src/svea_charging2/src/third_party/PythonRobotics/PathPlanning/WavefrontCPP/map) by extensions ['colcon_pkg']
[0.457s] Level 1:colcon.colcon_core.package_identification:_identify(src/svea_charging2/src/third_party/PythonRobotics/PathPlanning/WavefrontCPP/map) by extension 'colcon_pkg'
[0.457s] Level 1:colcon.colcon_core.package_identification:_identify(src/svea_charging2/src/third_party/PythonRobotics/PathPlanning/WavefrontCPP/map) by extensions ['colcon_meta']
[0.457s] Level 1:colcon.colcon_core.package_identification:_identify(src/svea_charging2/src/third_party/PythonRobotics/PathPlanning/WavefrontCPP/map) by extension 'colcon_meta'
[0.457s] Level 1:colcon.colcon_core.package_identification:_identify(src/svea_charging2/src/third_party/PythonRobotics/PathPlanning/WavefrontCPP/map) by extensions ['ros']
[0.457s] Level 1:colcon.colcon_core.package_identification:_identify(src/svea_charging2/src/third_party/PythonRobotics/PathPlanning/WavefrontCPP/map) by extension 'ros'
[0.457s] Level 1:colcon.colcon_core.package_identification:_identify(src/svea_charging2/src/third_party/PythonRobotics/PathPlanning/WavefrontCPP/map) by extensions ['cmake', 'python']
[0.457s] Level 1:colcon.colcon_core.package_identification:_identify(src/svea_charging2/src/third_party/PythonRobotics/PathPlanning/WavefrontCPP/map) by extension 'cmake'
[0.458s] Level 1:colcon.colcon_core.package_identification:_identify(src/svea_charging2/src/third_party/PythonRobotics/PathPlanning/WavefrontCPP/map) by extension 'python'
[0.458s] Level 1:colcon.colcon_core.package_identification:_identify(src/svea_charging2/src/third_party/PythonRobotics/PathPlanning/WavefrontCPP/map) by extensions ['python_setup_py']
[0.458s] Level 1:colcon.colcon_core.package_identification:_identify(src/svea_charging2/src/third_party/PythonRobotics/PathPlanning/WavefrontCPP/map) by extension 'python_setup_py'
[0.458s] Level 1:colcon.colcon_core.package_identification:_identify(src/svea_charging2/src/third_party/PythonRobotics/PathTracking) by extensions ['ignore', 'ignore_ament_install']
[0.458s] Level 1:colcon.colcon_core.package_identification:_identify(src/svea_charging2/src/third_party/PythonRobotics/PathTracking) by extension 'ignore'
[0.458s] Level 1:colcon.colcon_core.package_identification:_identify(src/svea_charging2/src/third_party/PythonRobotics/PathTracking) by extension 'ignore_ament_install'
[0.458s] Level 1:colcon.colcon_core.package_identification:_identify(src/svea_charging2/src/third_party/PythonRobotics/PathTracking) by extensions ['colcon_pkg']
[0.458s] Level 1:colcon.colcon_core.package_identification:_identify(src/svea_charging2/src/third_party/PythonRobotics/PathTracking) by extension 'colcon_pkg'
[0.458s] Level 1:colcon.colcon_core.package_identification:_identify(src/svea_charging2/src/third_party/PythonRobotics/PathTracking) by extensions ['colcon_meta']
[0.458s] Level 1:colcon.colcon_core.package_identification:_identify(src/svea_charging2/src/third_party/PythonRobotics/PathTracking) by extension 'colcon_meta'
[0.458s] Level 1:colcon.colcon_core.package_identification:_identify(src/svea_charging2/src/third_party/PythonRobotics/PathTracking) by extensions ['ros']
[0.458s] Level 1:colcon.colcon_core.package_identification:_identify(src/svea_charging2/src/third_party/PythonRobotics/PathTracking) by extension 'ros'
[0.458s] Level 1:colcon.colcon_core.package_identification:_identify(src/svea_charging2/src/third_party/PythonRobotics/PathTracking) by extensions ['cmake', 'python']
[0.459s] Level 1:colcon.colcon_core.package_identification:_identify(src/svea_charging2/src/third_party/PythonRobotics/PathTracking) by extension 'cmake'
[0.459s] Level 1:colcon.colcon_core.package_identification:_identify(src/svea_charging2/src/third_party/PythonRobotics/PathTracking) by extension 'python'
[0.459s] Level 1:colcon.colcon_core.package_identification:_identify(src/svea_charging2/src/third_party/PythonRobotics/PathTracking) by extensions ['python_setup_py']
[0.459s] Level 1:colcon.colcon_core.package_identification:_identify(src/svea_charging2/src/third_party/PythonRobotics/PathTracking) by extension 'python_setup_py'
[0.459s] Level 1:colcon.colcon_core.package_identification:_identify(src/svea_charging2/src/third_party/PythonRobotics/PathTracking/cgmres_nmpc) by extensions ['ignore', 'ignore_ament_install']
[0.459s] Level 1:colcon.colcon_core.package_identification:_identify(src/svea_charging2/src/third_party/PythonRobotics/PathTracking/cgmres_nmpc) by extension 'ignore'
[0.459s] Level 1:colcon.colcon_core.package_identification:_identify(src/svea_charging2/src/third_party/PythonRobotics/PathTracking/cgmres_nmpc) by extension 'ignore_ament_install'
[0.459s] Level 1:colcon.colcon_core.package_identification:_identify(src/svea_charging2/src/third_party/PythonRobotics/PathTracking/cgmres_nmpc) by extensions ['colcon_pkg']
[0.459s] Level 1:colcon.colcon_core.package_identification:_identify(src/svea_charging2/src/third_party/PythonRobotics/PathTracking/cgmres_nmpc) by extension 'colcon_pkg'
[0.459s] Level 1:colcon.colcon_core.package_identification:_identify(src/svea_charging2/src/third_party/PythonRobotics/PathTracking/cgmres_nmpc) by extensions ['colcon_meta']
[0.459s] Level 1:colcon.colcon_core.package_identification:_identify(src/svea_charging2/src/third_party/PythonRobotics/PathTracking/cgmres_nmpc) by extension 'colcon_meta'
[0.459s] Level 1:colcon.colcon_core.package_identification:_identify(src/svea_charging2/src/third_party/PythonRobotics/PathTracking/cgmres_nmpc) by extensions ['ros']
[0.459s] Level 1:colcon.colcon_core.package_identification:_identify(src/svea_charging2/src/third_party/PythonRobotics/PathTracking/cgmres_nmpc) by extension 'ros'
[0.460s] Level 1:colcon.colcon_core.package_identification:_identify(src/svea_charging2/src/third_party/PythonRobotics/PathTracking/cgmres_nmpc) by extensions ['cmake', 'python']
[0.460s] Level 1:colcon.colcon_core.package_identification:_identify(src/svea_charging2/src/third_party/PythonRobotics/PathTracking/cgmres_nmpc) by extension 'cmake'
[0.460s] Level 1:colcon.colcon_core.package_identification:_identify(src/svea_charging2/src/third_party/PythonRobotics/PathTracking/cgmres_nmpc) by extension 'python'
[0.460s] Level 1:colcon.colcon_core.package_identification:_identify(src/svea_charging2/src/third_party/PythonRobotics/PathTracking/cgmres_nmpc) by extensions ['python_setup_py']
[0.460s] Level 1:colcon.colcon_core.package_identification:_identify(src/svea_charging2/src/third_party/PythonRobotics/PathTracking/cgmres_nmpc) by extension 'python_setup_py'
[0.460s] Level 1:colcon.colcon_core.package_identification:_identify(src/svea_charging2/src/third_party/PythonRobotics/PathTracking/lqr_speed_steer_control) by extensions ['ignore', 'ignore_ament_install']
[0.460s] Level 1:colcon.colcon_core.package_identification:_identify(src/svea_charging2/src/third_party/PythonRobotics/PathTracking/lqr_speed_steer_control) by extension 'ignore'
[0.460s] Level 1:colcon.colcon_core.package_identification:_identify(src/svea_charging2/src/third_party/PythonRobotics/PathTracking/lqr_speed_steer_control) by extension 'ignore_ament_install'
[0.460s] Level 1:colcon.colcon_core.package_identification:_identify(src/svea_charging2/src/third_party/PythonRobotics/PathTracking/lqr_speed_steer_control) by extensions ['colcon_pkg']
[0.460s] Level 1:colcon.colcon_core.package_identification:_identify(src/svea_charging2/src/third_party/PythonRobotics/PathTracking/lqr_speed_steer_control) by extension 'colcon_pkg'
[0.460s] Level 1:colcon.colcon_core.package_identification:_identify(src/svea_charging2/src/third_party/PythonRobotics/PathTracking/lqr_speed_steer_control) by extensions ['colcon_meta']
[0.460s] Level 1:colcon.colcon_core.package_identification:_identify(src/svea_charging2/src/third_party/PythonRobotics/PathTracking/lqr_speed_steer_control) by extension 'colcon_meta'
[0.460s] Level 1:colcon.colcon_core.package_identification:_identify(src/svea_charging2/src/third_party/PythonRobotics/PathTracking/lqr_speed_steer_control) by extensions ['ros']
[0.460s] Level 1:colcon.colcon_core.package_identification:_identify(src/svea_charging2/src/third_party/PythonRobotics/PathTracking/lqr_speed_steer_control) by extension 'ros'
[0.461s] Level 1:colcon.colcon_core.package_identification:_identify(src/svea_charging2/src/third_party/PythonRobotics/PathTracking/lqr_speed_steer_control) by extensions ['cmake', 'python']
[0.461s] Level 1:colcon.colcon_core.package_identification:_identify(src/svea_charging2/src/third_party/PythonRobotics/PathTracking/lqr_speed_steer_control) by extension 'cmake'
[0.461s] Level 1:colcon.colcon_core.package_identification:_identify(src/svea_charging2/src/third_party/PythonRobotics/PathTracking/lqr_speed_steer_control) by extension 'python'
[0.461s] Level 1:colcon.colcon_core.package_identification:_identify(src/svea_charging2/src/third_party/PythonRobotics/PathTracking/lqr_speed_steer_control) by extensions ['python_setup_py']
[0.461s] Level 1:colcon.colcon_core.package_identification:_identify(src/svea_charging2/src/third_party/PythonRobotics/PathTracking/lqr_speed_steer_control) by extension 'python_setup_py'
[0.461s] Level 1:colcon.colcon_core.package_identification:_identify(src/svea_charging2/src/third_party/PythonRobotics/PathTracking/lqr_steer_control) by extensions ['ignore', 'ignore_ament_install']
[0.461s] Level 1:colcon.colcon_core.package_identification:_identify(src/svea_charging2/src/third_party/PythonRobotics/PathTracking/lqr_steer_control) by extension 'ignore'
[0.461s] Level 1:colcon.colcon_core.package_identification:_identify(src/svea_charging2/src/third_party/PythonRobotics/PathTracking/lqr_steer_control) by extension 'ignore_ament_install'
[0.461s] Level 1:colcon.colcon_core.package_identification:_identify(src/svea_charging2/src/third_party/PythonRobotics/PathTracking/lqr_steer_control) by extensions ['colcon_pkg']
[0.461s] Level 1:colcon.colcon_core.package_identification:_identify(src/svea_charging2/src/third_party/PythonRobotics/PathTracking/lqr_steer_control) by extension 'colcon_pkg'
[0.461s] Level 1:colcon.colcon_core.package_identification:_identify(src/svea_charging2/src/third_party/PythonRobotics/PathTracking/lqr_steer_control) by extensions ['colcon_meta']
[0.461s] Level 1:colcon.colcon_core.package_identification:_identify(src/svea_charging2/src/third_party/PythonRobotics/PathTracking/lqr_steer_control) by extension 'colcon_meta'
[0.461s] Level 1:colcon.colcon_core.package_identification:_identify(src/svea_charging2/src/third_party/PythonRobotics/PathTracking/lqr_steer_control) by extensions ['ros']
[0.461s] Level 1:colcon.colcon_core.package_identification:_identify(src/svea_charging2/src/third_party/PythonRobotics/PathTracking/lqr_steer_control) by extension 'ros'
[0.462s] Level 1:colcon.colcon_core.package_identification:_identify(src/svea_charging2/src/third_party/PythonRobotics/PathTracking/lqr_steer_control) by extensions ['cmake', 'python']
[0.462s] Level 1:colcon.colcon_core.package_identification:_identify(src/svea_charging2/src/third_party/PythonRobotics/PathTracking/lqr_steer_control) by extension 'cmake'
[0.462s] Level 1:colcon.colcon_core.package_identification:_identify(src/svea_charging2/src/third_party/PythonRobotics/PathTracking/lqr_steer_control) by extension 'python'
[0.462s] Level 1:colcon.colcon_core.package_identification:_identify(src/svea_charging2/src/third_party/PythonRobotics/PathTracking/lqr_steer_control) by extensions ['python_setup_py']
[0.462s] Level 1:colcon.colcon_core.package_identification:_identify(src/svea_charging2/src/third_party/PythonRobotics/PathTracking/lqr_steer_control) by extension 'python_setup_py'
[0.462s] Level 1:colcon.colcon_core.package_identification:_identify(src/svea_charging2/src/third_party/PythonRobotics/PathTracking/model_predictive_speed_and_steer_control) by extensions ['ignore', 'ignore_ament_install']
[0.462s] Level 1:colcon.colcon_core.package_identification:_identify(src/svea_charging2/src/third_party/PythonRobotics/PathTracking/model_predictive_speed_and_steer_control) by extension 'ignore'
[0.462s] Level 1:colcon.colcon_core.package_identification:_identify(src/svea_charging2/src/third_party/PythonRobotics/PathTracking/model_predictive_speed_and_steer_control) by extension 'ignore_ament_install'
[0.462s] Level 1:colcon.colcon_core.package_identification:_identify(src/svea_charging2/src/third_party/PythonRobotics/PathTracking/model_predictive_speed_and_steer_control) by extensions ['colcon_pkg']
[0.462s] Level 1:colcon.colcon_core.package_identification:_identify(src/svea_charging2/src/third_party/PythonRobotics/PathTracking/model_predictive_speed_and_steer_control) by extension 'colcon_pkg'
[0.462s] Level 1:colcon.colcon_core.package_identification:_identify(src/svea_charging2/src/third_party/PythonRobotics/PathTracking/model_predictive_speed_and_steer_control) by extensions ['colcon_meta']
[0.462s] Level 1:colcon.colcon_core.package_identification:_identify(src/svea_charging2/src/third_party/PythonRobotics/PathTracking/model_predictive_speed_and_steer_control) by extension 'colcon_meta'
[0.462s] Level 1:colcon.colcon_core.package_identification:_identify(src/svea_charging2/src/third_party/PythonRobotics/PathTracking/model_predictive_speed_and_steer_control) by extensions ['ros']
[0.462s] Level 1:colcon.colcon_core.package_identification:_identify(src/svea_charging2/src/third_party/PythonRobotics/PathTracking/model_predictive_speed_and_steer_control) by extension 'ros'
[0.463s] Level 1:colcon.colcon_core.package_identification:_identify(src/svea_charging2/src/third_party/PythonRobotics/PathTracking/model_predictive_speed_and_steer_control) by extensions ['cmake', 'python']
[0.463s] Level 1:colcon.colcon_core.package_identification:_identify(src/svea_charging2/src/third_party/PythonRobotics/PathTracking/model_predictive_speed_and_steer_control) by extension 'cmake'
[0.463s] Level 1:colcon.colcon_core.package_identification:_identify(src/svea_charging2/src/third_party/PythonRobotics/PathTracking/model_predictive_speed_and_steer_control) by extension 'python'
[0.463s] Level 1:colcon.colcon_core.package_identification:_identify(src/svea_charging2/src/third_party/PythonRobotics/PathTracking/model_predictive_speed_and_steer_control) by extensions ['python_setup_py']
[0.463s] Level 1:colcon.colcon_core.package_identification:_identify(src/svea_charging2/src/third_party/PythonRobotics/PathTracking/model_predictive_speed_and_steer_control) by extension 'python_setup_py'
[0.463s] Level 1:colcon.colcon_core.package_identification:_identify(src/svea_charging2/src/third_party/PythonRobotics/PathTracking/move_to_pose) by extensions ['ignore', 'ignore_ament_install']
[0.463s] Level 1:colcon.colcon_core.package_identification:_identify(src/svea_charging2/src/third_party/PythonRobotics/PathTracking/move_to_pose) by extension 'ignore'
[0.463s] Level 1:colcon.colcon_core.package_identification:_identify(src/svea_charging2/src/third_party/PythonRobotics/PathTracking/move_to_pose) by extension 'ignore_ament_install'
[0.463s] Level 1:colcon.colcon_core.package_identification:_identify(src/svea_charging2/src/third_party/PythonRobotics/PathTracking/move_to_pose) by extensions ['colcon_pkg']
[0.463s] Level 1:colcon.colcon_core.package_identification:_identify(src/svea_charging2/src/third_party/PythonRobotics/PathTracking/move_to_pose) by extension 'colcon_pkg'
[0.463s] Level 1:colcon.colcon_core.package_identification:_identify(src/svea_charging2/src/third_party/PythonRobotics/PathTracking/move_to_pose) by extensions ['colcon_meta']
[0.463s] Level 1:colcon.colcon_core.package_identification:_identify(src/svea_charging2/src/third_party/PythonRobotics/PathTracking/move_to_pose) by extension 'colcon_meta'
[0.463s] Level 1:colcon.colcon_core.package_identification:_identify(src/svea_charging2/src/third_party/PythonRobotics/PathTracking/move_to_pose) by extensions ['ros']
[0.463s] Level 1:colcon.colcon_core.package_identification:_identify(src/svea_charging2/src/third_party/PythonRobotics/PathTracking/move_to_pose) by extension 'ros'
[0.464s] Level 1:colcon.colcon_core.package_identification:_identify(src/svea_charging2/src/third_party/PythonRobotics/PathTracking/move_to_pose) by extensions ['cmake', 'python']
[0.464s] Level 1:colcon.colcon_core.package_identification:_identify(src/svea_charging2/src/third_party/PythonRobotics/PathTracking/move_to_pose) by extension 'cmake'
[0.464s] Level 1:colcon.colcon_core.package_identification:_identify(src/svea_charging2/src/third_party/PythonRobotics/PathTracking/move_to_pose) by extension 'python'
[0.464s] Level 1:colcon.colcon_core.package_identification:_identify(src/svea_charging2/src/third_party/PythonRobotics/PathTracking/move_to_pose) by extensions ['python_setup_py']
[0.464s] Level 1:colcon.colcon_core.package_identification:_identify(src/svea_charging2/src/third_party/PythonRobotics/PathTracking/move_to_pose) by extension 'python_setup_py'
[0.464s] Level 1:colcon.colcon_core.package_identification:_identify(src/svea_charging2/src/third_party/PythonRobotics/PathTracking/pure_pursuit) by extensions ['ignore', 'ignore_ament_install']
[0.464s] Level 1:colcon.colcon_core.package_identification:_identify(src/svea_charging2/src/third_party/PythonRobotics/PathTracking/pure_pursuit) by extension 'ignore'
[0.464s] Level 1:colcon.colcon_core.package_identification:_identify(src/svea_charging2/src/third_party/PythonRobotics/PathTracking/pure_pursuit) by extension 'ignore_ament_install'
[0.464s] Level 1:colcon.colcon_core.package_identification:_identify(src/svea_charging2/src/third_party/PythonRobotics/PathTracking/pure_pursuit) by extensions ['colcon_pkg']
[0.464s] Level 1:colcon.colcon_core.package_identification:_identify(src/svea_charging2/src/third_party/PythonRobotics/PathTracking/pure_pursuit) by extension 'colcon_pkg'
[0.464s] Level 1:colcon.colcon_core.package_identification:_identify(src/svea_charging2/src/third_party/PythonRobotics/PathTracking/pure_pursuit) by extensions ['colcon_meta']
[0.464s] Level 1:colcon.colcon_core.package_identification:_identify(src/svea_charging2/src/third_party/PythonRobotics/PathTracking/pure_pursuit) by extension 'colcon_meta'
[0.464s] Level 1:colcon.colcon_core.package_identification:_identify(src/svea_charging2/src/third_party/PythonRobotics/PathTracking/pure_pursuit) by extensions ['ros']
[0.465s] Level 1:colcon.colcon_core.package_identification:_identify(src/svea_charging2/src/third_party/PythonRobotics/PathTracking/pure_pursuit) by extension 'ros'
[0.465s] Level 1:colcon.colcon_core.package_identification:_identify(src/svea_charging2/src/third_party/PythonRobotics/PathTracking/pure_pursuit) by extensions ['cmake', 'python']
[0.465s] Level 1:colcon.colcon_core.package_identification:_identify(src/svea_charging2/src/third_party/PythonRobotics/PathTracking/pure_pursuit) by extension 'cmake'
[0.465s] Level 1:colcon.colcon_core.package_identification:_identify(src/svea_charging2/src/third_party/PythonRobotics/PathTracking/pure_pursuit) by extension 'python'
[0.465s] Level 1:colcon.colcon_core.package_identification:_identify(src/svea_charging2/src/third_party/PythonRobotics/PathTracking/pure_pursuit) by extensions ['python_setup_py']
[0.465s] Level 1:colcon.colcon_core.package_identification:_identify(src/svea_charging2/src/third_party/PythonRobotics/PathTracking/pure_pursuit) by extension 'python_setup_py'
[0.465s] Level 1:colcon.colcon_core.package_identification:_identify(src/svea_charging2/src/third_party/PythonRobotics/PathTracking/rear_wheel_feedback_control) by extensions ['ignore', 'ignore_ament_install']
[0.465s] Level 1:colcon.colcon_core.package_identification:_identify(src/svea_charging2/src/third_party/PythonRobotics/PathTracking/rear_wheel_feedback_control) by extension 'ignore'
[0.465s] Level 1:colcon.colcon_core.package_identification:_identify(src/svea_charging2/src/third_party/PythonRobotics/PathTracking/rear_wheel_feedback_control) by extension 'ignore_ament_install'
[0.465s] Level 1:colcon.colcon_core.package_identification:_identify(src/svea_charging2/src/third_party/PythonRobotics/PathTracking/rear_wheel_feedback_control) by extensions ['colcon_pkg']
[0.465s] Level 1:colcon.colcon_core.package_identification:_identify(src/svea_charging2/src/third_party/PythonRobotics/PathTracking/rear_wheel_feedback_control) by extension 'colcon_pkg'
[0.465s] Level 1:colcon.colcon_core.package_identification:_identify(src/svea_charging2/src/third_party/PythonRobotics/PathTracking/rear_wheel_feedback_control) by extensions ['colcon_meta']
[0.465s] Level 1:colcon.colcon_core.package_identification:_identify(src/svea_charging2/src/third_party/PythonRobotics/PathTracking/rear_wheel_feedback_control) by extension 'colcon_meta'
[0.465s] Level 1:colcon.colcon_core.package_identification:_identify(src/svea_charging2/src/third_party/PythonRobotics/PathTracking/rear_wheel_feedback_control) by extensions ['ros']
[0.466s] Level 1:colcon.colcon_core.package_identification:_identify(src/svea_charging2/src/third_party/PythonRobotics/PathTracking/rear_wheel_feedback_control) by extension 'ros'
[0.466s] Level 1:colcon.colcon_core.package_identification:_identify(src/svea_charging2/src/third_party/PythonRobotics/PathTracking/rear_wheel_feedback_control) by extensions ['cmake', 'python']
[0.466s] Level 1:colcon.colcon_core.package_identification:_identify(src/svea_charging2/src/third_party/PythonRobotics/PathTracking/rear_wheel_feedback_control) by extension 'cmake'
[0.466s] Level 1:colcon.colcon_core.package_identification:_identify(src/svea_charging2/src/third_party/PythonRobotics/PathTracking/rear_wheel_feedback_control) by extension 'python'
[0.466s] Level 1:colcon.colcon_core.package_identification:_identify(src/svea_charging2/src/third_party/PythonRobotics/PathTracking/rear_wheel_feedback_control) by extensions ['python_setup_py']
[0.466s] Level 1:colcon.colcon_core.package_identification:_identify(src/svea_charging2/src/third_party/PythonRobotics/PathTracking/rear_wheel_feedback_control) by extension 'python_setup_py'
[0.466s] Level 1:colcon.colcon_core.package_identification:_identify(src/svea_charging2/src/third_party/PythonRobotics/PathTracking/stanley_control) by extensions ['ignore', 'ignore_ament_install']
[0.466s] Level 1:colcon.colcon_core.package_identification:_identify(src/svea_charging2/src/third_party/PythonRobotics/PathTracking/stanley_control) by extension 'ignore'
[0.466s] Level 1:colcon.colcon_core.package_identification:_identify(src/svea_charging2/src/third_party/PythonRobotics/PathTracking/stanley_control) by extension 'ignore_ament_install'
[0.466s] Level 1:colcon.colcon_core.package_identification:_identify(src/svea_charging2/src/third_party/PythonRobotics/PathTracking/stanley_control) by extensions ['colcon_pkg']
[0.466s] Level 1:colcon.colcon_core.package_identification:_identify(src/svea_charging2/src/third_party/PythonRobotics/PathTracking/stanley_control) by extension 'colcon_pkg'
[0.466s] Level 1:colcon.colcon_core.package_identification:_identify(src/svea_charging2/src/third_party/PythonRobotics/PathTracking/stanley_control) by extensions ['colcon_meta']
[0.466s] Level 1:colcon.colcon_core.package_identification:_identify(src/svea_charging2/src/third_party/PythonRobotics/PathTracking/stanley_control) by extension 'colcon_meta'
[0.467s] Level 1:colcon.colcon_core.package_identification:_identify(src/svea_charging2/src/third_party/PythonRobotics/PathTracking/stanley_control) by extensions ['ros']
[0.467s] Level 1:colcon.colcon_core.package_identification:_identify(src/svea_charging2/src/third_party/PythonRobotics/PathTracking/stanley_control) by extension 'ros'
[0.467s] Level 1:colcon.colcon_core.package_identification:_identify(src/svea_charging2/src/third_party/PythonRobotics/PathTracking/stanley_control) by extensions ['cmake', 'python']
[0.467s] Level 1:colcon.colcon_core.package_identification:_identify(src/svea_charging2/src/third_party/PythonRobotics/PathTracking/stanley_control) by extension 'cmake'
[0.467s] Level 1:colcon.colcon_core.package_identification:_identify(src/svea_charging2/src/third_party/PythonRobotics/PathTracking/stanley_control) by extension 'python'
[0.467s] Level 1:colcon.colcon_core.package_identification:_identify(src/svea_charging2/src/third_party/PythonRobotics/PathTracking/stanley_control) by extensions ['python_setup_py']
[0.467s] Level 1:colcon.colcon_core.package_identification:_identify(src/svea_charging2/src/third_party/PythonRobotics/PathTracking/stanley_control) by extension 'python_setup_py'
[0.467s] Level 1:colcon.colcon_core.package_identification:_identify(src/svea_charging2/src/third_party/PythonRobotics/SLAM) by extensions ['ignore', 'ignore_ament_install']
[0.467s] Level 1:colcon.colcon_core.package_identification:_identify(src/svea_charging2/src/third_party/PythonRobotics/SLAM) by extension 'ignore'
[0.467s] Level 1:colcon.colcon_core.package_identification:_identify(src/svea_charging2/src/third_party/PythonRobotics/SLAM) by extension 'ignore_ament_install'
[0.467s] Level 1:colcon.colcon_core.package_identification:_identify(src/svea_charging2/src/third_party/PythonRobotics/SLAM) by extensions ['colcon_pkg']
[0.467s] Level 1:colcon.colcon_core.package_identification:_identify(src/svea_charging2/src/third_party/PythonRobotics/SLAM) by extension 'colcon_pkg'
[0.467s] Level 1:colcon.colcon_core.package_identification:_identify(src/svea_charging2/src/third_party/PythonRobotics/SLAM) by extensions ['colcon_meta']
[0.467s] Level 1:colcon.colcon_core.package_identification:_identify(src/svea_charging2/src/third_party/PythonRobotics/SLAM) by extension 'colcon_meta'
[0.468s] Level 1:colcon.colcon_core.package_identification:_identify(src/svea_charging2/src/third_party/PythonRobotics/SLAM) by extensions ['ros']
[0.468s] Level 1:colcon.colcon_core.package_identification:_identify(src/svea_charging2/src/third_party/PythonRobotics/SLAM) by extension 'ros'
[0.468s] Level 1:colcon.colcon_core.package_identification:_identify(src/svea_charging2/src/third_party/PythonRobotics/SLAM) by extensions ['cmake', 'python']
[0.468s] Level 1:colcon.colcon_core.package_identification:_identify(src/svea_charging2/src/third_party/PythonRobotics/SLAM) by extension 'cmake'
[0.468s] Level 1:colcon.colcon_core.package_identification:_identify(src/svea_charging2/src/third_party/PythonRobotics/SLAM) by extension 'python'
[0.468s] Level 1:colcon.colcon_core.package_identification:_identify(src/svea_charging2/src/third_party/PythonRobotics/SLAM) by extensions ['python_setup_py']
[0.468s] Level 1:colcon.colcon_core.package_identification:_identify(src/svea_charging2/src/third_party/PythonRobotics/SLAM) by extension 'python_setup_py'
[0.468s] Level 1:colcon.colcon_core.package_identification:_identify(src/svea_charging2/src/third_party/PythonRobotics/SLAM/EKFSLAM) by extensions ['ignore', 'ignore_ament_install']
[0.468s] Level 1:colcon.colcon_core.package_identification:_identify(src/svea_charging2/src/third_party/PythonRobotics/SLAM/EKFSLAM) by extension 'ignore'
[0.468s] Level 1:colcon.colcon_core.package_identification:_identify(src/svea_charging2/src/third_party/PythonRobotics/SLAM/EKFSLAM) by extension 'ignore_ament_install'
[0.468s] Level 1:colcon.colcon_core.package_identification:_identify(src/svea_charging2/src/third_party/PythonRobotics/SLAM/EKFSLAM) by extensions ['colcon_pkg']
[0.468s] Level 1:colcon.colcon_core.package_identification:_identify(src/svea_charging2/src/third_party/PythonRobotics/SLAM/EKFSLAM) by extension 'colcon_pkg'
[0.468s] Level 1:colcon.colcon_core.package_identification:_identify(src/svea_charging2/src/third_party/PythonRobotics/SLAM/EKFSLAM) by extensions ['colcon_meta']
[0.469s] Level 1:colcon.colcon_core.package_identification:_identify(src/svea_charging2/src/third_party/PythonRobotics/SLAM/EKFSLAM) by extension 'colcon_meta'
[0.469s] Level 1:colcon.colcon_core.package_identification:_identify(src/svea_charging2/src/third_party/PythonRobotics/SLAM/EKFSLAM) by extensions ['ros']
[0.469s] Level 1:colcon.colcon_core.package_identification:_identify(src/svea_charging2/src/third_party/PythonRobotics/SLAM/EKFSLAM) by extension 'ros'
[0.469s] Level 1:colcon.colcon_core.package_identification:_identify(src/svea_charging2/src/third_party/PythonRobotics/SLAM/EKFSLAM) by extensions ['cmake', 'python']
[0.469s] Level 1:colcon.colcon_core.package_identification:_identify(src/svea_charging2/src/third_party/PythonRobotics/SLAM/EKFSLAM) by extension 'cmake'
[0.469s] Level 1:colcon.colcon_core.package_identification:_identify(src/svea_charging2/src/third_party/PythonRobotics/SLAM/EKFSLAM) by extension 'python'
[0.469s] Level 1:colcon.colcon_core.package_identification:_identify(src/svea_charging2/src/third_party/PythonRobotics/SLAM/EKFSLAM) by extensions ['python_setup_py']
[0.469s] Level 1:colcon.colcon_core.package_identification:_identify(src/svea_charging2/src/third_party/PythonRobotics/SLAM/EKFSLAM) by extension 'python_setup_py'
[0.469s] Level 1:colcon.colcon_core.package_identification:_identify(src/svea_charging2/src/third_party/PythonRobotics/SLAM/FastSLAM1) by extensions ['ignore', 'ignore_ament_install']
[0.469s] Level 1:colcon.colcon_core.package_identification:_identify(src/svea_charging2/src/third_party/PythonRobotics/SLAM/FastSLAM1) by extension 'ignore'
[0.469s] Level 1:colcon.colcon_core.package_identification:_identify(src/svea_charging2/src/third_party/PythonRobotics/SLAM/FastSLAM1) by extension 'ignore_ament_install'
[0.469s] Level 1:colcon.colcon_core.package_identification:_identify(src/svea_charging2/src/third_party/PythonRobotics/SLAM/FastSLAM1) by extensions ['colcon_pkg']
[0.469s] Level 1:colcon.colcon_core.package_identification:_identify(src/svea_charging2/src/third_party/PythonRobotics/SLAM/FastSLAM1) by extension 'colcon_pkg'
[0.469s] Level 1:colcon.colcon_core.package_identification:_identify(src/svea_charging2/src/third_party/PythonRobotics/SLAM/FastSLAM1) by extensions ['colcon_meta']
[0.470s] Level 1:colcon.colcon_core.package_identification:_identify(src/svea_charging2/src/third_party/PythonRobotics/SLAM/FastSLAM1) by extension 'colcon_meta'
[0.470s] Level 1:colcon.colcon_core.package_identification:_identify(src/svea_charging2/src/third_party/PythonRobotics/SLAM/FastSLAM1) by extensions ['ros']
[0.470s] Level 1:colcon.colcon_core.package_identification:_identify(src/svea_charging2/src/third_party/PythonRobotics/SLAM/FastSLAM1) by extension 'ros'
[0.470s] Level 1:colcon.colcon_core.package_identification:_identify(src/svea_charging2/src/third_party/PythonRobotics/SLAM/FastSLAM1) by extensions ['cmake', 'python']
[0.470s] Level 1:colcon.colcon_core.package_identification:_identify(src/svea_charging2/src/third_party/PythonRobotics/SLAM/FastSLAM1) by extension 'cmake'
[0.470s] Level 1:colcon.colcon_core.package_identification:_identify(src/svea_charging2/src/third_party/PythonRobotics/SLAM/FastSLAM1) by extension 'python'
[0.470s] Level 1:colcon.colcon_core.package_identification:_identify(src/svea_charging2/src/third_party/PythonRobotics/SLAM/FastSLAM1) by extensions ['python_setup_py']
[0.470s] Level 1:colcon.colcon_core.package_identification:_identify(src/svea_charging2/src/third_party/PythonRobotics/SLAM/FastSLAM1) by extension 'python_setup_py'
[0.470s] Level 1:colcon.colcon_core.package_identification:_identify(src/svea_charging2/src/third_party/PythonRobotics/SLAM/FastSLAM2) by extensions ['ignore', 'ignore_ament_install']
[0.470s] Level 1:colcon.colcon_core.package_identification:_identify(src/svea_charging2/src/third_party/PythonRobotics/SLAM/FastSLAM2) by extension 'ignore'
[0.470s] Level 1:colcon.colcon_core.package_identification:_identify(src/svea_charging2/src/third_party/PythonRobotics/SLAM/FastSLAM2) by extension 'ignore_ament_install'
[0.470s] Level 1:colcon.colcon_core.package_identification:_identify(src/svea_charging2/src/third_party/PythonRobotics/SLAM/FastSLAM2) by extensions ['colcon_pkg']
[0.470s] Level 1:colcon.colcon_core.package_identification:_identify(src/svea_charging2/src/third_party/PythonRobotics/SLAM/FastSLAM2) by extension 'colcon_pkg'
[0.471s] Level 1:colcon.colcon_core.package_identification:_identify(src/svea_charging2/src/third_party/PythonRobotics/SLAM/FastSLAM2) by extensions ['colcon_meta']
[0.471s] Level 1:colcon.colcon_core.package_identification:_identify(src/svea_charging2/src/third_party/PythonRobotics/SLAM/FastSLAM2) by extension 'colcon_meta'
[0.471s] Level 1:colcon.colcon_core.package_identification:_identify(src/svea_charging2/src/third_party/PythonRobotics/SLAM/FastSLAM2) by extensions ['ros']
[0.471s] Level 1:colcon.colcon_core.package_identification:_identify(src/svea_charging2/src/third_party/PythonRobotics/SLAM/FastSLAM2) by extension 'ros'
[0.471s] Level 1:colcon.colcon_core.package_identification:_identify(src/svea_charging2/src/third_party/PythonRobotics/SLAM/FastSLAM2) by extensions ['cmake', 'python']
[0.471s] Level 1:colcon.colcon_core.package_identification:_identify(src/svea_charging2/src/third_party/PythonRobotics/SLAM/FastSLAM2) by extension 'cmake'
[0.471s] Level 1:colcon.colcon_core.package_identification:_identify(src/svea_charging2/src/third_party/PythonRobotics/SLAM/FastSLAM2) by extension 'python'
[0.471s] Level 1:colcon.colcon_core.package_identification:_identify(src/svea_charging2/src/third_party/PythonRobotics/SLAM/FastSLAM2) by extensions ['python_setup_py']
[0.471s] Level 1:colcon.colcon_core.package_identification:_identify(src/svea_charging2/src/third_party/PythonRobotics/SLAM/FastSLAM2) by extension 'python_setup_py'
[0.471s] Level 1:colcon.colcon_core.package_identification:_identify(src/svea_charging2/src/third_party/PythonRobotics/SLAM/GraphBasedSLAM) by extensions ['ignore', 'ignore_ament_install']
[0.471s] Level 1:colcon.colcon_core.package_identification:_identify(src/svea_charging2/src/third_party/PythonRobotics/SLAM/GraphBasedSLAM) by extension 'ignore'
[0.471s] Level 1:colcon.colcon_core.package_identification:_identify(src/svea_charging2/src/third_party/PythonRobotics/SLAM/GraphBasedSLAM) by extension 'ignore_ament_install'
[0.471s] Level 1:colcon.colcon_core.package_identification:_identify(src/svea_charging2/src/third_party/PythonRobotics/SLAM/GraphBasedSLAM) by extensions ['colcon_pkg']
[0.471s] Level 1:colcon.colcon_core.package_identification:_identify(src/svea_charging2/src/third_party/PythonRobotics/SLAM/GraphBasedSLAM) by extension 'colcon_pkg'
[0.472s] Level 1:colcon.colcon_core.package_identification:_identify(src/svea_charging2/src/third_party/PythonRobotics/SLAM/GraphBasedSLAM) by extensions ['colcon_meta']
[0.472s] Level 1:colcon.colcon_core.package_identification:_identify(src/svea_charging2/src/third_party/PythonRobotics/SLAM/GraphBasedSLAM) by extension 'colcon_meta'
[0.472s] Level 1:colcon.colcon_core.package_identification:_identify(src/svea_charging2/src/third_party/PythonRobotics/SLAM/GraphBasedSLAM) by extensions ['ros']
[0.472s] Level 1:colcon.colcon_core.package_identification:_identify(src/svea_charging2/src/third_party/PythonRobotics/SLAM/GraphBasedSLAM) by extension 'ros'
[0.472s] Level 1:colcon.colcon_core.package_identification:_identify(src/svea_charging2/src/third_party/PythonRobotics/SLAM/GraphBasedSLAM) by extensions ['cmake', 'python']
[0.472s] Level 1:colcon.colcon_core.package_identification:_identify(src/svea_charging2/src/third_party/PythonRobotics/SLAM/GraphBasedSLAM) by extension 'cmake'
[0.472s] Level 1:colcon.colcon_core.package_identification:_identify(src/svea_charging2/src/third_party/PythonRobotics/SLAM/GraphBasedSLAM) by extension 'python'
[0.472s] Level 1:colcon.colcon_core.package_identification:_identify(src/svea_charging2/src/third_party/PythonRobotics/SLAM/GraphBasedSLAM) by extensions ['python_setup_py']
[0.472s] Level 1:colcon.colcon_core.package_identification:_identify(src/svea_charging2/src/third_party/PythonRobotics/SLAM/GraphBasedSLAM) by extension 'python_setup_py'
[0.472s] Level 1:colcon.colcon_core.package_identification:_identify(src/svea_charging2/src/third_party/PythonRobotics/SLAM/GraphBasedSLAM/data) by extensions ['ignore', 'ignore_ament_install']
[0.472s] Level 1:colcon.colcon_core.package_identification:_identify(src/svea_charging2/src/third_party/PythonRobotics/SLAM/GraphBasedSLAM/data) by extension 'ignore'
[0.472s] Level 1:colcon.colcon_core.package_identification:_identify(src/svea_charging2/src/third_party/PythonRobotics/SLAM/GraphBasedSLAM/data) by extension 'ignore_ament_install'
[0.472s] Level 1:colcon.colcon_core.package_identification:_identify(src/svea_charging2/src/third_party/PythonRobotics/SLAM/GraphBasedSLAM/data) by extensions ['colcon_pkg']
[0.473s] Level 1:colcon.colcon_core.package_identification:_identify(src/svea_charging2/src/third_party/PythonRobotics/SLAM/GraphBasedSLAM/data) by extension 'colcon_pkg'
[0.473s] Level 1:colcon.colcon_core.package_identification:_identify(src/svea_charging2/src/third_party/PythonRobotics/SLAM/GraphBasedSLAM/data) by extensions ['colcon_meta']
[0.473s] Level 1:colcon.colcon_core.package_identification:_identify(src/svea_charging2/src/third_party/PythonRobotics/SLAM/GraphBasedSLAM/data) by extension 'colcon_meta'
[0.473s] Level 1:colcon.colcon_core.package_identification:_identify(src/svea_charging2/src/third_party/PythonRobotics/SLAM/GraphBasedSLAM/data) by extensions ['ros']
[0.473s] Level 1:colcon.colcon_core.package_identification:_identify(src/svea_charging2/src/third_party/PythonRobotics/SLAM/GraphBasedSLAM/data) by extension 'ros'
[0.473s] Level 1:colcon.colcon_core.package_identification:_identify(src/svea_charging2/src/third_party/PythonRobotics/SLAM/GraphBasedSLAM/data) by extensions ['cmake', 'python']
[0.473s] Level 1:colcon.colcon_core.package_identification:_identify(src/svea_charging2/src/third_party/PythonRobotics/SLAM/GraphBasedSLAM/data) by extension 'cmake'
[0.473s] Level 1:colcon.colcon_core.package_identification:_identify(src/svea_charging2/src/third_party/PythonRobotics/SLAM/GraphBasedSLAM/data) by extension 'python'
[0.473s] Level 1:colcon.colcon_core.package_identification:_identify(src/svea_charging2/src/third_party/PythonRobotics/SLAM/GraphBasedSLAM/data) by extensions ['python_setup_py']
[0.473s] Level 1:colcon.colcon_core.package_identification:_identify(src/svea_charging2/src/third_party/PythonRobotics/SLAM/GraphBasedSLAM/data) by extension 'python_setup_py'
[0.473s] Level 1:colcon.colcon_core.package_identification:_identify(src/svea_charging2/src/third_party/PythonRobotics/SLAM/GraphBasedSLAM/graphslam) by extensions ['ignore', 'ignore_ament_install']
[0.473s] Level 1:colcon.colcon_core.package_identification:_identify(src/svea_charging2/src/third_party/PythonRobotics/SLAM/GraphBasedSLAM/graphslam) by extension 'ignore'
[0.473s] Level 1:colcon.colcon_core.package_identification:_identify(src/svea_charging2/src/third_party/PythonRobotics/SLAM/GraphBasedSLAM/graphslam) by extension 'ignore_ament_install'
[0.474s] Level 1:colcon.colcon_core.package_identification:_identify(src/svea_charging2/src/third_party/PythonRobotics/SLAM/GraphBasedSLAM/graphslam) by extensions ['colcon_pkg']
[0.474s] Level 1:colcon.colcon_core.package_identification:_identify(src/svea_charging2/src/third_party/PythonRobotics/SLAM/GraphBasedSLAM/graphslam) by extension 'colcon_pkg'
[0.474s] Level 1:colcon.colcon_core.package_identification:_identify(src/svea_charging2/src/third_party/PythonRobotics/SLAM/GraphBasedSLAM/graphslam) by extensions ['colcon_meta']
[0.474s] Level 1:colcon.colcon_core.package_identification:_identify(src/svea_charging2/src/third_party/PythonRobotics/SLAM/GraphBasedSLAM/graphslam) by extension 'colcon_meta'
[0.474s] Level 1:colcon.colcon_core.package_identification:_identify(src/svea_charging2/src/third_party/PythonRobotics/SLAM/GraphBasedSLAM/graphslam) by extensions ['ros']
[0.474s] Level 1:colcon.colcon_core.package_identification:_identify(src/svea_charging2/src/third_party/PythonRobotics/SLAM/GraphBasedSLAM/graphslam) by extension 'ros'
[0.474s] Level 1:colcon.colcon_core.package_identification:_identify(src/svea_charging2/src/third_party/PythonRobotics/SLAM/GraphBasedSLAM/graphslam) by extensions ['cmake', 'python']
[0.474s] Level 1:colcon.colcon_core.package_identification:_identify(src/svea_charging2/src/third_party/PythonRobotics/SLAM/GraphBasedSLAM/graphslam) by extension 'cmake'
[0.474s] Level 1:colcon.colcon_core.package_identification:_identify(src/svea_charging2/src/third_party/PythonRobotics/SLAM/GraphBasedSLAM/graphslam) by extension 'python'
[0.474s] Level 1:colcon.colcon_core.package_identification:_identify(src/svea_charging2/src/third_party/PythonRobotics/SLAM/GraphBasedSLAM/graphslam) by extensions ['python_setup_py']
[0.474s] Level 1:colcon.colcon_core.package_identification:_identify(src/svea_charging2/src/third_party/PythonRobotics/SLAM/GraphBasedSLAM/graphslam) by extension 'python_setup_py'
[0.474s] Level 1:colcon.colcon_core.package_identification:_identify(src/svea_charging2/src/third_party/PythonRobotics/SLAM/GraphBasedSLAM/graphslam/edge) by extensions ['ignore', 'ignore_ament_install']
[0.474s] Level 1:colcon.colcon_core.package_identification:_identify(src/svea_charging2/src/third_party/PythonRobotics/SLAM/GraphBasedSLAM/graphslam/edge) by extension 'ignore'
[0.475s] Level 1:colcon.colcon_core.package_identification:_identify(src/svea_charging2/src/third_party/PythonRobotics/SLAM/GraphBasedSLAM/graphslam/edge) by extension 'ignore_ament_install'
[0.475s] Level 1:colcon.colcon_core.package_identification:_identify(src/svea_charging2/src/third_party/PythonRobotics/SLAM/GraphBasedSLAM/graphslam/edge) by extensions ['colcon_pkg']
[0.475s] Level 1:colcon.colcon_core.package_identification:_identify(src/svea_charging2/src/third_party/PythonRobotics/SLAM/GraphBasedSLAM/graphslam/edge) by extension 'colcon_pkg'
[0.475s] Level 1:colcon.colcon_core.package_identification:_identify(src/svea_charging2/src/third_party/PythonRobotics/SLAM/GraphBasedSLAM/graphslam/edge) by extensions ['colcon_meta']
[0.475s] Level 1:colcon.colcon_core.package_identification:_identify(src/svea_charging2/src/third_party/PythonRobotics/SLAM/GraphBasedSLAM/graphslam/edge) by extension 'colcon_meta'
[0.475s] Level 1:colcon.colcon_core.package_identification:_identify(src/svea_charging2/src/third_party/PythonRobotics/SLAM/GraphBasedSLAM/graphslam/edge) by extensions ['ros']
[0.475s] Level 1:colcon.colcon_core.package_identification:_identify(src/svea_charging2/src/third_party/PythonRobotics/SLAM/GraphBasedSLAM/graphslam/edge) by extension 'ros'
[0.475s] Level 1:colcon.colcon_core.package_identification:_identify(src/svea_charging2/src/third_party/PythonRobotics/SLAM/GraphBasedSLAM/graphslam/edge) by extensions ['cmake', 'python']
[0.475s] Level 1:colcon.colcon_core.package_identification:_identify(src/svea_charging2/src/third_party/PythonRobotics/SLAM/GraphBasedSLAM/graphslam/edge) by extension 'cmake'
[0.475s] Level 1:colcon.colcon_core.package_identification:_identify(src/svea_charging2/src/third_party/PythonRobotics/SLAM/GraphBasedSLAM/graphslam/edge) by extension 'python'
[0.475s] Level 1:colcon.colcon_core.package_identification:_identify(src/svea_charging2/src/third_party/PythonRobotics/SLAM/GraphBasedSLAM/graphslam/edge) by extensions ['python_setup_py']
[0.475s] Level 1:colcon.colcon_core.package_identification:_identify(src/svea_charging2/src/third_party/PythonRobotics/SLAM/GraphBasedSLAM/graphslam/edge) by extension 'python_setup_py'
[0.475s] Level 1:colcon.colcon_core.package_identification:_identify(src/svea_charging2/src/third_party/PythonRobotics/SLAM/GraphBasedSLAM/graphslam/pose) by extensions ['ignore', 'ignore_ament_install']
[0.475s] Level 1:colcon.colcon_core.package_identification:_identify(src/svea_charging2/src/third_party/PythonRobotics/SLAM/GraphBasedSLAM/graphslam/pose) by extension 'ignore'
[0.476s] Level 1:colcon.colcon_core.package_identification:_identify(src/svea_charging2/src/third_party/PythonRobotics/SLAM/GraphBasedSLAM/graphslam/pose) by extension 'ignore_ament_install'
[0.476s] Level 1:colcon.colcon_core.package_identification:_identify(src/svea_charging2/src/third_party/PythonRobotics/SLAM/GraphBasedSLAM/graphslam/pose) by extensions ['colcon_pkg']
[0.476s] Level 1:colcon.colcon_core.package_identification:_identify(src/svea_charging2/src/third_party/PythonRobotics/SLAM/GraphBasedSLAM/graphslam/pose) by extension 'colcon_pkg'
[0.476s] Level 1:colcon.colcon_core.package_identification:_identify(src/svea_charging2/src/third_party/PythonRobotics/SLAM/GraphBasedSLAM/graphslam/pose) by extensions ['colcon_meta']
[0.476s] Level 1:colcon.colcon_core.package_identification:_identify(src/svea_charging2/src/third_party/PythonRobotics/SLAM/GraphBasedSLAM/graphslam/pose) by extension 'colcon_meta'
[0.476s] Level 1:colcon.colcon_core.package_identification:_identify(src/svea_charging2/src/third_party/PythonRobotics/SLAM/GraphBasedSLAM/graphslam/pose) by extensions ['ros']
[0.476s] Level 1:colcon.colcon_core.package_identification:_identify(src/svea_charging2/src/third_party/PythonRobotics/SLAM/GraphBasedSLAM/graphslam/pose) by extension 'ros'
[0.476s] Level 1:colcon.colcon_core.package_identification:_identify(src/svea_charging2/src/third_party/PythonRobotics/SLAM/GraphBasedSLAM/graphslam/pose) by extensions ['cmake', 'python']
[0.476s] Level 1:colcon.colcon_core.package_identification:_identify(src/svea_charging2/src/third_party/PythonRobotics/SLAM/GraphBasedSLAM/graphslam/pose) by extension 'cmake'
[0.476s] Level 1:colcon.colcon_core.package_identification:_identify(src/svea_charging2/src/third_party/PythonRobotics/SLAM/GraphBasedSLAM/graphslam/pose) by extension 'python'
[0.476s] Level 1:colcon.colcon_core.package_identification:_identify(src/svea_charging2/src/third_party/PythonRobotics/SLAM/GraphBasedSLAM/graphslam/pose) by extensions ['python_setup_py']
[0.476s] Level 1:colcon.colcon_core.package_identification:_identify(src/svea_charging2/src/third_party/PythonRobotics/SLAM/GraphBasedSLAM/graphslam/pose) by extension 'python_setup_py'
[0.476s] Level 1:colcon.colcon_core.package_identification:_identify(src/svea_charging2/src/third_party/PythonRobotics/SLAM/ICPMatching) by extensions ['ignore', 'ignore_ament_install']
[0.477s] Level 1:colcon.colcon_core.package_identification:_identify(src/svea_charging2/src/third_party/PythonRobotics/SLAM/ICPMatching) by extension 'ignore'
[0.477s] Level 1:colcon.colcon_core.package_identification:_identify(src/svea_charging2/src/third_party/PythonRobotics/SLAM/ICPMatching) by extension 'ignore_ament_install'
[0.477s] Level 1:colcon.colcon_core.package_identification:_identify(src/svea_charging2/src/third_party/PythonRobotics/SLAM/ICPMatching) by extensions ['colcon_pkg']
[0.477s] Level 1:colcon.colcon_core.package_identification:_identify(src/svea_charging2/src/third_party/PythonRobotics/SLAM/ICPMatching) by extension 'colcon_pkg'
[0.477s] Level 1:colcon.colcon_core.package_identification:_identify(src/svea_charging2/src/third_party/PythonRobotics/SLAM/ICPMatching) by extensions ['colcon_meta']
[0.477s] Level 1:colcon.colcon_core.package_identification:_identify(src/svea_charging2/src/third_party/PythonRobotics/SLAM/ICPMatching) by extension 'colcon_meta'
[0.477s] Level 1:colcon.colcon_core.package_identification:_identify(src/svea_charging2/src/third_party/PythonRobotics/SLAM/ICPMatching) by extensions ['ros']
[0.477s] Level 1:colcon.colcon_core.package_identification:_identify(src/svea_charging2/src/third_party/PythonRobotics/SLAM/ICPMatching) by extension 'ros'
[0.477s] Level 1:colcon.colcon_core.package_identification:_identify(src/svea_charging2/src/third_party/PythonRobotics/SLAM/ICPMatching) by extensions ['cmake', 'python']
[0.477s] Level 1:colcon.colcon_core.package_identification:_identify(src/svea_charging2/src/third_party/PythonRobotics/SLAM/ICPMatching) by extension 'cmake'
[0.477s] Level 1:colcon.colcon_core.package_identification:_identify(src/svea_charging2/src/third_party/PythonRobotics/SLAM/ICPMatching) by extension 'python'
[0.477s] Level 1:colcon.colcon_core.package_identification:_identify(src/svea_charging2/src/third_party/PythonRobotics/SLAM/ICPMatching) by extensions ['python_setup_py']
[0.477s] Level 1:colcon.colcon_core.package_identification:_identify(src/svea_charging2/src/third_party/PythonRobotics/SLAM/ICPMatching) by extension 'python_setup_py'
[0.477s] Level 1:colcon.colcon_core.package_identification:_identify(src/svea_charging2/src/third_party/PythonRobotics/docs) by extensions ['ignore', 'ignore_ament_install']
[0.478s] Level 1:colcon.colcon_core.package_identification:_identify(src/svea_charging2/src/third_party/PythonRobotics/docs) by extension 'ignore'
[0.478s] Level 1:colcon.colcon_core.package_identification:_identify(src/svea_charging2/src/third_party/PythonRobotics/docs) by extension 'ignore_ament_install'
[0.478s] Level 1:colcon.colcon_core.package_identification:_identify(src/svea_charging2/src/third_party/PythonRobotics/docs) by extensions ['colcon_pkg']
[0.478s] Level 1:colcon.colcon_core.package_identification:_identify(src/svea_charging2/src/third_party/PythonRobotics/docs) by extension 'colcon_pkg'
[0.478s] Level 1:colcon.colcon_core.package_identification:_identify(src/svea_charging2/src/third_party/PythonRobotics/docs) by extensions ['colcon_meta']
[0.478s] Level 1:colcon.colcon_core.package_identification:_identify(src/svea_charging2/src/third_party/PythonRobotics/docs) by extension 'colcon_meta'
[0.478s] Level 1:colcon.colcon_core.package_identification:_identify(src/svea_charging2/src/third_party/PythonRobotics/docs) by extensions ['ros']
[0.478s] Level 1:colcon.colcon_core.package_identification:_identify(src/svea_charging2/src/third_party/PythonRobotics/docs) by extension 'ros'
[0.478s] Level 1:colcon.colcon_core.package_identification:_identify(src/svea_charging2/src/third_party/PythonRobotics/docs) by extensions ['cmake', 'python']
[0.478s] Level 1:colcon.colcon_core.package_identification:_identify(src/svea_charging2/src/third_party/PythonRobotics/docs) by extension 'cmake'
[0.478s] Level 1:colcon.colcon_core.package_identification:_identify(src/svea_charging2/src/third_party/PythonRobotics/docs) by extension 'python'
[0.478s] Level 1:colcon.colcon_core.package_identification:_identify(src/svea_charging2/src/third_party/PythonRobotics/docs) by extensions ['python_setup_py']
[0.478s] Level 1:colcon.colcon_core.package_identification:_identify(src/svea_charging2/src/third_party/PythonRobotics/docs) by extension 'python_setup_py'
[0.478s] Level 1:colcon.colcon_core.package_identification:_identify(src/svea_charging2/src/third_party/PythonRobotics/docs/_static) by extensions ['ignore', 'ignore_ament_install']
[0.479s] Level 1:colcon.colcon_core.package_identification:_identify(src/svea_charging2/src/third_party/PythonRobotics/docs/_static) by extension 'ignore'
[0.479s] Level 1:colcon.colcon_core.package_identification:_identify(src/svea_charging2/src/third_party/PythonRobotics/docs/_static) by extension 'ignore_ament_install'
[0.479s] Level 1:colcon.colcon_core.package_identification:_identify(src/svea_charging2/src/third_party/PythonRobotics/docs/_static) by extensions ['colcon_pkg']
[0.479s] Level 1:colcon.colcon_core.package_identification:_identify(src/svea_charging2/src/third_party/PythonRobotics/docs/_static) by extension 'colcon_pkg'
[0.479s] Level 1:colcon.colcon_core.package_identification:_identify(src/svea_charging2/src/third_party/PythonRobotics/docs/_static) by extensions ['colcon_meta']
[0.479s] Level 1:colcon.colcon_core.package_identification:_identify(src/svea_charging2/src/third_party/PythonRobotics/docs/_static) by extension 'colcon_meta'
[0.479s] Level 1:colcon.colcon_core.package_identification:_identify(src/svea_charging2/src/third_party/PythonRobotics/docs/_static) by extensions ['ros']
[0.479s] Level 1:colcon.colcon_core.package_identification:_identify(src/svea_charging2/src/third_party/PythonRobotics/docs/_static) by extension 'ros'
[0.479s] Level 1:colcon.colcon_core.package_identification:_identify(src/svea_charging2/src/third_party/PythonRobotics/docs/_static) by extensions ['cmake', 'python']
[0.479s] Level 1:colcon.colcon_core.package_identification:_identify(src/svea_charging2/src/third_party/PythonRobotics/docs/_static) by extension 'cmake'
[0.479s] Level 1:colcon.colcon_core.package_identification:_identify(src/svea_charging2/src/third_party/PythonRobotics/docs/_static) by extension 'python'
[0.479s] Level 1:colcon.colcon_core.package_identification:_identify(src/svea_charging2/src/third_party/PythonRobotics/docs/_static) by extensions ['python_setup_py']
[0.479s] Level 1:colcon.colcon_core.package_identification:_identify(src/svea_charging2/src/third_party/PythonRobotics/docs/_static) by extension 'python_setup_py'
[0.480s] Level 1:colcon.colcon_core.package_identification:_identify(src/svea_charging2/src/third_party/PythonRobotics/docs/_static/img) by extensions ['ignore', 'ignore_ament_install']
[0.480s] Level 1:colcon.colcon_core.package_identification:_identify(src/svea_charging2/src/third_party/PythonRobotics/docs/_static/img) by extension 'ignore'
[0.480s] Level 1:colcon.colcon_core.package_identification:_identify(src/svea_charging2/src/third_party/PythonRobotics/docs/_static/img) by extension 'ignore_ament_install'
[0.480s] Level 1:colcon.colcon_core.package_identification:_identify(src/svea_charging2/src/third_party/PythonRobotics/docs/_static/img) by extensions ['colcon_pkg']
[0.480s] Level 1:colcon.colcon_core.package_identification:_identify(src/svea_charging2/src/third_party/PythonRobotics/docs/_static/img) by extension 'colcon_pkg'
[0.480s] Level 1:colcon.colcon_core.package_identification:_identify(src/svea_charging2/src/third_party/PythonRobotics/docs/_static/img) by extensions ['colcon_meta']
[0.480s] Level 1:colcon.colcon_core.package_identification:_identify(src/svea_charging2/src/third_party/PythonRobotics/docs/_static/img) by extension 'colcon_meta'
[0.480s] Level 1:colcon.colcon_core.package_identification:_identify(src/svea_charging2/src/third_party/PythonRobotics/docs/_static/img) by extensions ['ros']
[0.480s] Level 1:colcon.colcon_core.package_identification:_identify(src/svea_charging2/src/third_party/PythonRobotics/docs/_static/img) by extension 'ros'
[0.480s] Level 1:colcon.colcon_core.package_identification:_identify(src/svea_charging2/src/third_party/PythonRobotics/docs/_static/img) by extensions ['cmake', 'python']
[0.480s] Level 1:colcon.colcon_core.package_identification:_identify(src/svea_charging2/src/third_party/PythonRobotics/docs/_static/img) by extension 'cmake'
[0.480s] Level 1:colcon.colcon_core.package_identification:_identify(src/svea_charging2/src/third_party/PythonRobotics/docs/_static/img) by extension 'python'
[0.480s] Level 1:colcon.colcon_core.package_identification:_identify(src/svea_charging2/src/third_party/PythonRobotics/docs/_static/img) by extensions ['python_setup_py']
[0.480s] Level 1:colcon.colcon_core.package_identification:_identify(src/svea_charging2/src/third_party/PythonRobotics/docs/_static/img) by extension 'python_setup_py'
[0.481s] Level 1:colcon.colcon_core.package_identification:_identify(src/svea_charging2/src/third_party/PythonRobotics/docs/_templates) by extensions ['ignore', 'ignore_ament_install']
[0.481s] Level 1:colcon.colcon_core.package_identification:_identify(src/svea_charging2/src/third_party/PythonRobotics/docs/_templates) by extension 'ignore'
[0.481s] Level 1:colcon.colcon_core.package_identification:_identify(src/svea_charging2/src/third_party/PythonRobotics/docs/_templates) by extension 'ignore_ament_install'
[0.481s] Level 1:colcon.colcon_core.package_identification:_identify(src/svea_charging2/src/third_party/PythonRobotics/docs/_templates) by extensions ['colcon_pkg']
[0.481s] Level 1:colcon.colcon_core.package_identification:_identify(src/svea_charging2/src/third_party/PythonRobotics/docs/_templates) by extension 'colcon_pkg'
[0.481s] Level 1:colcon.colcon_core.package_identification:_identify(src/svea_charging2/src/third_party/PythonRobotics/docs/_templates) by extensions ['colcon_meta']
[0.481s] Level 1:colcon.colcon_core.package_identification:_identify(src/svea_charging2/src/third_party/PythonRobotics/docs/_templates) by extension 'colcon_meta'
[0.481s] Level 1:colcon.colcon_core.package_identification:_identify(src/svea_charging2/src/third_party/PythonRobotics/docs/_templates) by extensions ['ros']
[0.481s] Level 1:colcon.colcon_core.package_identification:_identify(src/svea_charging2/src/third_party/PythonRobotics/docs/_templates) by extension 'ros'
[0.481s] Level 1:colcon.colcon_core.package_identification:_identify(src/svea_charging2/src/third_party/PythonRobotics/docs/_templates) by extensions ['cmake', 'python']
[0.481s] Level 1:colcon.colcon_core.package_identification:_identify(src/svea_charging2/src/third_party/PythonRobotics/docs/_templates) by extension 'cmake'
[0.481s] Level 1:colcon.colcon_core.package_identification:_identify(src/svea_charging2/src/third_party/PythonRobotics/docs/_templates) by extension 'python'
[0.481s] Level 1:colcon.colcon_core.package_identification:_identify(src/svea_charging2/src/third_party/PythonRobotics/docs/_templates) by extensions ['python_setup_py']
[0.481s] Level 1:colcon.colcon_core.package_identification:_identify(src/svea_charging2/src/third_party/PythonRobotics/docs/_templates) by extension 'python_setup_py'
[0.482s] Level 1:colcon.colcon_core.package_identification:_identify(src/svea_charging2/src/third_party/PythonRobotics/docs/modules) by extensions ['ignore', 'ignore_ament_install']
[0.482s] Level 1:colcon.colcon_core.package_identification:_identify(src/svea_charging2/src/third_party/PythonRobotics/docs/modules) by extension 'ignore'
[0.482s] Level 1:colcon.colcon_core.package_identification:_identify(src/svea_charging2/src/third_party/PythonRobotics/docs/modules) by extension 'ignore_ament_install'
[0.482s] Level 1:colcon.colcon_core.package_identification:_identify(src/svea_charging2/src/third_party/PythonRobotics/docs/modules) by extensions ['colcon_pkg']
[0.482s] Level 1:colcon.colcon_core.package_identification:_identify(src/svea_charging2/src/third_party/PythonRobotics/docs/modules) by extension 'colcon_pkg'
[0.482s] Level 1:colcon.colcon_core.package_identification:_identify(src/svea_charging2/src/third_party/PythonRobotics/docs/modules) by extensions ['colcon_meta']
[0.482s] Level 1:colcon.colcon_core.package_identification:_identify(src/svea_charging2/src/third_party/PythonRobotics/docs/modules) by extension 'colcon_meta'
[0.482s] Level 1:colcon.colcon_core.package_identification:_identify(src/svea_charging2/src/third_party/PythonRobotics/docs/modules) by extensions ['ros']
[0.482s] Level 1:colcon.colcon_core.package_identification:_identify(src/svea_charging2/src/third_party/PythonRobotics/docs/modules) by extension 'ros'
[0.482s] Level 1:colcon.colcon_core.package_identification:_identify(src/svea_charging2/src/third_party/PythonRobotics/docs/modules) by extensions ['cmake', 'python']
[0.482s] Level 1:colcon.colcon_core.package_identification:_identify(src/svea_charging2/src/third_party/PythonRobotics/docs/modules) by extension 'cmake'
[0.482s] Level 1:colcon.colcon_core.package_identification:_identify(src/svea_charging2/src/third_party/PythonRobotics/docs/modules) by extension 'python'
[0.482s] Level 1:colcon.colcon_core.package_identification:_identify(src/svea_charging2/src/third_party/PythonRobotics/docs/modules) by extensions ['python_setup_py']
[0.483s] Level 1:colcon.colcon_core.package_identification:_identify(src/svea_charging2/src/third_party/PythonRobotics/docs/modules) by extension 'python_setup_py'
[0.483s] Level 1:colcon.colcon_core.package_identification:_identify(src/svea_charging2/src/third_party/PythonRobotics/docs/modules/0_getting_started) by extensions ['ignore', 'ignore_ament_install']
[0.483s] Level 1:colcon.colcon_core.package_identification:_identify(src/svea_charging2/src/third_party/PythonRobotics/docs/modules/0_getting_started) by extension 'ignore'
[0.483s] Level 1:colcon.colcon_core.package_identification:_identify(src/svea_charging2/src/third_party/PythonRobotics/docs/modules/0_getting_started) by extension 'ignore_ament_install'
[0.483s] Level 1:colcon.colcon_core.package_identification:_identify(src/svea_charging2/src/third_party/PythonRobotics/docs/modules/0_getting_started) by extensions ['colcon_pkg']
[0.483s] Level 1:colcon.colcon_core.package_identification:_identify(src/svea_charging2/src/third_party/PythonRobotics/docs/modules/0_getting_started) by extension 'colcon_pkg'
[0.483s] Level 1:colcon.colcon_core.package_identification:_identify(src/svea_charging2/src/third_party/PythonRobotics/docs/modules/0_getting_started) by extensions ['colcon_meta']
[0.483s] Level 1:colcon.colcon_core.package_identification:_identify(src/svea_charging2/src/third_party/PythonRobotics/docs/modules/0_getting_started) by extension 'colcon_meta'
[0.483s] Level 1:colcon.colcon_core.package_identification:_identify(src/svea_charging2/src/third_party/PythonRobotics/docs/modules/0_getting_started) by extensions ['ros']
[0.483s] Level 1:colcon.colcon_core.package_identification:_identify(src/svea_charging2/src/third_party/PythonRobotics/docs/modules/0_getting_started) by extension 'ros'
[0.483s] Level 1:colcon.colcon_core.package_identification:_identify(src/svea_charging2/src/third_party/PythonRobotics/docs/modules/0_getting_started) by extensions ['cmake', 'python']
[0.483s] Level 1:colcon.colcon_core.package_identification:_identify(src/svea_charging2/src/third_party/PythonRobotics/docs/modules/0_getting_started) by extension 'cmake'
[0.483s] Level 1:colcon.colcon_core.package_identification:_identify(src/svea_charging2/src/third_party/PythonRobotics/docs/modules/0_getting_started) by extension 'python'
[0.484s] Level 1:colcon.colcon_core.package_identification:_identify(src/svea_charging2/src/third_party/PythonRobotics/docs/modules/0_getting_started) by extensions ['python_setup_py']
[0.484s] Level 1:colcon.colcon_core.package_identification:_identify(src/svea_charging2/src/third_party/PythonRobotics/docs/modules/0_getting_started) by extension 'python_setup_py'
[0.484s] Level 1:colcon.colcon_core.package_identification:_identify(src/svea_charging2/src/third_party/PythonRobotics/docs/modules/10_inverted_pendulum) by extensions ['ignore', 'ignore_ament_install']
[0.484s] Level 1:colcon.colcon_core.package_identification:_identify(src/svea_charging2/src/third_party/PythonRobotics/docs/modules/10_inverted_pendulum) by extension 'ignore'
[0.484s] Level 1:colcon.colcon_core.package_identification:_identify(src/svea_charging2/src/third_party/PythonRobotics/docs/modules/10_inverted_pendulum) by extension 'ignore_ament_install'
[0.484s] Level 1:colcon.colcon_core.package_identification:_identify(src/svea_charging2/src/third_party/PythonRobotics/docs/modules/10_inverted_pendulum) by extensions ['colcon_pkg']
[0.484s] Level 1:colcon.colcon_core.package_identification:_identify(src/svea_charging2/src/third_party/PythonRobotics/docs/modules/10_inverted_pendulum) by extension 'colcon_pkg'
[0.484s] Level 1:colcon.colcon_core.package_identification:_identify(src/svea_charging2/src/third_party/PythonRobotics/docs/modules/10_inverted_pendulum) by extensions ['colcon_meta']
[0.484s] Level 1:colcon.colcon_core.package_identification:_identify(src/svea_charging2/src/third_party/PythonRobotics/docs/modules/10_inverted_pendulum) by extension 'colcon_meta'
[0.484s] Level 1:colcon.colcon_core.package_identification:_identify(src/svea_charging2/src/third_party/PythonRobotics/docs/modules/10_inverted_pendulum) by extensions ['ros']
[0.484s] Level 1:colcon.colcon_core.package_identification:_identify(src/svea_charging2/src/third_party/PythonRobotics/docs/modules/10_inverted_pendulum) by extension 'ros'
[0.484s] Level 1:colcon.colcon_core.package_identification:_identify(src/svea_charging2/src/third_party/PythonRobotics/docs/modules/10_inverted_pendulum) by extensions ['cmake', 'python']
[0.484s] Level 1:colcon.colcon_core.package_identification:_identify(src/svea_charging2/src/third_party/PythonRobotics/docs/modules/10_inverted_pendulum) by extension 'cmake'
[0.485s] Level 1:colcon.colcon_core.package_identification:_identify(src/svea_charging2/src/third_party/PythonRobotics/docs/modules/10_inverted_pendulum) by extension 'python'
[0.485s] Level 1:colcon.colcon_core.package_identification:_identify(src/svea_charging2/src/third_party/PythonRobotics/docs/modules/10_inverted_pendulum) by extensions ['python_setup_py']
[0.485s] Level 1:colcon.colcon_core.package_identification:_identify(src/svea_charging2/src/third_party/PythonRobotics/docs/modules/10_inverted_pendulum) by extension 'python_setup_py'
[0.485s] Level 1:colcon.colcon_core.package_identification:_identify(src/svea_charging2/src/third_party/PythonRobotics/docs/modules/11_utils) by extensions ['ignore', 'ignore_ament_install']
[0.485s] Level 1:colcon.colcon_core.package_identification:_identify(src/svea_charging2/src/third_party/PythonRobotics/docs/modules/11_utils) by extension 'ignore'
[0.485s] Level 1:colcon.colcon_core.package_identification:_identify(src/svea_charging2/src/third_party/PythonRobotics/docs/modules/11_utils) by extension 'ignore_ament_install'
[0.485s] Level 1:colcon.colcon_core.package_identification:_identify(src/svea_charging2/src/third_party/PythonRobotics/docs/modules/11_utils) by extensions ['colcon_pkg']
[0.485s] Level 1:colcon.colcon_core.package_identification:_identify(src/svea_charging2/src/third_party/PythonRobotics/docs/modules/11_utils) by extension 'colcon_pkg'
[0.485s] Level 1:colcon.colcon_core.package_identification:_identify(src/svea_charging2/src/third_party/PythonRobotics/docs/modules/11_utils) by extensions ['colcon_meta']
[0.485s] Level 1:colcon.colcon_core.package_identification:_identify(src/svea_charging2/src/third_party/PythonRobotics/docs/modules/11_utils) by extension 'colcon_meta'
[0.485s] Level 1:colcon.colcon_core.package_identification:_identify(src/svea_charging2/src/third_party/PythonRobotics/docs/modules/11_utils) by extensions ['ros']
[0.485s] Level 1:colcon.colcon_core.package_identification:_identify(src/svea_charging2/src/third_party/PythonRobotics/docs/modules/11_utils) by extension 'ros'
[0.485s] Level 1:colcon.colcon_core.package_identification:_identify(src/svea_charging2/src/third_party/PythonRobotics/docs/modules/11_utils) by extensions ['cmake', 'python']
[0.486s] Level 1:colcon.colcon_core.package_identification:_identify(src/svea_charging2/src/third_party/PythonRobotics/docs/modules/11_utils) by extension 'cmake'
[0.486s] Level 1:colcon.colcon_core.package_identification:_identify(src/svea_charging2/src/third_party/PythonRobotics/docs/modules/11_utils) by extension 'python'
[0.486s] Level 1:colcon.colcon_core.package_identification:_identify(src/svea_charging2/src/third_party/PythonRobotics/docs/modules/11_utils) by extensions ['python_setup_py']
[0.486s] Level 1:colcon.colcon_core.package_identification:_identify(src/svea_charging2/src/third_party/PythonRobotics/docs/modules/11_utils) by extension 'python_setup_py'
[0.486s] Level 1:colcon.colcon_core.package_identification:_identify(src/svea_charging2/src/third_party/PythonRobotics/docs/modules/11_utils/plot) by extensions ['ignore', 'ignore_ament_install']
[0.486s] Level 1:colcon.colcon_core.package_identification:_identify(src/svea_charging2/src/third_party/PythonRobotics/docs/modules/11_utils/plot) by extension 'ignore'
[0.486s] Level 1:colcon.colcon_core.package_identification:_identify(src/svea_charging2/src/third_party/PythonRobotics/docs/modules/11_utils/plot) by extension 'ignore_ament_install'
[0.486s] Level 1:colcon.colcon_core.package_identification:_identify(src/svea_charging2/src/third_party/PythonRobotics/docs/modules/11_utils/plot) by extensions ['colcon_pkg']
[0.486s] Level 1:colcon.colcon_core.package_identification:_identify(src/svea_charging2/src/third_party/PythonRobotics/docs/modules/11_utils/plot) by extension 'colcon_pkg'
[0.486s] Level 1:colcon.colcon_core.package_identification:_identify(src/svea_charging2/src/third_party/PythonRobotics/docs/modules/11_utils/plot) by extensions ['colcon_meta']
[0.486s] Level 1:colcon.colcon_core.package_identification:_identify(src/svea_charging2/src/third_party/PythonRobotics/docs/modules/11_utils/plot) by extension 'colcon_meta'
[0.487s] Level 1:colcon.colcon_core.package_identification:_identify(src/svea_charging2/src/third_party/PythonRobotics/docs/modules/11_utils/plot) by extensions ['ros']
[0.487s] Level 1:colcon.colcon_core.package_identification:_identify(src/svea_charging2/src/third_party/PythonRobotics/docs/modules/11_utils/plot) by extension 'ros'
[0.487s] Level 1:colcon.colcon_core.package_identification:_identify(src/svea_charging2/src/third_party/PythonRobotics/docs/modules/11_utils/plot) by extensions ['cmake', 'python']
[0.487s] Level 1:colcon.colcon_core.package_identification:_identify(src/svea_charging2/src/third_party/PythonRobotics/docs/modules/11_utils/plot) by extension 'cmake'
[0.487s] Level 1:colcon.colcon_core.package_identification:_identify(src/svea_charging2/src/third_party/PythonRobotics/docs/modules/11_utils/plot) by extension 'python'
[0.487s] Level 1:colcon.colcon_core.package_identification:_identify(src/svea_charging2/src/third_party/PythonRobotics/docs/modules/11_utils/plot) by extensions ['python_setup_py']
[0.487s] Level 1:colcon.colcon_core.package_identification:_identify(src/svea_charging2/src/third_party/PythonRobotics/docs/modules/11_utils/plot) by extension 'python_setup_py'
[0.487s] Level 1:colcon.colcon_core.package_identification:_identify(src/svea_charging2/src/third_party/PythonRobotics/docs/modules/12_appendix) by extensions ['ignore', 'ignore_ament_install']
[0.487s] Level 1:colcon.colcon_core.package_identification:_identify(src/svea_charging2/src/third_party/PythonRobotics/docs/modules/12_appendix) by extension 'ignore'
[0.487s] Level 1:colcon.colcon_core.package_identification:_identify(src/svea_charging2/src/third_party/PythonRobotics/docs/modules/12_appendix) by extension 'ignore_ament_install'
[0.487s] Level 1:colcon.colcon_core.package_identification:_identify(src/svea_charging2/src/third_party/PythonRobotics/docs/modules/12_appendix) by extensions ['colcon_pkg']
[0.488s] Level 1:colcon.colcon_core.package_identification:_identify(src/svea_charging2/src/third_party/PythonRobotics/docs/modules/12_appendix) by extension 'colcon_pkg'
[0.488s] Level 1:colcon.colcon_core.package_identification:_identify(src/svea_charging2/src/third_party/PythonRobotics/docs/modules/12_appendix) by extensions ['colcon_meta']
[0.488s] Level 1:colcon.colcon_core.package_identification:_identify(src/svea_charging2/src/third_party/PythonRobotics/docs/modules/12_appendix) by extension 'colcon_meta'
[0.488s] Level 1:colcon.colcon_core.package_identification:_identify(src/svea_charging2/src/third_party/PythonRobotics/docs/modules/12_appendix) by extensions ['ros']
[0.488s] Level 1:colcon.colcon_core.package_identification:_identify(src/svea_charging2/src/third_party/PythonRobotics/docs/modules/12_appendix) by extension 'ros'
[0.488s] Level 1:colcon.colcon_core.package_identification:_identify(src/svea_charging2/src/third_party/PythonRobotics/docs/modules/12_appendix) by extensions ['cmake', 'python']
[0.488s] Level 1:colcon.colcon_core.package_identification:_identify(src/svea_charging2/src/third_party/PythonRobotics/docs/modules/12_appendix) by extension 'cmake'
[0.488s] Level 1:colcon.colcon_core.package_identification:_identify(src/svea_charging2/src/third_party/PythonRobotics/docs/modules/12_appendix) by extension 'python'
[0.488s] Level 1:colcon.colcon_core.package_identification:_identify(src/svea_charging2/src/third_party/PythonRobotics/docs/modules/12_appendix) by extensions ['python_setup_py']
[0.488s] Level 1:colcon.colcon_core.package_identification:_identify(src/svea_charging2/src/third_party/PythonRobotics/docs/modules/12_appendix) by extension 'python_setup_py'
[0.488s] Level 1:colcon.colcon_core.package_identification:_identify(src/svea_charging2/src/third_party/PythonRobotics/docs/modules/12_appendix/Kalmanfilter_basics_2_files) by extensions ['ignore', 'ignore_ament_install']
[0.488s] Level 1:colcon.colcon_core.package_identification:_identify(src/svea_charging2/src/third_party/PythonRobotics/docs/modules/12_appendix/Kalmanfilter_basics_2_files) by extension 'ignore'
[0.488s] Level 1:colcon.colcon_core.package_identification:_identify(src/svea_charging2/src/third_party/PythonRobotics/docs/modules/12_appendix/Kalmanfilter_basics_2_files) by extension 'ignore_ament_install'
[0.489s] Level 1:colcon.colcon_core.package_identification:_identify(src/svea_charging2/src/third_party/PythonRobotics/docs/modules/12_appendix/Kalmanfilter_basics_2_files) by extensions ['colcon_pkg']
[0.489s] Level 1:colcon.colcon_core.package_identification:_identify(src/svea_charging2/src/third_party/PythonRobotics/docs/modules/12_appendix/Kalmanfilter_basics_2_files) by extension 'colcon_pkg'
[0.489s] Level 1:colcon.colcon_core.package_identification:_identify(src/svea_charging2/src/third_party/PythonRobotics/docs/modules/12_appendix/Kalmanfilter_basics_2_files) by extensions ['colcon_meta']
[0.489s] Level 1:colcon.colcon_core.package_identification:_identify(src/svea_charging2/src/third_party/PythonRobotics/docs/modules/12_appendix/Kalmanfilter_basics_2_files) by extension 'colcon_meta'
[0.489s] Level 1:colcon.colcon_core.package_identification:_identify(src/svea_charging2/src/third_party/PythonRobotics/docs/modules/12_appendix/Kalmanfilter_basics_2_files) by extensions ['ros']
[0.489s] Level 1:colcon.colcon_core.package_identification:_identify(src/svea_charging2/src/third_party/PythonRobotics/docs/modules/12_appendix/Kalmanfilter_basics_2_files) by extension 'ros'
[0.489s] Level 1:colcon.colcon_core.package_identification:_identify(src/svea_charging2/src/third_party/PythonRobotics/docs/modules/12_appendix/Kalmanfilter_basics_2_files) by extensions ['cmake', 'python']
[0.489s] Level 1:colcon.colcon_core.package_identification:_identify(src/svea_charging2/src/third_party/PythonRobotics/docs/modules/12_appendix/Kalmanfilter_basics_2_files) by extension 'cmake'
[0.489s] Level 1:colcon.colcon_core.package_identification:_identify(src/svea_charging2/src/third_party/PythonRobotics/docs/modules/12_appendix/Kalmanfilter_basics_2_files) by extension 'python'
[0.489s] Level 1:colcon.colcon_core.package_identification:_identify(src/svea_charging2/src/third_party/PythonRobotics/docs/modules/12_appendix/Kalmanfilter_basics_2_files) by extensions ['python_setup_py']
[0.489s] Level 1:colcon.colcon_core.package_identification:_identify(src/svea_charging2/src/third_party/PythonRobotics/docs/modules/12_appendix/Kalmanfilter_basics_2_files) by extension 'python_setup_py'
[0.489s] Level 1:colcon.colcon_core.package_identification:_identify(src/svea_charging2/src/third_party/PythonRobotics/docs/modules/12_appendix/Kalmanfilter_basics_files) by extensions ['ignore', 'ignore_ament_install']
[0.489s] Level 1:colcon.colcon_core.package_identification:_identify(src/svea_charging2/src/third_party/PythonRobotics/docs/modules/12_appendix/Kalmanfilter_basics_files) by extension 'ignore'
[0.490s] Level 1:colcon.colcon_core.package_identification:_identify(src/svea_charging2/src/third_party/PythonRobotics/docs/modules/12_appendix/Kalmanfilter_basics_files) by extension 'ignore_ament_install'
[0.490s] Level 1:colcon.colcon_core.package_identification:_identify(src/svea_charging2/src/third_party/PythonRobotics/docs/modules/12_appendix/Kalmanfilter_basics_files) by extensions ['colcon_pkg']
[0.490s] Level 1:colcon.colcon_core.package_identification:_identify(src/svea_charging2/src/third_party/PythonRobotics/docs/modules/12_appendix/Kalmanfilter_basics_files) by extension 'colcon_pkg'
[0.490s] Level 1:colcon.colcon_core.package_identification:_identify(src/svea_charging2/src/third_party/PythonRobotics/docs/modules/12_appendix/Kalmanfilter_basics_files) by extensions ['colcon_meta']
[0.490s] Level 1:colcon.colcon_core.package_identification:_identify(src/svea_charging2/src/third_party/PythonRobotics/docs/modules/12_appendix/Kalmanfilter_basics_files) by extension 'colcon_meta'
[0.490s] Level 1:colcon.colcon_core.package_identification:_identify(src/svea_charging2/src/third_party/PythonRobotics/docs/modules/12_appendix/Kalmanfilter_basics_files) by extensions ['ros']
[0.490s] Level 1:colcon.colcon_core.package_identification:_identify(src/svea_charging2/src/third_party/PythonRobotics/docs/modules/12_appendix/Kalmanfilter_basics_files) by extension 'ros'
[0.490s] Level 1:colcon.colcon_core.package_identification:_identify(src/svea_charging2/src/third_party/PythonRobotics/docs/modules/12_appendix/Kalmanfilter_basics_files) by extensions ['cmake', 'python']
[0.490s] Level 1:colcon.colcon_core.package_identification:_identify(src/svea_charging2/src/third_party/PythonRobotics/docs/modules/12_appendix/Kalmanfilter_basics_files) by extension 'cmake'
[0.490s] Level 1:colcon.colcon_core.package_identification:_identify(src/svea_charging2/src/third_party/PythonRobotics/docs/modules/12_appendix/Kalmanfilter_basics_files) by extension 'python'
[0.490s] Level 1:colcon.colcon_core.package_identification:_identify(src/svea_charging2/src/third_party/PythonRobotics/docs/modules/12_appendix/Kalmanfilter_basics_files) by extensions ['python_setup_py']
[0.490s] Level 1:colcon.colcon_core.package_identification:_identify(src/svea_charging2/src/third_party/PythonRobotics/docs/modules/12_appendix/Kalmanfilter_basics_files) by extension 'python_setup_py'
[0.490s] Level 1:colcon.colcon_core.package_identification:_identify(src/svea_charging2/src/third_party/PythonRobotics/docs/modules/12_appendix/steering_motion_model) by extensions ['ignore', 'ignore_ament_install']
[0.491s] Level 1:colcon.colcon_core.package_identification:_identify(src/svea_charging2/src/third_party/PythonRobotics/docs/modules/12_appendix/steering_motion_model) by extension 'ignore'
[0.491s] Level 1:colcon.colcon_core.package_identification:_identify(src/svea_charging2/src/third_party/PythonRobotics/docs/modules/12_appendix/steering_motion_model) by extension 'ignore_ament_install'
[0.491s] Level 1:colcon.colcon_core.package_identification:_identify(src/svea_charging2/src/third_party/PythonRobotics/docs/modules/12_appendix/steering_motion_model) by extensions ['colcon_pkg']
[0.491s] Level 1:colcon.colcon_core.package_identification:_identify(src/svea_charging2/src/third_party/PythonRobotics/docs/modules/12_appendix/steering_motion_model) by extension 'colcon_pkg'
[0.491s] Level 1:colcon.colcon_core.package_identification:_identify(src/svea_charging2/src/third_party/PythonRobotics/docs/modules/12_appendix/steering_motion_model) by extensions ['colcon_meta']
[0.491s] Level 1:colcon.colcon_core.package_identification:_identify(src/svea_charging2/src/third_party/PythonRobotics/docs/modules/12_appendix/steering_motion_model) by extension 'colcon_meta'
[0.491s] Level 1:colcon.colcon_core.package_identification:_identify(src/svea_charging2/src/third_party/PythonRobotics/docs/modules/12_appendix/steering_motion_model) by extensions ['ros']
[0.491s] Level 1:colcon.colcon_core.package_identification:_identify(src/svea_charging2/src/third_party/PythonRobotics/docs/modules/12_appendix/steering_motion_model) by extension 'ros'
[0.491s] Level 1:colcon.colcon_core.package_identification:_identify(src/svea_charging2/src/third_party/PythonRobotics/docs/modules/12_appendix/steering_motion_model) by extensions ['cmake', 'python']
[0.491s] Level 1:colcon.colcon_core.package_identification:_identify(src/svea_charging2/src/third_party/PythonRobotics/docs/modules/12_appendix/steering_motion_model) by extension 'cmake'
[0.491s] Level 1:colcon.colcon_core.package_identification:_identify(src/svea_charging2/src/third_party/PythonRobotics/docs/modules/12_appendix/steering_motion_model) by extension 'python'
[0.491s] Level 1:colcon.colcon_core.package_identification:_identify(src/svea_charging2/src/third_party/PythonRobotics/docs/modules/12_appendix/steering_motion_model) by extensions ['python_setup_py']
[0.491s] Level 1:colcon.colcon_core.package_identification:_identify(src/svea_charging2/src/third_party/PythonRobotics/docs/modules/12_appendix/steering_motion_model) by extension 'python_setup_py'
[0.492s] Level 1:colcon.colcon_core.package_identification:_identify(src/svea_charging2/src/third_party/PythonRobotics/docs/modules/13_mission_planning) by extensions ['ignore', 'ignore_ament_install']
[0.492s] Level 1:colcon.colcon_core.package_identification:_identify(src/svea_charging2/src/third_party/PythonRobotics/docs/modules/13_mission_planning) by extension 'ignore'
[0.492s] Level 1:colcon.colcon_core.package_identification:_identify(src/svea_charging2/src/third_party/PythonRobotics/docs/modules/13_mission_planning) by extension 'ignore_ament_install'
[0.492s] Level 1:colcon.colcon_core.package_identification:_identify(src/svea_charging2/src/third_party/PythonRobotics/docs/modules/13_mission_planning) by extensions ['colcon_pkg']
[0.492s] Level 1:colcon.colcon_core.package_identification:_identify(src/svea_charging2/src/third_party/PythonRobotics/docs/modules/13_mission_planning) by extension 'colcon_pkg'
[0.492s] Level 1:colcon.colcon_core.package_identification:_identify(src/svea_charging2/src/third_party/PythonRobotics/docs/modules/13_mission_planning) by extensions ['colcon_meta']
[0.492s] Level 1:colcon.colcon_core.package_identification:_identify(src/svea_charging2/src/third_party/PythonRobotics/docs/modules/13_mission_planning) by extension 'colcon_meta'
[0.492s] Level 1:colcon.colcon_core.package_identification:_identify(src/svea_charging2/src/third_party/PythonRobotics/docs/modules/13_mission_planning) by extensions ['ros']
[0.492s] Level 1:colcon.colcon_core.package_identification:_identify(src/svea_charging2/src/third_party/PythonRobotics/docs/modules/13_mission_planning) by extension 'ros'
[0.492s] Level 1:colcon.colcon_core.package_identification:_identify(src/svea_charging2/src/third_party/PythonRobotics/docs/modules/13_mission_planning) by extensions ['cmake', 'python']
[0.492s] Level 1:colcon.colcon_core.package_identification:_identify(src/svea_charging2/src/third_party/PythonRobotics/docs/modules/13_mission_planning) by extension 'cmake'
[0.492s] Level 1:colcon.colcon_core.package_identification:_identify(src/svea_charging2/src/third_party/PythonRobotics/docs/modules/13_mission_planning) by extension 'python'
[0.492s] Level 1:colcon.colcon_core.package_identification:_identify(src/svea_charging2/src/third_party/PythonRobotics/docs/modules/13_mission_planning) by extensions ['python_setup_py']
[0.492s] Level 1:colcon.colcon_core.package_identification:_identify(src/svea_charging2/src/third_party/PythonRobotics/docs/modules/13_mission_planning) by extension 'python_setup_py'
[0.493s] Level 1:colcon.colcon_core.package_identification:_identify(src/svea_charging2/src/third_party/PythonRobotics/docs/modules/13_mission_planning/behavior_tree) by extensions ['ignore', 'ignore_ament_install']
[0.493s] Level 1:colcon.colcon_core.package_identification:_identify(src/svea_charging2/src/third_party/PythonRobotics/docs/modules/13_mission_planning/behavior_tree) by extension 'ignore'
[0.493s] Level 1:colcon.colcon_core.package_identification:_identify(src/svea_charging2/src/third_party/PythonRobotics/docs/modules/13_mission_planning/behavior_tree) by extension 'ignore_ament_install'
[0.493s] Level 1:colcon.colcon_core.package_identification:_identify(src/svea_charging2/src/third_party/PythonRobotics/docs/modules/13_mission_planning/behavior_tree) by extensions ['colcon_pkg']
[0.493s] Level 1:colcon.colcon_core.package_identification:_identify(src/svea_charging2/src/third_party/PythonRobotics/docs/modules/13_mission_planning/behavior_tree) by extension 'colcon_pkg'
[0.493s] Level 1:colcon.colcon_core.package_identification:_identify(src/svea_charging2/src/third_party/PythonRobotics/docs/modules/13_mission_planning/behavior_tree) by extensions ['colcon_meta']
[0.493s] Level 1:colcon.colcon_core.package_identification:_identify(src/svea_charging2/src/third_party/PythonRobotics/docs/modules/13_mission_planning/behavior_tree) by extension 'colcon_meta'
[0.493s] Level 1:colcon.colcon_core.package_identification:_identify(src/svea_charging2/src/third_party/PythonRobotics/docs/modules/13_mission_planning/behavior_tree) by extensions ['ros']
[0.493s] Level 1:colcon.colcon_core.package_identification:_identify(src/svea_charging2/src/third_party/PythonRobotics/docs/modules/13_mission_planning/behavior_tree) by extension 'ros'
[0.493s] Level 1:colcon.colcon_core.package_identification:_identify(src/svea_charging2/src/third_party/PythonRobotics/docs/modules/13_mission_planning/behavior_tree) by extensions ['cmake', 'python']
[0.493s] Level 1:colcon.colcon_core.package_identification:_identify(src/svea_charging2/src/third_party/PythonRobotics/docs/modules/13_mission_planning/behavior_tree) by extension 'cmake'
[0.493s] Level 1:colcon.colcon_core.package_identification:_identify(src/svea_charging2/src/third_party/PythonRobotics/docs/modules/13_mission_planning/behavior_tree) by extension 'python'
[0.493s] Level 1:colcon.colcon_core.package_identification:_identify(src/svea_charging2/src/third_party/PythonRobotics/docs/modules/13_mission_planning/behavior_tree) by extensions ['python_setup_py']
[0.493s] Level 1:colcon.colcon_core.package_identification:_identify(src/svea_charging2/src/third_party/PythonRobotics/docs/modules/13_mission_planning/behavior_tree) by extension 'python_setup_py'
[0.494s] Level 1:colcon.colcon_core.package_identification:_identify(src/svea_charging2/src/third_party/PythonRobotics/docs/modules/13_mission_planning/state_machine) by extensions ['ignore', 'ignore_ament_install']
[0.494s] Level 1:colcon.colcon_core.package_identification:_identify(src/svea_charging2/src/third_party/PythonRobotics/docs/modules/13_mission_planning/state_machine) by extension 'ignore'
[0.494s] Level 1:colcon.colcon_core.package_identification:_identify(src/svea_charging2/src/third_party/PythonRobotics/docs/modules/13_mission_planning/state_machine) by extension 'ignore_ament_install'
[0.494s] Level 1:colcon.colcon_core.package_identification:_identify(src/svea_charging2/src/third_party/PythonRobotics/docs/modules/13_mission_planning/state_machine) by extensions ['colcon_pkg']
[0.494s] Level 1:colcon.colcon_core.package_identification:_identify(src/svea_charging2/src/third_party/PythonRobotics/docs/modules/13_mission_planning/state_machine) by extension 'colcon_pkg'
[0.494s] Level 1:colcon.colcon_core.package_identification:_identify(src/svea_charging2/src/third_party/PythonRobotics/docs/modules/13_mission_planning/state_machine) by extensions ['colcon_meta']
[0.494s] Level 1:colcon.colcon_core.package_identification:_identify(src/svea_charging2/src/third_party/PythonRobotics/docs/modules/13_mission_planning/state_machine) by extension 'colcon_meta'
[0.494s] Level 1:colcon.colcon_core.package_identification:_identify(src/svea_charging2/src/third_party/PythonRobotics/docs/modules/13_mission_planning/state_machine) by extensions ['ros']
[0.494s] Level 1:colcon.colcon_core.package_identification:_identify(src/svea_charging2/src/third_party/PythonRobotics/docs/modules/13_mission_planning/state_machine) by extension 'ros'
[0.494s] Level 1:colcon.colcon_core.package_identification:_identify(src/svea_charging2/src/third_party/PythonRobotics/docs/modules/13_mission_planning/state_machine) by extensions ['cmake', 'python']
[0.494s] Level 1:colcon.colcon_core.package_identification:_identify(src/svea_charging2/src/third_party/PythonRobotics/docs/modules/13_mission_planning/state_machine) by extension 'cmake'
[0.494s] Level 1:colcon.colcon_core.package_identification:_identify(src/svea_charging2/src/third_party/PythonRobotics/docs/modules/13_mission_planning/state_machine) by extension 'python'
[0.495s] Level 1:colcon.colcon_core.package_identification:_identify(src/svea_charging2/src/third_party/PythonRobotics/docs/modules/13_mission_planning/state_machine) by extensions ['python_setup_py']
[0.495s] Level 1:colcon.colcon_core.package_identification:_identify(src/svea_charging2/src/third_party/PythonRobotics/docs/modules/13_mission_planning/state_machine) by extension 'python_setup_py'
[0.495s] Level 1:colcon.colcon_core.package_identification:_identify(src/svea_charging2/src/third_party/PythonRobotics/docs/modules/1_introduction) by extensions ['ignore', 'ignore_ament_install']
[0.495s] Level 1:colcon.colcon_core.package_identification:_identify(src/svea_charging2/src/third_party/PythonRobotics/docs/modules/1_introduction) by extension 'ignore'
[0.495s] Level 1:colcon.colcon_core.package_identification:_identify(src/svea_charging2/src/third_party/PythonRobotics/docs/modules/1_introduction) by extension 'ignore_ament_install'
[0.495s] Level 1:colcon.colcon_core.package_identification:_identify(src/svea_charging2/src/third_party/PythonRobotics/docs/modules/1_introduction) by extensions ['colcon_pkg']
[0.495s] Level 1:colcon.colcon_core.package_identification:_identify(src/svea_charging2/src/third_party/PythonRobotics/docs/modules/1_introduction) by extension 'colcon_pkg'
[0.495s] Level 1:colcon.colcon_core.package_identification:_identify(src/svea_charging2/src/third_party/PythonRobotics/docs/modules/1_introduction) by extensions ['colcon_meta']
[0.495s] Level 1:colcon.colcon_core.package_identification:_identify(src/svea_charging2/src/third_party/PythonRobotics/docs/modules/1_introduction) by extension 'colcon_meta'
[0.495s] Level 1:colcon.colcon_core.package_identification:_identify(src/svea_charging2/src/third_party/PythonRobotics/docs/modules/1_introduction) by extensions ['ros']
[0.495s] Level 1:colcon.colcon_core.package_identification:_identify(src/svea_charging2/src/third_party/PythonRobotics/docs/modules/1_introduction) by extension 'ros'
[0.495s] Level 1:colcon.colcon_core.package_identification:_identify(src/svea_charging2/src/third_party/PythonRobotics/docs/modules/1_introduction) by extensions ['cmake', 'python']
[0.495s] Level 1:colcon.colcon_core.package_identification:_identify(src/svea_charging2/src/third_party/PythonRobotics/docs/modules/1_introduction) by extension 'cmake'
[0.496s] Level 1:colcon.colcon_core.package_identification:_identify(src/svea_charging2/src/third_party/PythonRobotics/docs/modules/1_introduction) by extension 'python'
[0.496s] Level 1:colcon.colcon_core.package_identification:_identify(src/svea_charging2/src/third_party/PythonRobotics/docs/modules/1_introduction) by extensions ['python_setup_py']
[0.496s] Level 1:colcon.colcon_core.package_identification:_identify(src/svea_charging2/src/third_party/PythonRobotics/docs/modules/1_introduction) by extension 'python_setup_py'
[0.496s] Level 1:colcon.colcon_core.package_identification:_identify(src/svea_charging2/src/third_party/PythonRobotics/docs/modules/1_introduction/1_definition_of_robotics) by extensions ['ignore', 'ignore_ament_install']
[0.496s] Level 1:colcon.colcon_core.package_identification:_identify(src/svea_charging2/src/third_party/PythonRobotics/docs/modules/1_introduction/1_definition_of_robotics) by extension 'ignore'
[0.496s] Level 1:colcon.colcon_core.package_identification:_identify(src/svea_charging2/src/third_party/PythonRobotics/docs/modules/1_introduction/1_definition_of_robotics) by extension 'ignore_ament_install'
[0.496s] Level 1:colcon.colcon_core.package_identification:_identify(src/svea_charging2/src/third_party/PythonRobotics/docs/modules/1_introduction/1_definition_of_robotics) by extensions ['colcon_pkg']
[0.496s] Level 1:colcon.colcon_core.package_identification:_identify(src/svea_charging2/src/third_party/PythonRobotics/docs/modules/1_introduction/1_definition_of_robotics) by extension 'colcon_pkg'
[0.496s] Level 1:colcon.colcon_core.package_identification:_identify(src/svea_charging2/src/third_party/PythonRobotics/docs/modules/1_introduction/1_definition_of_robotics) by extensions ['colcon_meta']
[0.496s] Level 1:colcon.colcon_core.package_identification:_identify(src/svea_charging2/src/third_party/PythonRobotics/docs/modules/1_introduction/1_definition_of_robotics) by extension 'colcon_meta'
[0.496s] Level 1:colcon.colcon_core.package_identification:_identify(src/svea_charging2/src/third_party/PythonRobotics/docs/modules/1_introduction/1_definition_of_robotics) by extensions ['ros']
[0.496s] Level 1:colcon.colcon_core.package_identification:_identify(src/svea_charging2/src/third_party/PythonRobotics/docs/modules/1_introduction/1_definition_of_robotics) by extension 'ros'
[0.496s] Level 1:colcon.colcon_core.package_identification:_identify(src/svea_charging2/src/third_party/PythonRobotics/docs/modules/1_introduction/1_definition_of_robotics) by extensions ['cmake', 'python']
[0.497s] Level 1:colcon.colcon_core.package_identification:_identify(src/svea_charging2/src/third_party/PythonRobotics/docs/modules/1_introduction/1_definition_of_robotics) by extension 'cmake'
[0.497s] Level 1:colcon.colcon_core.package_identification:_identify(src/svea_charging2/src/third_party/PythonRobotics/docs/modules/1_introduction/1_definition_of_robotics) by extension 'python'
[0.497s] Level 1:colcon.colcon_core.package_identification:_identify(src/svea_charging2/src/third_party/PythonRobotics/docs/modules/1_introduction/1_definition_of_robotics) by extensions ['python_setup_py']
[0.497s] Level 1:colcon.colcon_core.package_identification:_identify(src/svea_charging2/src/third_party/PythonRobotics/docs/modules/1_introduction/1_definition_of_robotics) by extension 'python_setup_py'
[0.497s] Level 1:colcon.colcon_core.package_identification:_identify(src/svea_charging2/src/third_party/PythonRobotics/docs/modules/1_introduction/2_python_for_robotics) by extensions ['ignore', 'ignore_ament_install']
[0.497s] Level 1:colcon.colcon_core.package_identification:_identify(src/svea_charging2/src/third_party/PythonRobotics/docs/modules/1_introduction/2_python_for_robotics) by extension 'ignore'
[0.497s] Level 1:colcon.colcon_core.package_identification:_identify(src/svea_charging2/src/third_party/PythonRobotics/docs/modules/1_introduction/2_python_for_robotics) by extension 'ignore_ament_install'
[0.497s] Level 1:colcon.colcon_core.package_identification:_identify(src/svea_charging2/src/third_party/PythonRobotics/docs/modules/1_introduction/2_python_for_robotics) by extensions ['colcon_pkg']
[0.497s] Level 1:colcon.colcon_core.package_identification:_identify(src/svea_charging2/src/third_party/PythonRobotics/docs/modules/1_introduction/2_python_for_robotics) by extension 'colcon_pkg'
[0.497s] Level 1:colcon.colcon_core.package_identification:_identify(src/svea_charging2/src/third_party/PythonRobotics/docs/modules/1_introduction/2_python_for_robotics) by extensions ['colcon_meta']
[0.497s] Level 1:colcon.colcon_core.package_identification:_identify(src/svea_charging2/src/third_party/PythonRobotics/docs/modules/1_introduction/2_python_for_robotics) by extension 'colcon_meta'
[0.497s] Level 1:colcon.colcon_core.package_identification:_identify(src/svea_charging2/src/third_party/PythonRobotics/docs/modules/1_introduction/2_python_for_robotics) by extensions ['ros']
[0.497s] Level 1:colcon.colcon_core.package_identification:_identify(src/svea_charging2/src/third_party/PythonRobotics/docs/modules/1_introduction/2_python_for_robotics) by extension 'ros'
[0.498s] Level 1:colcon.colcon_core.package_identification:_identify(src/svea_charging2/src/third_party/PythonRobotics/docs/modules/1_introduction/2_python_for_robotics) by extensions ['cmake', 'python']
[0.498s] Level 1:colcon.colcon_core.package_identification:_identify(src/svea_charging2/src/third_party/PythonRobotics/docs/modules/1_introduction/2_python_for_robotics) by extension 'cmake'
[0.498s] Level 1:colcon.colcon_core.package_identification:_identify(src/svea_charging2/src/third_party/PythonRobotics/docs/modules/1_introduction/2_python_for_robotics) by extension 'python'
[0.498s] Level 1:colcon.colcon_core.package_identification:_identify(src/svea_charging2/src/third_party/PythonRobotics/docs/modules/1_introduction/2_python_for_robotics) by extensions ['python_setup_py']
[0.498s] Level 1:colcon.colcon_core.package_identification:_identify(src/svea_charging2/src/third_party/PythonRobotics/docs/modules/1_introduction/2_python_for_robotics) by extension 'python_setup_py'
[0.498s] Level 1:colcon.colcon_core.package_identification:_identify(src/svea_charging2/src/third_party/PythonRobotics/docs/modules/1_introduction/3_technologies_for_robotics) by extensions ['ignore', 'ignore_ament_install']
[0.498s] Level 1:colcon.colcon_core.package_identification:_identify(src/svea_charging2/src/third_party/PythonRobotics/docs/modules/1_introduction/3_technologies_for_robotics) by extension 'ignore'
[0.498s] Level 1:colcon.colcon_core.package_identification:_identify(src/svea_charging2/src/third_party/PythonRobotics/docs/modules/1_introduction/3_technologies_for_robotics) by extension 'ignore_ament_install'
[0.498s] Level 1:colcon.colcon_core.package_identification:_identify(src/svea_charging2/src/third_party/PythonRobotics/docs/modules/1_introduction/3_technologies_for_robotics) by extensions ['colcon_pkg']
[0.498s] Level 1:colcon.colcon_core.package_identification:_identify(src/svea_charging2/src/third_party/PythonRobotics/docs/modules/1_introduction/3_technologies_for_robotics) by extension 'colcon_pkg'
[0.498s] Level 1:colcon.colcon_core.package_identification:_identify(src/svea_charging2/src/third_party/PythonRobotics/docs/modules/1_introduction/3_technologies_for_robotics) by extensions ['colcon_meta']
[0.498s] Level 1:colcon.colcon_core.package_identification:_identify(src/svea_charging2/src/third_party/PythonRobotics/docs/modules/1_introduction/3_technologies_for_robotics) by extension 'colcon_meta'
[0.498s] Level 1:colcon.colcon_core.package_identification:_identify(src/svea_charging2/src/third_party/PythonRobotics/docs/modules/1_introduction/3_technologies_for_robotics) by extensions ['ros']
[0.498s] Level 1:colcon.colcon_core.package_identification:_identify(src/svea_charging2/src/third_party/PythonRobotics/docs/modules/1_introduction/3_technologies_for_robotics) by extension 'ros'
[0.499s] Level 1:colcon.colcon_core.package_identification:_identify(src/svea_charging2/src/third_party/PythonRobotics/docs/modules/1_introduction/3_technologies_for_robotics) by extensions ['cmake', 'python']
[0.499s] Level 1:colcon.colcon_core.package_identification:_identify(src/svea_charging2/src/third_party/PythonRobotics/docs/modules/1_introduction/3_technologies_for_robotics) by extension 'cmake'
[0.499s] Level 1:colcon.colcon_core.package_identification:_identify(src/svea_charging2/src/third_party/PythonRobotics/docs/modules/1_introduction/3_technologies_for_robotics) by extension 'python'
[0.499s] Level 1:colcon.colcon_core.package_identification:_identify(src/svea_charging2/src/third_party/PythonRobotics/docs/modules/1_introduction/3_technologies_for_robotics) by extensions ['python_setup_py']
[0.499s] Level 1:colcon.colcon_core.package_identification:_identify(src/svea_charging2/src/third_party/PythonRobotics/docs/modules/1_introduction/3_technologies_for_robotics) by extension 'python_setup_py'
[0.499s] Level 1:colcon.colcon_core.package_identification:_identify(src/svea_charging2/src/third_party/PythonRobotics/docs/modules/2_localization) by extensions ['ignore', 'ignore_ament_install']
[0.499s] Level 1:colcon.colcon_core.package_identification:_identify(src/svea_charging2/src/third_party/PythonRobotics/docs/modules/2_localization) by extension 'ignore'
[0.499s] Level 1:colcon.colcon_core.package_identification:_identify(src/svea_charging2/src/third_party/PythonRobotics/docs/modules/2_localization) by extension 'ignore_ament_install'
[0.499s] Level 1:colcon.colcon_core.package_identification:_identify(src/svea_charging2/src/third_party/PythonRobotics/docs/modules/2_localization) by extensions ['colcon_pkg']
[0.499s] Level 1:colcon.colcon_core.package_identification:_identify(src/svea_charging2/src/third_party/PythonRobotics/docs/modules/2_localization) by extension 'colcon_pkg'
[0.499s] Level 1:colcon.colcon_core.package_identification:_identify(src/svea_charging2/src/third_party/PythonRobotics/docs/modules/2_localization) by extensions ['colcon_meta']
[0.499s] Level 1:colcon.colcon_core.package_identification:_identify(src/svea_charging2/src/third_party/PythonRobotics/docs/modules/2_localization) by extension 'colcon_meta'
[0.500s] Level 1:colcon.colcon_core.package_identification:_identify(src/svea_charging2/src/third_party/PythonRobotics/docs/modules/2_localization) by extensions ['ros']
[0.500s] Level 1:colcon.colcon_core.package_identification:_identify(src/svea_charging2/src/third_party/PythonRobotics/docs/modules/2_localization) by extension 'ros'
[0.500s] Level 1:colcon.colcon_core.package_identification:_identify(src/svea_charging2/src/third_party/PythonRobotics/docs/modules/2_localization) by extensions ['cmake', 'python']
[0.500s] Level 1:colcon.colcon_core.package_identification:_identify(src/svea_charging2/src/third_party/PythonRobotics/docs/modules/2_localization) by extension 'cmake'
[0.500s] Level 1:colcon.colcon_core.package_identification:_identify(src/svea_charging2/src/third_party/PythonRobotics/docs/modules/2_localization) by extension 'python'
[0.500s] Level 1:colcon.colcon_core.package_identification:_identify(src/svea_charging2/src/third_party/PythonRobotics/docs/modules/2_localization) by extensions ['python_setup_py']
[0.500s] Level 1:colcon.colcon_core.package_identification:_identify(src/svea_charging2/src/third_party/PythonRobotics/docs/modules/2_localization) by extension 'python_setup_py'
[0.500s] Level 1:colcon.colcon_core.package_identification:_identify(src/svea_charging2/src/third_party/PythonRobotics/docs/modules/2_localization/ensamble_kalman_filter_localization_files) by extensions ['ignore', 'ignore_ament_install']
[0.500s] Level 1:colcon.colcon_core.package_identification:_identify(src/svea_charging2/src/third_party/PythonRobotics/docs/modules/2_localization/ensamble_kalman_filter_localization_files) by extension 'ignore'
[0.500s] Level 1:colcon.colcon_core.package_identification:_identify(src/svea_charging2/src/third_party/PythonRobotics/docs/modules/2_localization/ensamble_kalman_filter_localization_files) by extension 'ignore_ament_install'
[0.501s] Level 1:colcon.colcon_core.package_identification:_identify(src/svea_charging2/src/third_party/PythonRobotics/docs/modules/2_localization/ensamble_kalman_filter_localization_files) by extensions ['colcon_pkg']
[0.501s] Level 1:colcon.colcon_core.package_identification:_identify(src/svea_charging2/src/third_party/PythonRobotics/docs/modules/2_localization/ensamble_kalman_filter_localization_files) by extension 'colcon_pkg'
[0.501s] Level 1:colcon.colcon_core.package_identification:_identify(src/svea_charging2/src/third_party/PythonRobotics/docs/modules/2_localization/ensamble_kalman_filter_localization_files) by extensions ['colcon_meta']
[0.501s] Level 1:colcon.colcon_core.package_identification:_identify(src/svea_charging2/src/third_party/PythonRobotics/docs/modules/2_localization/ensamble_kalman_filter_localization_files) by extension 'colcon_meta'
[0.501s] Level 1:colcon.colcon_core.package_identification:_identify(src/svea_charging2/src/third_party/PythonRobotics/docs/modules/2_localization/ensamble_kalman_filter_localization_files) by extensions ['ros']
[0.501s] Level 1:colcon.colcon_core.package_identification:_identify(src/svea_charging2/src/third_party/PythonRobotics/docs/modules/2_localization/ensamble_kalman_filter_localization_files) by extension 'ros'
[0.501s] Level 1:colcon.colcon_core.package_identification:_identify(src/svea_charging2/src/third_party/PythonRobotics/docs/modules/2_localization/ensamble_kalman_filter_localization_files) by extensions ['cmake', 'python']
[0.501s] Level 1:colcon.colcon_core.package_identification:_identify(src/svea_charging2/src/third_party/PythonRobotics/docs/modules/2_localization/ensamble_kalman_filter_localization_files) by extension 'cmake'
[0.501s] Level 1:colcon.colcon_core.package_identification:_identify(src/svea_charging2/src/third_party/PythonRobotics/docs/modules/2_localization/ensamble_kalman_filter_localization_files) by extension 'python'
[0.501s] Level 1:colcon.colcon_core.package_identification:_identify(src/svea_charging2/src/third_party/PythonRobotics/docs/modules/2_localization/ensamble_kalman_filter_localization_files) by extensions ['python_setup_py']
[0.501s] Level 1:colcon.colcon_core.package_identification:_identify(src/svea_charging2/src/third_party/PythonRobotics/docs/modules/2_localization/ensamble_kalman_filter_localization_files) by extension 'python_setup_py'
[0.502s] Level 1:colcon.colcon_core.package_identification:_identify(src/svea_charging2/src/third_party/PythonRobotics/docs/modules/2_localization/extended_kalman_filter_localization_files) by extensions ['ignore', 'ignore_ament_install']
[0.502s] Level 1:colcon.colcon_core.package_identification:_identify(src/svea_charging2/src/third_party/PythonRobotics/docs/modules/2_localization/extended_kalman_filter_localization_files) by extension 'ignore'
[0.502s] Level 1:colcon.colcon_core.package_identification:_identify(src/svea_charging2/src/third_party/PythonRobotics/docs/modules/2_localization/extended_kalman_filter_localization_files) by extension 'ignore_ament_install'
[0.502s] Level 1:colcon.colcon_core.package_identification:_identify(src/svea_charging2/src/third_party/PythonRobotics/docs/modules/2_localization/extended_kalman_filter_localization_files) by extensions ['colcon_pkg']
[0.502s] Level 1:colcon.colcon_core.package_identification:_identify(src/svea_charging2/src/third_party/PythonRobotics/docs/modules/2_localization/extended_kalman_filter_localization_files) by extension 'colcon_pkg'
[0.502s] Level 1:colcon.colcon_core.package_identification:_identify(src/svea_charging2/src/third_party/PythonRobotics/docs/modules/2_localization/extended_kalman_filter_localization_files) by extensions ['colcon_meta']
[0.502s] Level 1:colcon.colcon_core.package_identification:_identify(src/svea_charging2/src/third_party/PythonRobotics/docs/modules/2_localization/extended_kalman_filter_localization_files) by extension 'colcon_meta'
[0.502s] Level 1:colcon.colcon_core.package_identification:_identify(src/svea_charging2/src/third_party/PythonRobotics/docs/modules/2_localization/extended_kalman_filter_localization_files) by extensions ['ros']
[0.502s] Level 1:colcon.colcon_core.package_identification:_identify(src/svea_charging2/src/third_party/PythonRobotics/docs/modules/2_localization/extended_kalman_filter_localization_files) by extension 'ros'
[0.502s] Level 1:colcon.colcon_core.package_identification:_identify(src/svea_charging2/src/third_party/PythonRobotics/docs/modules/2_localization/extended_kalman_filter_localization_files) by extensions ['cmake', 'python']
[0.502s] Level 1:colcon.colcon_core.package_identification:_identify(src/svea_charging2/src/third_party/PythonRobotics/docs/modules/2_localization/extended_kalman_filter_localization_files) by extension 'cmake'
[0.502s] Level 1:colcon.colcon_core.package_identification:_identify(src/svea_charging2/src/third_party/PythonRobotics/docs/modules/2_localization/extended_kalman_filter_localization_files) by extension 'python'
[0.503s] Level 1:colcon.colcon_core.package_identification:_identify(src/svea_charging2/src/third_party/PythonRobotics/docs/modules/2_localization/extended_kalman_filter_localization_files) by extensions ['python_setup_py']
[0.503s] Level 1:colcon.colcon_core.package_identification:_identify(src/svea_charging2/src/third_party/PythonRobotics/docs/modules/2_localization/extended_kalman_filter_localization_files) by extension 'python_setup_py'
[0.503s] Level 1:colcon.colcon_core.package_identification:_identify(src/svea_charging2/src/third_party/PythonRobotics/docs/modules/2_localization/histogram_filter_localization) by extensions ['ignore', 'ignore_ament_install']
[0.503s] Level 1:colcon.colcon_core.package_identification:_identify(src/svea_charging2/src/third_party/PythonRobotics/docs/modules/2_localization/histogram_filter_localization) by extension 'ignore'
[0.503s] Level 1:colcon.colcon_core.package_identification:_identify(src/svea_charging2/src/third_party/PythonRobotics/docs/modules/2_localization/histogram_filter_localization) by extension 'ignore_ament_install'
[0.503s] Level 1:colcon.colcon_core.package_identification:_identify(src/svea_charging2/src/third_party/PythonRobotics/docs/modules/2_localization/histogram_filter_localization) by extensions ['colcon_pkg']
[0.503s] Level 1:colcon.colcon_core.package_identification:_identify(src/svea_charging2/src/third_party/PythonRobotics/docs/modules/2_localization/histogram_filter_localization) by extension 'colcon_pkg'
[0.503s] Level 1:colcon.colcon_core.package_identification:_identify(src/svea_charging2/src/third_party/PythonRobotics/docs/modules/2_localization/histogram_filter_localization) by extensions ['colcon_meta']
[0.503s] Level 1:colcon.colcon_core.package_identification:_identify(src/svea_charging2/src/third_party/PythonRobotics/docs/modules/2_localization/histogram_filter_localization) by extension 'colcon_meta'
[0.503s] Level 1:colcon.colcon_core.package_identification:_identify(src/svea_charging2/src/third_party/PythonRobotics/docs/modules/2_localization/histogram_filter_localization) by extensions ['ros']
[0.503s] Level 1:colcon.colcon_core.package_identification:_identify(src/svea_charging2/src/third_party/PythonRobotics/docs/modules/2_localization/histogram_filter_localization) by extension 'ros'
[0.504s] Level 1:colcon.colcon_core.package_identification:_identify(src/svea_charging2/src/third_party/PythonRobotics/docs/modules/2_localization/histogram_filter_localization) by extensions ['cmake', 'python']
[0.504s] Level 1:colcon.colcon_core.package_identification:_identify(src/svea_charging2/src/third_party/PythonRobotics/docs/modules/2_localization/histogram_filter_localization) by extension 'cmake'
[0.504s] Level 1:colcon.colcon_core.package_identification:_identify(src/svea_charging2/src/third_party/PythonRobotics/docs/modules/2_localization/histogram_filter_localization) by extension 'python'
[0.504s] Level 1:colcon.colcon_core.package_identification:_identify(src/svea_charging2/src/third_party/PythonRobotics/docs/modules/2_localization/histogram_filter_localization) by extensions ['python_setup_py']
[0.504s] Level 1:colcon.colcon_core.package_identification:_identify(src/svea_charging2/src/third_party/PythonRobotics/docs/modules/2_localization/histogram_filter_localization) by extension 'python_setup_py'
[0.504s] Level 1:colcon.colcon_core.package_identification:_identify(src/svea_charging2/src/third_party/PythonRobotics/docs/modules/2_localization/particle_filter_localization) by extensions ['ignore', 'ignore_ament_install']
[0.504s] Level 1:colcon.colcon_core.package_identification:_identify(src/svea_charging2/src/third_party/PythonRobotics/docs/modules/2_localization/particle_filter_localization) by extension 'ignore'
[0.504s] Level 1:colcon.colcon_core.package_identification:_identify(src/svea_charging2/src/third_party/PythonRobotics/docs/modules/2_localization/particle_filter_localization) by extension 'ignore_ament_install'
[0.505s] Level 1:colcon.colcon_core.package_identification:_identify(src/svea_charging2/src/third_party/PythonRobotics/docs/modules/2_localization/particle_filter_localization) by extensions ['colcon_pkg']
[0.505s] Level 1:colcon.colcon_core.package_identification:_identify(src/svea_charging2/src/third_party/PythonRobotics/docs/modules/2_localization/particle_filter_localization) by extension 'colcon_pkg'
[0.505s] Level 1:colcon.colcon_core.package_identification:_identify(src/svea_charging2/src/third_party/PythonRobotics/docs/modules/2_localization/particle_filter_localization) by extensions ['colcon_meta']
[0.505s] Level 1:colcon.colcon_core.package_identification:_identify(src/svea_charging2/src/third_party/PythonRobotics/docs/modules/2_localization/particle_filter_localization) by extension 'colcon_meta'
[0.505s] Level 1:colcon.colcon_core.package_identification:_identify(src/svea_charging2/src/third_party/PythonRobotics/docs/modules/2_localization/particle_filter_localization) by extensions ['ros']
[0.505s] Level 1:colcon.colcon_core.package_identification:_identify(src/svea_charging2/src/third_party/PythonRobotics/docs/modules/2_localization/particle_filter_localization) by extension 'ros'
[0.505s] Level 1:colcon.colcon_core.package_identification:_identify(src/svea_charging2/src/third_party/PythonRobotics/docs/modules/2_localization/particle_filter_localization) by extensions ['cmake', 'python']
[0.505s] Level 1:colcon.colcon_core.package_identification:_identify(src/svea_charging2/src/third_party/PythonRobotics/docs/modules/2_localization/particle_filter_localization) by extension 'cmake'
[0.505s] Level 1:colcon.colcon_core.package_identification:_identify(src/svea_charging2/src/third_party/PythonRobotics/docs/modules/2_localization/particle_filter_localization) by extension 'python'
[0.505s] Level 1:colcon.colcon_core.package_identification:_identify(src/svea_charging2/src/third_party/PythonRobotics/docs/modules/2_localization/particle_filter_localization) by extensions ['python_setup_py']
[0.505s] Level 1:colcon.colcon_core.package_identification:_identify(src/svea_charging2/src/third_party/PythonRobotics/docs/modules/2_localization/particle_filter_localization) by extension 'python_setup_py'
[0.506s] Level 1:colcon.colcon_core.package_identification:_identify(src/svea_charging2/src/third_party/PythonRobotics/docs/modules/2_localization/unscented_kalman_filter_localization) by extensions ['ignore', 'ignore_ament_install']
[0.506s] Level 1:colcon.colcon_core.package_identification:_identify(src/svea_charging2/src/third_party/PythonRobotics/docs/modules/2_localization/unscented_kalman_filter_localization) by extension 'ignore'
[0.506s] Level 1:colcon.colcon_core.package_identification:_identify(src/svea_charging2/src/third_party/PythonRobotics/docs/modules/2_localization/unscented_kalman_filter_localization) by extension 'ignore_ament_install'
[0.506s] Level 1:colcon.colcon_core.package_identification:_identify(src/svea_charging2/src/third_party/PythonRobotics/docs/modules/2_localization/unscented_kalman_filter_localization) by extensions ['colcon_pkg']
[0.506s] Level 1:colcon.colcon_core.package_identification:_identify(src/svea_charging2/src/third_party/PythonRobotics/docs/modules/2_localization/unscented_kalman_filter_localization) by extension 'colcon_pkg'
[0.506s] Level 1:colcon.colcon_core.package_identification:_identify(src/svea_charging2/src/third_party/PythonRobotics/docs/modules/2_localization/unscented_kalman_filter_localization) by extensions ['colcon_meta']
[0.506s] Level 1:colcon.colcon_core.package_identification:_identify(src/svea_charging2/src/third_party/PythonRobotics/docs/modules/2_localization/unscented_kalman_filter_localization) by extension 'colcon_meta'
[0.506s] Level 1:colcon.colcon_core.package_identification:_identify(src/svea_charging2/src/third_party/PythonRobotics/docs/modules/2_localization/unscented_kalman_filter_localization) by extensions ['ros']
[0.506s] Level 1:colcon.colcon_core.package_identification:_identify(src/svea_charging2/src/third_party/PythonRobotics/docs/modules/2_localization/unscented_kalman_filter_localization) by extension 'ros'
[0.506s] Level 1:colcon.colcon_core.package_identification:_identify(src/svea_charging2/src/third_party/PythonRobotics/docs/modules/2_localization/unscented_kalman_filter_localization) by extensions ['cmake', 'python']
[0.507s] Level 1:colcon.colcon_core.package_identification:_identify(src/svea_charging2/src/third_party/PythonRobotics/docs/modules/2_localization/unscented_kalman_filter_localization) by extension 'cmake'
[0.507s] Level 1:colcon.colcon_core.package_identification:_identify(src/svea_charging2/src/third_party/PythonRobotics/docs/modules/2_localization/unscented_kalman_filter_localization) by extension 'python'
[0.507s] Level 1:colcon.colcon_core.package_identification:_identify(src/svea_charging2/src/third_party/PythonRobotics/docs/modules/2_localization/unscented_kalman_filter_localization) by extensions ['python_setup_py']
[0.507s] Level 1:colcon.colcon_core.package_identification:_identify(src/svea_charging2/src/third_party/PythonRobotics/docs/modules/2_localization/unscented_kalman_filter_localization) by extension 'python_setup_py'
[0.507s] Level 1:colcon.colcon_core.package_identification:_identify(src/svea_charging2/src/third_party/PythonRobotics/docs/modules/3_mapping) by extensions ['ignore', 'ignore_ament_install']
[0.507s] Level 1:colcon.colcon_core.package_identification:_identify(src/svea_charging2/src/third_party/PythonRobotics/docs/modules/3_mapping) by extension 'ignore'
[0.507s] Level 1:colcon.colcon_core.package_identification:_identify(src/svea_charging2/src/third_party/PythonRobotics/docs/modules/3_mapping) by extension 'ignore_ament_install'
[0.507s] Level 1:colcon.colcon_core.package_identification:_identify(src/svea_charging2/src/third_party/PythonRobotics/docs/modules/3_mapping) by extensions ['colcon_pkg']
[0.507s] Level 1:colcon.colcon_core.package_identification:_identify(src/svea_charging2/src/third_party/PythonRobotics/docs/modules/3_mapping) by extension 'colcon_pkg'
[0.507s] Level 1:colcon.colcon_core.package_identification:_identify(src/svea_charging2/src/third_party/PythonRobotics/docs/modules/3_mapping) by extensions ['colcon_meta']
[0.507s] Level 1:colcon.colcon_core.package_identification:_identify(src/svea_charging2/src/third_party/PythonRobotics/docs/modules/3_mapping) by extension 'colcon_meta'
[0.508s] Level 1:colcon.colcon_core.package_identification:_identify(src/svea_charging2/src/third_party/PythonRobotics/docs/modules/3_mapping) by extensions ['ros']
[0.508s] Level 1:colcon.colcon_core.package_identification:_identify(src/svea_charging2/src/third_party/PythonRobotics/docs/modules/3_mapping) by extension 'ros'
[0.508s] Level 1:colcon.colcon_core.package_identification:_identify(src/svea_charging2/src/third_party/PythonRobotics/docs/modules/3_mapping) by extensions ['cmake', 'python']
[0.508s] Level 1:colcon.colcon_core.package_identification:_identify(src/svea_charging2/src/third_party/PythonRobotics/docs/modules/3_mapping) by extension 'cmake'
[0.508s] Level 1:colcon.colcon_core.package_identification:_identify(src/svea_charging2/src/third_party/PythonRobotics/docs/modules/3_mapping) by extension 'python'
[0.508s] Level 1:colcon.colcon_core.package_identification:_identify(src/svea_charging2/src/third_party/PythonRobotics/docs/modules/3_mapping) by extensions ['python_setup_py']
[0.508s] Level 1:colcon.colcon_core.package_identification:_identify(src/svea_charging2/src/third_party/PythonRobotics/docs/modules/3_mapping) by extension 'python_setup_py'
[0.508s] Level 1:colcon.colcon_core.package_identification:_identify(src/svea_charging2/src/third_party/PythonRobotics/docs/modules/3_mapping/circle_fitting) by extensions ['ignore', 'ignore_ament_install']
[0.508s] Level 1:colcon.colcon_core.package_identification:_identify(src/svea_charging2/src/third_party/PythonRobotics/docs/modules/3_mapping/circle_fitting) by extension 'ignore'
[0.508s] Level 1:colcon.colcon_core.package_identification:_identify(src/svea_charging2/src/third_party/PythonRobotics/docs/modules/3_mapping/circle_fitting) by extension 'ignore_ament_install'
[0.508s] Level 1:colcon.colcon_core.package_identification:_identify(src/svea_charging2/src/third_party/PythonRobotics/docs/modules/3_mapping/circle_fitting) by extensions ['colcon_pkg']
[0.508s] Level 1:colcon.colcon_core.package_identification:_identify(src/svea_charging2/src/third_party/PythonRobotics/docs/modules/3_mapping/circle_fitting) by extension 'colcon_pkg'
[0.509s] Level 1:colcon.colcon_core.package_identification:_identify(src/svea_charging2/src/third_party/PythonRobotics/docs/modules/3_mapping/circle_fitting) by extensions ['colcon_meta']
[0.509s] Level 1:colcon.colcon_core.package_identification:_identify(src/svea_charging2/src/third_party/PythonRobotics/docs/modules/3_mapping/circle_fitting) by extension 'colcon_meta'
[0.509s] Level 1:colcon.colcon_core.package_identification:_identify(src/svea_charging2/src/third_party/PythonRobotics/docs/modules/3_mapping/circle_fitting) by extensions ['ros']
[0.509s] Level 1:colcon.colcon_core.package_identification:_identify(src/svea_charging2/src/third_party/PythonRobotics/docs/modules/3_mapping/circle_fitting) by extension 'ros'
[0.509s] Level 1:colcon.colcon_core.package_identification:_identify(src/svea_charging2/src/third_party/PythonRobotics/docs/modules/3_mapping/circle_fitting) by extensions ['cmake', 'python']
[0.509s] Level 1:colcon.colcon_core.package_identification:_identify(src/svea_charging2/src/third_party/PythonRobotics/docs/modules/3_mapping/circle_fitting) by extension 'cmake'
[0.509s] Level 1:colcon.colcon_core.package_identification:_identify(src/svea_charging2/src/third_party/PythonRobotics/docs/modules/3_mapping/circle_fitting) by extension 'python'
[0.509s] Level 1:colcon.colcon_core.package_identification:_identify(src/svea_charging2/src/third_party/PythonRobotics/docs/modules/3_mapping/circle_fitting) by extensions ['python_setup_py']
[0.509s] Level 1:colcon.colcon_core.package_identification:_identify(src/svea_charging2/src/third_party/PythonRobotics/docs/modules/3_mapping/circle_fitting) by extension 'python_setup_py'
[0.509s] Level 1:colcon.colcon_core.package_identification:_identify(src/svea_charging2/src/third_party/PythonRobotics/docs/modules/3_mapping/distance_map) by extensions ['ignore', 'ignore_ament_install']
[0.509s] Level 1:colcon.colcon_core.package_identification:_identify(src/svea_charging2/src/third_party/PythonRobotics/docs/modules/3_mapping/distance_map) by extension 'ignore'
[0.509s] Level 1:colcon.colcon_core.package_identification:_identify(src/svea_charging2/src/third_party/PythonRobotics/docs/modules/3_mapping/distance_map) by extension 'ignore_ament_install'
[0.510s] Level 1:colcon.colcon_core.package_identification:_identify(src/svea_charging2/src/third_party/PythonRobotics/docs/modules/3_mapping/distance_map) by extensions ['colcon_pkg']
[0.510s] Level 1:colcon.colcon_core.package_identification:_identify(src/svea_charging2/src/third_party/PythonRobotics/docs/modules/3_mapping/distance_map) by extension 'colcon_pkg'
[0.510s] Level 1:colcon.colcon_core.package_identification:_identify(src/svea_charging2/src/third_party/PythonRobotics/docs/modules/3_mapping/distance_map) by extensions ['colcon_meta']
[0.510s] Level 1:colcon.colcon_core.package_identification:_identify(src/svea_charging2/src/third_party/PythonRobotics/docs/modules/3_mapping/distance_map) by extension 'colcon_meta'
[0.510s] Level 1:colcon.colcon_core.package_identification:_identify(src/svea_charging2/src/third_party/PythonRobotics/docs/modules/3_mapping/distance_map) by extensions ['ros']
[0.510s] Level 1:colcon.colcon_core.package_identification:_identify(src/svea_charging2/src/third_party/PythonRobotics/docs/modules/3_mapping/distance_map) by extension 'ros'
[0.510s] Level 1:colcon.colcon_core.package_identification:_identify(src/svea_charging2/src/third_party/PythonRobotics/docs/modules/3_mapping/distance_map) by extensions ['cmake', 'python']
[0.510s] Level 1:colcon.colcon_core.package_identification:_identify(src/svea_charging2/src/third_party/PythonRobotics/docs/modules/3_mapping/distance_map) by extension 'cmake'
[0.510s] Level 1:colcon.colcon_core.package_identification:_identify(src/svea_charging2/src/third_party/PythonRobotics/docs/modules/3_mapping/distance_map) by extension 'python'
[0.510s] Level 1:colcon.colcon_core.package_identification:_identify(src/svea_charging2/src/third_party/PythonRobotics/docs/modules/3_mapping/distance_map) by extensions ['python_setup_py']
[0.510s] Level 1:colcon.colcon_core.package_identification:_identify(src/svea_charging2/src/third_party/PythonRobotics/docs/modules/3_mapping/distance_map) by extension 'python_setup_py'
[0.510s] Level 1:colcon.colcon_core.package_identification:_identify(src/svea_charging2/src/third_party/PythonRobotics/docs/modules/3_mapping/gaussian_grid_map) by extensions ['ignore', 'ignore_ament_install']
[0.510s] Level 1:colcon.colcon_core.package_identification:_identify(src/svea_charging2/src/third_party/PythonRobotics/docs/modules/3_mapping/gaussian_grid_map) by extension 'ignore'
[0.510s] Level 1:colcon.colcon_core.package_identification:_identify(src/svea_charging2/src/third_party/PythonRobotics/docs/modules/3_mapping/gaussian_grid_map) by extension 'ignore_ament_install'
[0.511s] Level 1:colcon.colcon_core.package_identification:_identify(src/svea_charging2/src/third_party/PythonRobotics/docs/modules/3_mapping/gaussian_grid_map) by extensions ['colcon_pkg']
[0.511s] Level 1:colcon.colcon_core.package_identification:_identify(src/svea_charging2/src/third_party/PythonRobotics/docs/modules/3_mapping/gaussian_grid_map) by extension 'colcon_pkg'
[0.511s] Level 1:colcon.colcon_core.package_identification:_identify(src/svea_charging2/src/third_party/PythonRobotics/docs/modules/3_mapping/gaussian_grid_map) by extensions ['colcon_meta']
[0.511s] Level 1:colcon.colcon_core.package_identification:_identify(src/svea_charging2/src/third_party/PythonRobotics/docs/modules/3_mapping/gaussian_grid_map) by extension 'colcon_meta'
[0.511s] Level 1:colcon.colcon_core.package_identification:_identify(src/svea_charging2/src/third_party/PythonRobotics/docs/modules/3_mapping/gaussian_grid_map) by extensions ['ros']
[0.511s] Level 1:colcon.colcon_core.package_identification:_identify(src/svea_charging2/src/third_party/PythonRobotics/docs/modules/3_mapping/gaussian_grid_map) by extension 'ros'
[0.511s] Level 1:colcon.colcon_core.package_identification:_identify(src/svea_charging2/src/third_party/PythonRobotics/docs/modules/3_mapping/gaussian_grid_map) by extensions ['cmake', 'python']
[0.511s] Level 1:colcon.colcon_core.package_identification:_identify(src/svea_charging2/src/third_party/PythonRobotics/docs/modules/3_mapping/gaussian_grid_map) by extension 'cmake'
[0.511s] Level 1:colcon.colcon_core.package_identification:_identify(src/svea_charging2/src/third_party/PythonRobotics/docs/modules/3_mapping/gaussian_grid_map) by extension 'python'
[0.511s] Level 1:colcon.colcon_core.package_identification:_identify(src/svea_charging2/src/third_party/PythonRobotics/docs/modules/3_mapping/gaussian_grid_map) by extensions ['python_setup_py']
[0.511s] Level 1:colcon.colcon_core.package_identification:_identify(src/svea_charging2/src/third_party/PythonRobotics/docs/modules/3_mapping/gaussian_grid_map) by extension 'python_setup_py'
[0.511s] Level 1:colcon.colcon_core.package_identification:_identify(src/svea_charging2/src/third_party/PythonRobotics/docs/modules/3_mapping/k_means_object_clustering) by extensions ['ignore', 'ignore_ament_install']
[0.511s] Level 1:colcon.colcon_core.package_identification:_identify(src/svea_charging2/src/third_party/PythonRobotics/docs/modules/3_mapping/k_means_object_clustering) by extension 'ignore'
[0.512s] Level 1:colcon.colcon_core.package_identification:_identify(src/svea_charging2/src/third_party/PythonRobotics/docs/modules/3_mapping/k_means_object_clustering) by extension 'ignore_ament_install'
[0.512s] Level 1:colcon.colcon_core.package_identification:_identify(src/svea_charging2/src/third_party/PythonRobotics/docs/modules/3_mapping/k_means_object_clustering) by extensions ['colcon_pkg']
[0.512s] Level 1:colcon.colcon_core.package_identification:_identify(src/svea_charging2/src/third_party/PythonRobotics/docs/modules/3_mapping/k_means_object_clustering) by extension 'colcon_pkg'
[0.512s] Level 1:colcon.colcon_core.package_identification:_identify(src/svea_charging2/src/third_party/PythonRobotics/docs/modules/3_mapping/k_means_object_clustering) by extensions ['colcon_meta']
[0.512s] Level 1:colcon.colcon_core.package_identification:_identify(src/svea_charging2/src/third_party/PythonRobotics/docs/modules/3_mapping/k_means_object_clustering) by extension 'colcon_meta'
[0.512s] Level 1:colcon.colcon_core.package_identification:_identify(src/svea_charging2/src/third_party/PythonRobotics/docs/modules/3_mapping/k_means_object_clustering) by extensions ['ros']
[0.512s] Level 1:colcon.colcon_core.package_identification:_identify(src/svea_charging2/src/third_party/PythonRobotics/docs/modules/3_mapping/k_means_object_clustering) by extension 'ros'
[0.512s] Level 1:colcon.colcon_core.package_identification:_identify(src/svea_charging2/src/third_party/PythonRobotics/docs/modules/3_mapping/k_means_object_clustering) by extensions ['cmake', 'python']
[0.512s] Level 1:colcon.colcon_core.package_identification:_identify(src/svea_charging2/src/third_party/PythonRobotics/docs/modules/3_mapping/k_means_object_clustering) by extension 'cmake'
[0.512s] Level 1:colcon.colcon_core.package_identification:_identify(src/svea_charging2/src/third_party/PythonRobotics/docs/modules/3_mapping/k_means_object_clustering) by extension 'python'
[0.512s] Level 1:colcon.colcon_core.package_identification:_identify(src/svea_charging2/src/third_party/PythonRobotics/docs/modules/3_mapping/k_means_object_clustering) by extensions ['python_setup_py']
[0.512s] Level 1:colcon.colcon_core.package_identification:_identify(src/svea_charging2/src/third_party/PythonRobotics/docs/modules/3_mapping/k_means_object_clustering) by extension 'python_setup_py'
[0.513s] Level 1:colcon.colcon_core.package_identification:_identify(src/svea_charging2/src/third_party/PythonRobotics/docs/modules/3_mapping/lidar_to_grid_map_tutorial) by extensions ['ignore', 'ignore_ament_install']
[0.513s] Level 1:colcon.colcon_core.package_identification:_identify(src/svea_charging2/src/third_party/PythonRobotics/docs/modules/3_mapping/lidar_to_grid_map_tutorial) by extension 'ignore'
[0.513s] Level 1:colcon.colcon_core.package_identification:_identify(src/svea_charging2/src/third_party/PythonRobotics/docs/modules/3_mapping/lidar_to_grid_map_tutorial) by extension 'ignore_ament_install'
[0.513s] Level 1:colcon.colcon_core.package_identification:_identify(src/svea_charging2/src/third_party/PythonRobotics/docs/modules/3_mapping/lidar_to_grid_map_tutorial) by extensions ['colcon_pkg']
[0.513s] Level 1:colcon.colcon_core.package_identification:_identify(src/svea_charging2/src/third_party/PythonRobotics/docs/modules/3_mapping/lidar_to_grid_map_tutorial) by extension 'colcon_pkg'
[0.513s] Level 1:colcon.colcon_core.package_identification:_identify(src/svea_charging2/src/third_party/PythonRobotics/docs/modules/3_mapping/lidar_to_grid_map_tutorial) by extensions ['colcon_meta']
[0.513s] Level 1:colcon.colcon_core.package_identification:_identify(src/svea_charging2/src/third_party/PythonRobotics/docs/modules/3_mapping/lidar_to_grid_map_tutorial) by extension 'colcon_meta'
[0.513s] Level 1:colcon.colcon_core.package_identification:_identify(src/svea_charging2/src/third_party/PythonRobotics/docs/modules/3_mapping/lidar_to_grid_map_tutorial) by extensions ['ros']
[0.513s] Level 1:colcon.colcon_core.package_identification:_identify(src/svea_charging2/src/third_party/PythonRobotics/docs/modules/3_mapping/lidar_to_grid_map_tutorial) by extension 'ros'
[0.513s] Level 1:colcon.colcon_core.package_identification:_identify(src/svea_charging2/src/third_party/PythonRobotics/docs/modules/3_mapping/lidar_to_grid_map_tutorial) by extensions ['cmake', 'python']
[0.513s] Level 1:colcon.colcon_core.package_identification:_identify(src/svea_charging2/src/third_party/PythonRobotics/docs/modules/3_mapping/lidar_to_grid_map_tutorial) by extension 'cmake'
[0.513s] Level 1:colcon.colcon_core.package_identification:_identify(src/svea_charging2/src/third_party/PythonRobotics/docs/modules/3_mapping/lidar_to_grid_map_tutorial) by extension 'python'
[0.514s] Level 1:colcon.colcon_core.package_identification:_identify(src/svea_charging2/src/third_party/PythonRobotics/docs/modules/3_mapping/lidar_to_grid_map_tutorial) by extensions ['python_setup_py']
[0.514s] Level 1:colcon.colcon_core.package_identification:_identify(src/svea_charging2/src/third_party/PythonRobotics/docs/modules/3_mapping/lidar_to_grid_map_tutorial) by extension 'python_setup_py'
[0.514s] Level 1:colcon.colcon_core.package_identification:_identify(src/svea_charging2/src/third_party/PythonRobotics/docs/modules/3_mapping/ndt_map) by extensions ['ignore', 'ignore_ament_install']
[0.514s] Level 1:colcon.colcon_core.package_identification:_identify(src/svea_charging2/src/third_party/PythonRobotics/docs/modules/3_mapping/ndt_map) by extension 'ignore'
[0.514s] Level 1:colcon.colcon_core.package_identification:_identify(src/svea_charging2/src/third_party/PythonRobotics/docs/modules/3_mapping/ndt_map) by extension 'ignore_ament_install'
[0.514s] Level 1:colcon.colcon_core.package_identification:_identify(src/svea_charging2/src/third_party/PythonRobotics/docs/modules/3_mapping/ndt_map) by extensions ['colcon_pkg']
[0.514s] Level 1:colcon.colcon_core.package_identification:_identify(src/svea_charging2/src/third_party/PythonRobotics/docs/modules/3_mapping/ndt_map) by extension 'colcon_pkg'
[0.514s] Level 1:colcon.colcon_core.package_identification:_identify(src/svea_charging2/src/third_party/PythonRobotics/docs/modules/3_mapping/ndt_map) by extensions ['colcon_meta']
[0.514s] Level 1:colcon.colcon_core.package_identification:_identify(src/svea_charging2/src/third_party/PythonRobotics/docs/modules/3_mapping/ndt_map) by extension 'colcon_meta'
[0.514s] Level 1:colcon.colcon_core.package_identification:_identify(src/svea_charging2/src/third_party/PythonRobotics/docs/modules/3_mapping/ndt_map) by extensions ['ros']
[0.514s] Level 1:colcon.colcon_core.package_identification:_identify(src/svea_charging2/src/third_party/PythonRobotics/docs/modules/3_mapping/ndt_map) by extension 'ros'
[0.514s] Level 1:colcon.colcon_core.package_identification:_identify(src/svea_charging2/src/third_party/PythonRobotics/docs/modules/3_mapping/ndt_map) by extensions ['cmake', 'python']
[0.514s] Level 1:colcon.colcon_core.package_identification:_identify(src/svea_charging2/src/third_party/PythonRobotics/docs/modules/3_mapping/ndt_map) by extension 'cmake'
[0.515s] Level 1:colcon.colcon_core.package_identification:_identify(src/svea_charging2/src/third_party/PythonRobotics/docs/modules/3_mapping/ndt_map) by extension 'python'
[0.515s] Level 1:colcon.colcon_core.package_identification:_identify(src/svea_charging2/src/third_party/PythonRobotics/docs/modules/3_mapping/ndt_map) by extensions ['python_setup_py']
[0.515s] Level 1:colcon.colcon_core.package_identification:_identify(src/svea_charging2/src/third_party/PythonRobotics/docs/modules/3_mapping/ndt_map) by extension 'python_setup_py'
[0.515s] Level 1:colcon.colcon_core.package_identification:_identify(src/svea_charging2/src/third_party/PythonRobotics/docs/modules/3_mapping/normal_vector_estimation) by extensions ['ignore', 'ignore_ament_install']
[0.515s] Level 1:colcon.colcon_core.package_identification:_identify(src/svea_charging2/src/third_party/PythonRobotics/docs/modules/3_mapping/normal_vector_estimation) by extension 'ignore'
[0.515s] Level 1:colcon.colcon_core.package_identification:_identify(src/svea_charging2/src/third_party/PythonRobotics/docs/modules/3_mapping/normal_vector_estimation) by extension 'ignore_ament_install'
[0.515s] Level 1:colcon.colcon_core.package_identification:_identify(src/svea_charging2/src/third_party/PythonRobotics/docs/modules/3_mapping/normal_vector_estimation) by extensions ['colcon_pkg']
[0.515s] Level 1:colcon.colcon_core.package_identification:_identify(src/svea_charging2/src/third_party/PythonRobotics/docs/modules/3_mapping/normal_vector_estimation) by extension 'colcon_pkg'
[0.515s] Level 1:colcon.colcon_core.package_identification:_identify(src/svea_charging2/src/third_party/PythonRobotics/docs/modules/3_mapping/normal_vector_estimation) by extensions ['colcon_meta']
[0.515s] Level 1:colcon.colcon_core.package_identification:_identify(src/svea_charging2/src/third_party/PythonRobotics/docs/modules/3_mapping/normal_vector_estimation) by extension 'colcon_meta'
[0.515s] Level 1:colcon.colcon_core.package_identification:_identify(src/svea_charging2/src/third_party/PythonRobotics/docs/modules/3_mapping/normal_vector_estimation) by extensions ['ros']
[0.515s] Level 1:colcon.colcon_core.package_identification:_identify(src/svea_charging2/src/third_party/PythonRobotics/docs/modules/3_mapping/normal_vector_estimation) by extension 'ros'
[0.516s] Level 1:colcon.colcon_core.package_identification:_identify(src/svea_charging2/src/third_party/PythonRobotics/docs/modules/3_mapping/normal_vector_estimation) by extensions ['cmake', 'python']
[0.516s] Level 1:colcon.colcon_core.package_identification:_identify(src/svea_charging2/src/third_party/PythonRobotics/docs/modules/3_mapping/normal_vector_estimation) by extension 'cmake'
[0.516s] Level 1:colcon.colcon_core.package_identification:_identify(src/svea_charging2/src/third_party/PythonRobotics/docs/modules/3_mapping/normal_vector_estimation) by extension 'python'
[0.516s] Level 1:colcon.colcon_core.package_identification:_identify(src/svea_charging2/src/third_party/PythonRobotics/docs/modules/3_mapping/normal_vector_estimation) by extensions ['python_setup_py']
[0.516s] Level 1:colcon.colcon_core.package_identification:_identify(src/svea_charging2/src/third_party/PythonRobotics/docs/modules/3_mapping/normal_vector_estimation) by extension 'python_setup_py'
[0.516s] Level 1:colcon.colcon_core.package_identification:_identify(src/svea_charging2/src/third_party/PythonRobotics/docs/modules/3_mapping/point_cloud_sampling) by extensions ['ignore', 'ignore_ament_install']
[0.516s] Level 1:colcon.colcon_core.package_identification:_identify(src/svea_charging2/src/third_party/PythonRobotics/docs/modules/3_mapping/point_cloud_sampling) by extension 'ignore'
[0.516s] Level 1:colcon.colcon_core.package_identification:_identify(src/svea_charging2/src/third_party/PythonRobotics/docs/modules/3_mapping/point_cloud_sampling) by extension 'ignore_ament_install'
[0.516s] Level 1:colcon.colcon_core.package_identification:_identify(src/svea_charging2/src/third_party/PythonRobotics/docs/modules/3_mapping/point_cloud_sampling) by extensions ['colcon_pkg']
[0.516s] Level 1:colcon.colcon_core.package_identification:_identify(src/svea_charging2/src/third_party/PythonRobotics/docs/modules/3_mapping/point_cloud_sampling) by extension 'colcon_pkg'
[0.516s] Level 1:colcon.colcon_core.package_identification:_identify(src/svea_charging2/src/third_party/PythonRobotics/docs/modules/3_mapping/point_cloud_sampling) by extensions ['colcon_meta']
[0.516s] Level 1:colcon.colcon_core.package_identification:_identify(src/svea_charging2/src/third_party/PythonRobotics/docs/modules/3_mapping/point_cloud_sampling) by extension 'colcon_meta'
[0.516s] Level 1:colcon.colcon_core.package_identification:_identify(src/svea_charging2/src/third_party/PythonRobotics/docs/modules/3_mapping/point_cloud_sampling) by extensions ['ros']
[0.517s] Level 1:colcon.colcon_core.package_identification:_identify(src/svea_charging2/src/third_party/PythonRobotics/docs/modules/3_mapping/point_cloud_sampling) by extension 'ros'
[0.517s] Level 1:colcon.colcon_core.package_identification:_identify(src/svea_charging2/src/third_party/PythonRobotics/docs/modules/3_mapping/point_cloud_sampling) by extensions ['cmake', 'python']
[0.517s] Level 1:colcon.colcon_core.package_identification:_identify(src/svea_charging2/src/third_party/PythonRobotics/docs/modules/3_mapping/point_cloud_sampling) by extension 'cmake'
[0.517s] Level 1:colcon.colcon_core.package_identification:_identify(src/svea_charging2/src/third_party/PythonRobotics/docs/modules/3_mapping/point_cloud_sampling) by extension 'python'
[0.517s] Level 1:colcon.colcon_core.package_identification:_identify(src/svea_charging2/src/third_party/PythonRobotics/docs/modules/3_mapping/point_cloud_sampling) by extensions ['python_setup_py']
[0.517s] Level 1:colcon.colcon_core.package_identification:_identify(src/svea_charging2/src/third_party/PythonRobotics/docs/modules/3_mapping/point_cloud_sampling) by extension 'python_setup_py'
[0.517s] Level 1:colcon.colcon_core.package_identification:_identify(src/svea_charging2/src/third_party/PythonRobotics/docs/modules/3_mapping/ray_casting_grid_map) by extensions ['ignore', 'ignore_ament_install']
[0.517s] Level 1:colcon.colcon_core.package_identification:_identify(src/svea_charging2/src/third_party/PythonRobotics/docs/modules/3_mapping/ray_casting_grid_map) by extension 'ignore'
[0.517s] Level 1:colcon.colcon_core.package_identification:_identify(src/svea_charging2/src/third_party/PythonRobotics/docs/modules/3_mapping/ray_casting_grid_map) by extension 'ignore_ament_install'
[0.517s] Level 1:colcon.colcon_core.package_identification:_identify(src/svea_charging2/src/third_party/PythonRobotics/docs/modules/3_mapping/ray_casting_grid_map) by extensions ['colcon_pkg']
[0.517s] Level 1:colcon.colcon_core.package_identification:_identify(src/svea_charging2/src/third_party/PythonRobotics/docs/modules/3_mapping/ray_casting_grid_map) by extension 'colcon_pkg'
[0.517s] Level 1:colcon.colcon_core.package_identification:_identify(src/svea_charging2/src/third_party/PythonRobotics/docs/modules/3_mapping/ray_casting_grid_map) by extensions ['colcon_meta']
[0.517s] Level 1:colcon.colcon_core.package_identification:_identify(src/svea_charging2/src/third_party/PythonRobotics/docs/modules/3_mapping/ray_casting_grid_map) by extension 'colcon_meta'
[0.518s] Level 1:colcon.colcon_core.package_identification:_identify(src/svea_charging2/src/third_party/PythonRobotics/docs/modules/3_mapping/ray_casting_grid_map) by extensions ['ros']
[0.518s] Level 1:colcon.colcon_core.package_identification:_identify(src/svea_charging2/src/third_party/PythonRobotics/docs/modules/3_mapping/ray_casting_grid_map) by extension 'ros'
[0.518s] Level 1:colcon.colcon_core.package_identification:_identify(src/svea_charging2/src/third_party/PythonRobotics/docs/modules/3_mapping/ray_casting_grid_map) by extensions ['cmake', 'python']
[0.518s] Level 1:colcon.colcon_core.package_identification:_identify(src/svea_charging2/src/third_party/PythonRobotics/docs/modules/3_mapping/ray_casting_grid_map) by extension 'cmake'
[0.518s] Level 1:colcon.colcon_core.package_identification:_identify(src/svea_charging2/src/third_party/PythonRobotics/docs/modules/3_mapping/ray_casting_grid_map) by extension 'python'
[0.518s] Level 1:colcon.colcon_core.package_identification:_identify(src/svea_charging2/src/third_party/PythonRobotics/docs/modules/3_mapping/ray_casting_grid_map) by extensions ['python_setup_py']
[0.518s] Level 1:colcon.colcon_core.package_identification:_identify(src/svea_charging2/src/third_party/PythonRobotics/docs/modules/3_mapping/ray_casting_grid_map) by extension 'python_setup_py'
[0.518s] Level 1:colcon.colcon_core.package_identification:_identify(src/svea_charging2/src/third_party/PythonRobotics/docs/modules/3_mapping/rectangle_fitting) by extensions ['ignore', 'ignore_ament_install']
[0.518s] Level 1:colcon.colcon_core.package_identification:_identify(src/svea_charging2/src/third_party/PythonRobotics/docs/modules/3_mapping/rectangle_fitting) by extension 'ignore'
[0.518s] Level 1:colcon.colcon_core.package_identification:_identify(src/svea_charging2/src/third_party/PythonRobotics/docs/modules/3_mapping/rectangle_fitting) by extension 'ignore_ament_install'
[0.518s] Level 1:colcon.colcon_core.package_identification:_identify(src/svea_charging2/src/third_party/PythonRobotics/docs/modules/3_mapping/rectangle_fitting) by extensions ['colcon_pkg']
[0.518s] Level 1:colcon.colcon_core.package_identification:_identify(src/svea_charging2/src/third_party/PythonRobotics/docs/modules/3_mapping/rectangle_fitting) by extension 'colcon_pkg'
[0.519s] Level 1:colcon.colcon_core.package_identification:_identify(src/svea_charging2/src/third_party/PythonRobotics/docs/modules/3_mapping/rectangle_fitting) by extensions ['colcon_meta']
[0.519s] Level 1:colcon.colcon_core.package_identification:_identify(src/svea_charging2/src/third_party/PythonRobotics/docs/modules/3_mapping/rectangle_fitting) by extension 'colcon_meta'
[0.519s] Level 1:colcon.colcon_core.package_identification:_identify(src/svea_charging2/src/third_party/PythonRobotics/docs/modules/3_mapping/rectangle_fitting) by extensions ['ros']
[0.519s] Level 1:colcon.colcon_core.package_identification:_identify(src/svea_charging2/src/third_party/PythonRobotics/docs/modules/3_mapping/rectangle_fitting) by extension 'ros'
[0.519s] Level 1:colcon.colcon_core.package_identification:_identify(src/svea_charging2/src/third_party/PythonRobotics/docs/modules/3_mapping/rectangle_fitting) by extensions ['cmake', 'python']
[0.519s] Level 1:colcon.colcon_core.package_identification:_identify(src/svea_charging2/src/third_party/PythonRobotics/docs/modules/3_mapping/rectangle_fitting) by extension 'cmake'
[0.519s] Level 1:colcon.colcon_core.package_identification:_identify(src/svea_charging2/src/third_party/PythonRobotics/docs/modules/3_mapping/rectangle_fitting) by extension 'python'
[0.519s] Level 1:colcon.colcon_core.package_identification:_identify(src/svea_charging2/src/third_party/PythonRobotics/docs/modules/3_mapping/rectangle_fitting) by extensions ['python_setup_py']
[0.519s] Level 1:colcon.colcon_core.package_identification:_identify(src/svea_charging2/src/third_party/PythonRobotics/docs/modules/3_mapping/rectangle_fitting) by extension 'python_setup_py'
[0.519s] Level 1:colcon.colcon_core.package_identification:_identify(src/svea_charging2/src/third_party/PythonRobotics/docs/modules/4_slam) by extensions ['ignore', 'ignore_ament_install']
[0.519s] Level 1:colcon.colcon_core.package_identification:_identify(src/svea_charging2/src/third_party/PythonRobotics/docs/modules/4_slam) by extension 'ignore'
[0.519s] Level 1:colcon.colcon_core.package_identification:_identify(src/svea_charging2/src/third_party/PythonRobotics/docs/modules/4_slam) by extension 'ignore_ament_install'
[0.520s] Level 1:colcon.colcon_core.package_identification:_identify(src/svea_charging2/src/third_party/PythonRobotics/docs/modules/4_slam) by extensions ['colcon_pkg']
[0.520s] Level 1:colcon.colcon_core.package_identification:_identify(src/svea_charging2/src/third_party/PythonRobotics/docs/modules/4_slam) by extension 'colcon_pkg'
[0.520s] Level 1:colcon.colcon_core.package_identification:_identify(src/svea_charging2/src/third_party/PythonRobotics/docs/modules/4_slam) by extensions ['colcon_meta']
[0.520s] Level 1:colcon.colcon_core.package_identification:_identify(src/svea_charging2/src/third_party/PythonRobotics/docs/modules/4_slam) by extension 'colcon_meta'
[0.520s] Level 1:colcon.colcon_core.package_identification:_identify(src/svea_charging2/src/third_party/PythonRobotics/docs/modules/4_slam) by extensions ['ros']
[0.520s] Level 1:colcon.colcon_core.package_identification:_identify(src/svea_charging2/src/third_party/PythonRobotics/docs/modules/4_slam) by extension 'ros'
[0.520s] Level 1:colcon.colcon_core.package_identification:_identify(src/svea_charging2/src/third_party/PythonRobotics/docs/modules/4_slam) by extensions ['cmake', 'python']
[0.520s] Level 1:colcon.colcon_core.package_identification:_identify(src/svea_charging2/src/third_party/PythonRobotics/docs/modules/4_slam) by extension 'cmake'
[0.520s] Level 1:colcon.colcon_core.package_identification:_identify(src/svea_charging2/src/third_party/PythonRobotics/docs/modules/4_slam) by extension 'python'
[0.520s] Level 1:colcon.colcon_core.package_identification:_identify(src/svea_charging2/src/third_party/PythonRobotics/docs/modules/4_slam) by extensions ['python_setup_py']
[0.520s] Level 1:colcon.colcon_core.package_identification:_identify(src/svea_charging2/src/third_party/PythonRobotics/docs/modules/4_slam) by extension 'python_setup_py'
[0.520s] Level 1:colcon.colcon_core.package_identification:_identify(src/svea_charging2/src/third_party/PythonRobotics/docs/modules/4_slam/FastSLAM1) by extensions ['ignore', 'ignore_ament_install']
[0.520s] Level 1:colcon.colcon_core.package_identification:_identify(src/svea_charging2/src/third_party/PythonRobotics/docs/modules/4_slam/FastSLAM1) by extension 'ignore'
[0.521s] Level 1:colcon.colcon_core.package_identification:_identify(src/svea_charging2/src/third_party/PythonRobotics/docs/modules/4_slam/FastSLAM1) by extension 'ignore_ament_install'
[0.521s] Level 1:colcon.colcon_core.package_identification:_identify(src/svea_charging2/src/third_party/PythonRobotics/docs/modules/4_slam/FastSLAM1) by extensions ['colcon_pkg']
[0.521s] Level 1:colcon.colcon_core.package_identification:_identify(src/svea_charging2/src/third_party/PythonRobotics/docs/modules/4_slam/FastSLAM1) by extension 'colcon_pkg'
[0.521s] Level 1:colcon.colcon_core.package_identification:_identify(src/svea_charging2/src/third_party/PythonRobotics/docs/modules/4_slam/FastSLAM1) by extensions ['colcon_meta']
[0.521s] Level 1:colcon.colcon_core.package_identification:_identify(src/svea_charging2/src/third_party/PythonRobotics/docs/modules/4_slam/FastSLAM1) by extension 'colcon_meta'
[0.521s] Level 1:colcon.colcon_core.package_identification:_identify(src/svea_charging2/src/third_party/PythonRobotics/docs/modules/4_slam/FastSLAM1) by extensions ['ros']
[0.521s] Level 1:colcon.colcon_core.package_identification:_identify(src/svea_charging2/src/third_party/PythonRobotics/docs/modules/4_slam/FastSLAM1) by extension 'ros'
[0.521s] Level 1:colcon.colcon_core.package_identification:_identify(src/svea_charging2/src/third_party/PythonRobotics/docs/modules/4_slam/FastSLAM1) by extensions ['cmake', 'python']
[0.521s] Level 1:colcon.colcon_core.package_identification:_identify(src/svea_charging2/src/third_party/PythonRobotics/docs/modules/4_slam/FastSLAM1) by extension 'cmake'
[0.521s] Level 1:colcon.colcon_core.package_identification:_identify(src/svea_charging2/src/third_party/PythonRobotics/docs/modules/4_slam/FastSLAM1) by extension 'python'
[0.521s] Level 1:colcon.colcon_core.package_identification:_identify(src/svea_charging2/src/third_party/PythonRobotics/docs/modules/4_slam/FastSLAM1) by extensions ['python_setup_py']
[0.521s] Level 1:colcon.colcon_core.package_identification:_identify(src/svea_charging2/src/third_party/PythonRobotics/docs/modules/4_slam/FastSLAM1) by extension 'python_setup_py'
[0.522s] Level 1:colcon.colcon_core.package_identification:_identify(src/svea_charging2/src/third_party/PythonRobotics/docs/modules/4_slam/FastSLAM2) by extensions ['ignore', 'ignore_ament_install']
[0.522s] Level 1:colcon.colcon_core.package_identification:_identify(src/svea_charging2/src/third_party/PythonRobotics/docs/modules/4_slam/FastSLAM2) by extension 'ignore'
[0.522s] Level 1:colcon.colcon_core.package_identification:_identify(src/svea_charging2/src/third_party/PythonRobotics/docs/modules/4_slam/FastSLAM2) by extension 'ignore_ament_install'
[0.522s] Level 1:colcon.colcon_core.package_identification:_identify(src/svea_charging2/src/third_party/PythonRobotics/docs/modules/4_slam/FastSLAM2) by extensions ['colcon_pkg']
[0.522s] Level 1:colcon.colcon_core.package_identification:_identify(src/svea_charging2/src/third_party/PythonRobotics/docs/modules/4_slam/FastSLAM2) by extension 'colcon_pkg'
[0.522s] Level 1:colcon.colcon_core.package_identification:_identify(src/svea_charging2/src/third_party/PythonRobotics/docs/modules/4_slam/FastSLAM2) by extensions ['colcon_meta']
[0.522s] Level 1:colcon.colcon_core.package_identification:_identify(src/svea_charging2/src/third_party/PythonRobotics/docs/modules/4_slam/FastSLAM2) by extension 'colcon_meta'
[0.522s] Level 1:colcon.colcon_core.package_identification:_identify(src/svea_charging2/src/third_party/PythonRobotics/docs/modules/4_slam/FastSLAM2) by extensions ['ros']
[0.522s] Level 1:colcon.colcon_core.package_identification:_identify(src/svea_charging2/src/third_party/PythonRobotics/docs/modules/4_slam/FastSLAM2) by extension 'ros'
[0.522s] Level 1:colcon.colcon_core.package_identification:_identify(src/svea_charging2/src/third_party/PythonRobotics/docs/modules/4_slam/FastSLAM2) by extensions ['cmake', 'python']
[0.522s] Level 1:colcon.colcon_core.package_identification:_identify(src/svea_charging2/src/third_party/PythonRobotics/docs/modules/4_slam/FastSLAM2) by extension 'cmake'
[0.522s] Level 1:colcon.colcon_core.package_identification:_identify(src/svea_charging2/src/third_party/PythonRobotics/docs/modules/4_slam/FastSLAM2) by extension 'python'
[0.522s] Level 1:colcon.colcon_core.package_identification:_identify(src/svea_charging2/src/third_party/PythonRobotics/docs/modules/4_slam/FastSLAM2) by extensions ['python_setup_py']
[0.522s] Level 1:colcon.colcon_core.package_identification:_identify(src/svea_charging2/src/third_party/PythonRobotics/docs/modules/4_slam/FastSLAM2) by extension 'python_setup_py'
[0.523s] Level 1:colcon.colcon_core.package_identification:_identify(src/svea_charging2/src/third_party/PythonRobotics/docs/modules/4_slam/ekf_slam) by extensions ['ignore', 'ignore_ament_install']
[0.523s] Level 1:colcon.colcon_core.package_identification:_identify(src/svea_charging2/src/third_party/PythonRobotics/docs/modules/4_slam/ekf_slam) by extension 'ignore'
[0.523s] Level 1:colcon.colcon_core.package_identification:_identify(src/svea_charging2/src/third_party/PythonRobotics/docs/modules/4_slam/ekf_slam) by extension 'ignore_ament_install'
[0.523s] Level 1:colcon.colcon_core.package_identification:_identify(src/svea_charging2/src/third_party/PythonRobotics/docs/modules/4_slam/ekf_slam) by extensions ['colcon_pkg']
[0.523s] Level 1:colcon.colcon_core.package_identification:_identify(src/svea_charging2/src/third_party/PythonRobotics/docs/modules/4_slam/ekf_slam) by extension 'colcon_pkg'
[0.523s] Level 1:colcon.colcon_core.package_identification:_identify(src/svea_charging2/src/third_party/PythonRobotics/docs/modules/4_slam/ekf_slam) by extensions ['colcon_meta']
[0.523s] Level 1:colcon.colcon_core.package_identification:_identify(src/svea_charging2/src/third_party/PythonRobotics/docs/modules/4_slam/ekf_slam) by extension 'colcon_meta'
[0.523s] Level 1:colcon.colcon_core.package_identification:_identify(src/svea_charging2/src/third_party/PythonRobotics/docs/modules/4_slam/ekf_slam) by extensions ['ros']
[0.523s] Level 1:colcon.colcon_core.package_identification:_identify(src/svea_charging2/src/third_party/PythonRobotics/docs/modules/4_slam/ekf_slam) by extension 'ros'
[0.523s] Level 1:colcon.colcon_core.package_identification:_identify(src/svea_charging2/src/third_party/PythonRobotics/docs/modules/4_slam/ekf_slam) by extensions ['cmake', 'python']
[0.523s] Level 1:colcon.colcon_core.package_identification:_identify(src/svea_charging2/src/third_party/PythonRobotics/docs/modules/4_slam/ekf_slam) by extension 'cmake'
[0.523s] Level 1:colcon.colcon_core.package_identification:_identify(src/svea_charging2/src/third_party/PythonRobotics/docs/modules/4_slam/ekf_slam) by extension 'python'
[0.523s] Level 1:colcon.colcon_core.package_identification:_identify(src/svea_charging2/src/third_party/PythonRobotics/docs/modules/4_slam/ekf_slam) by extensions ['python_setup_py']
[0.524s] Level 1:colcon.colcon_core.package_identification:_identify(src/svea_charging2/src/third_party/PythonRobotics/docs/modules/4_slam/ekf_slam) by extension 'python_setup_py'
[0.524s] Level 1:colcon.colcon_core.package_identification:_identify(src/svea_charging2/src/third_party/PythonRobotics/docs/modules/4_slam/graph_slam) by extensions ['ignore', 'ignore_ament_install']
[0.524s] Level 1:colcon.colcon_core.package_identification:_identify(src/svea_charging2/src/third_party/PythonRobotics/docs/modules/4_slam/graph_slam) by extension 'ignore'
[0.524s] Level 1:colcon.colcon_core.package_identification:_identify(src/svea_charging2/src/third_party/PythonRobotics/docs/modules/4_slam/graph_slam) by extension 'ignore_ament_install'
[0.524s] Level 1:colcon.colcon_core.package_identification:_identify(src/svea_charging2/src/third_party/PythonRobotics/docs/modules/4_slam/graph_slam) by extensions ['colcon_pkg']
[0.524s] Level 1:colcon.colcon_core.package_identification:_identify(src/svea_charging2/src/third_party/PythonRobotics/docs/modules/4_slam/graph_slam) by extension 'colcon_pkg'
[0.524s] Level 1:colcon.colcon_core.package_identification:_identify(src/svea_charging2/src/third_party/PythonRobotics/docs/modules/4_slam/graph_slam) by extensions ['colcon_meta']
[0.524s] Level 1:colcon.colcon_core.package_identification:_identify(src/svea_charging2/src/third_party/PythonRobotics/docs/modules/4_slam/graph_slam) by extension 'colcon_meta'
[0.524s] Level 1:colcon.colcon_core.package_identification:_identify(src/svea_charging2/src/third_party/PythonRobotics/docs/modules/4_slam/graph_slam) by extensions ['ros']
[0.524s] Level 1:colcon.colcon_core.package_identification:_identify(src/svea_charging2/src/third_party/PythonRobotics/docs/modules/4_slam/graph_slam) by extension 'ros'
[0.524s] Level 1:colcon.colcon_core.package_identification:_identify(src/svea_charging2/src/third_party/PythonRobotics/docs/modules/4_slam/graph_slam) by extensions ['cmake', 'python']
[0.524s] Level 1:colcon.colcon_core.package_identification:_identify(src/svea_charging2/src/third_party/PythonRobotics/docs/modules/4_slam/graph_slam) by extension 'cmake'
[0.524s] Level 1:colcon.colcon_core.package_identification:_identify(src/svea_charging2/src/third_party/PythonRobotics/docs/modules/4_slam/graph_slam) by extension 'python'
[0.525s] Level 1:colcon.colcon_core.package_identification:_identify(src/svea_charging2/src/third_party/PythonRobotics/docs/modules/4_slam/graph_slam) by extensions ['python_setup_py']
[0.525s] Level 1:colcon.colcon_core.package_identification:_identify(src/svea_charging2/src/third_party/PythonRobotics/docs/modules/4_slam/graph_slam) by extension 'python_setup_py'
[0.525s] Level 1:colcon.colcon_core.package_identification:_identify(src/svea_charging2/src/third_party/PythonRobotics/docs/modules/4_slam/graph_slam/graphSLAM_SE2_example_files) by extensions ['ignore', 'ignore_ament_install']
[0.525s] Level 1:colcon.colcon_core.package_identification:_identify(src/svea_charging2/src/third_party/PythonRobotics/docs/modules/4_slam/graph_slam/graphSLAM_SE2_example_files) by extension 'ignore'
[0.525s] Level 1:colcon.colcon_core.package_identification:_identify(src/svea_charging2/src/third_party/PythonRobotics/docs/modules/4_slam/graph_slam/graphSLAM_SE2_example_files) by extension 'ignore_ament_install'
[0.525s] Level 1:colcon.colcon_core.package_identification:_identify(src/svea_charging2/src/third_party/PythonRobotics/docs/modules/4_slam/graph_slam/graphSLAM_SE2_example_files) by extensions ['colcon_pkg']
[0.525s] Level 1:colcon.colcon_core.package_identification:_identify(src/svea_charging2/src/third_party/PythonRobotics/docs/modules/4_slam/graph_slam/graphSLAM_SE2_example_files) by extension 'colcon_pkg'
[0.525s] Level 1:colcon.colcon_core.package_identification:_identify(src/svea_charging2/src/third_party/PythonRobotics/docs/modules/4_slam/graph_slam/graphSLAM_SE2_example_files) by extensions ['colcon_meta']
[0.525s] Level 1:colcon.colcon_core.package_identification:_identify(src/svea_charging2/src/third_party/PythonRobotics/docs/modules/4_slam/graph_slam/graphSLAM_SE2_example_files) by extension 'colcon_meta'
[0.525s] Level 1:colcon.colcon_core.package_identification:_identify(src/svea_charging2/src/third_party/PythonRobotics/docs/modules/4_slam/graph_slam/graphSLAM_SE2_example_files) by extensions ['ros']
[0.525s] Level 1:colcon.colcon_core.package_identification:_identify(src/svea_charging2/src/third_party/PythonRobotics/docs/modules/4_slam/graph_slam/graphSLAM_SE2_example_files) by extension 'ros'
[0.525s] Level 1:colcon.colcon_core.package_identification:_identify(src/svea_charging2/src/third_party/PythonRobotics/docs/modules/4_slam/graph_slam/graphSLAM_SE2_example_files) by extensions ['cmake', 'python']
[0.526s] Level 1:colcon.colcon_core.package_identification:_identify(src/svea_charging2/src/third_party/PythonRobotics/docs/modules/4_slam/graph_slam/graphSLAM_SE2_example_files) by extension 'cmake'
[0.526s] Level 1:colcon.colcon_core.package_identification:_identify(src/svea_charging2/src/third_party/PythonRobotics/docs/modules/4_slam/graph_slam/graphSLAM_SE2_example_files) by extension 'python'
[0.526s] Level 1:colcon.colcon_core.package_identification:_identify(src/svea_charging2/src/third_party/PythonRobotics/docs/modules/4_slam/graph_slam/graphSLAM_SE2_example_files) by extensions ['python_setup_py']
[0.526s] Level 1:colcon.colcon_core.package_identification:_identify(src/svea_charging2/src/third_party/PythonRobotics/docs/modules/4_slam/graph_slam/graphSLAM_SE2_example_files) by extension 'python_setup_py'
[0.526s] Level 1:colcon.colcon_core.package_identification:_identify(src/svea_charging2/src/third_party/PythonRobotics/docs/modules/4_slam/graph_slam/graphSLAM_doc_files) by extensions ['ignore', 'ignore_ament_install']
[0.526s] Level 1:colcon.colcon_core.package_identification:_identify(src/svea_charging2/src/third_party/PythonRobotics/docs/modules/4_slam/graph_slam/graphSLAM_doc_files) by extension 'ignore'
[0.526s] Level 1:colcon.colcon_core.package_identification:_identify(src/svea_charging2/src/third_party/PythonRobotics/docs/modules/4_slam/graph_slam/graphSLAM_doc_files) by extension 'ignore_ament_install'
[0.526s] Level 1:colcon.colcon_core.package_identification:_identify(src/svea_charging2/src/third_party/PythonRobotics/docs/modules/4_slam/graph_slam/graphSLAM_doc_files) by extensions ['colcon_pkg']
[0.526s] Level 1:colcon.colcon_core.package_identification:_identify(src/svea_charging2/src/third_party/PythonRobotics/docs/modules/4_slam/graph_slam/graphSLAM_doc_files) by extension 'colcon_pkg'
[0.526s] Level 1:colcon.colcon_core.package_identification:_identify(src/svea_charging2/src/third_party/PythonRobotics/docs/modules/4_slam/graph_slam/graphSLAM_doc_files) by extensions ['colcon_meta']
[0.526s] Level 1:colcon.colcon_core.package_identification:_identify(src/svea_charging2/src/third_party/PythonRobotics/docs/modules/4_slam/graph_slam/graphSLAM_doc_files) by extension 'colcon_meta'
[0.526s] Level 1:colcon.colcon_core.package_identification:_identify(src/svea_charging2/src/third_party/PythonRobotics/docs/modules/4_slam/graph_slam/graphSLAM_doc_files) by extensions ['ros']
[0.526s] Level 1:colcon.colcon_core.package_identification:_identify(src/svea_charging2/src/third_party/PythonRobotics/docs/modules/4_slam/graph_slam/graphSLAM_doc_files) by extension 'ros'
[0.527s] Level 1:colcon.colcon_core.package_identification:_identify(src/svea_charging2/src/third_party/PythonRobotics/docs/modules/4_slam/graph_slam/graphSLAM_doc_files) by extensions ['cmake', 'python']
[0.527s] Level 1:colcon.colcon_core.package_identification:_identify(src/svea_charging2/src/third_party/PythonRobotics/docs/modules/4_slam/graph_slam/graphSLAM_doc_files) by extension 'cmake'
[0.527s] Level 1:colcon.colcon_core.package_identification:_identify(src/svea_charging2/src/third_party/PythonRobotics/docs/modules/4_slam/graph_slam/graphSLAM_doc_files) by extension 'python'
[0.527s] Level 1:colcon.colcon_core.package_identification:_identify(src/svea_charging2/src/third_party/PythonRobotics/docs/modules/4_slam/graph_slam/graphSLAM_doc_files) by extensions ['python_setup_py']
[0.527s] Level 1:colcon.colcon_core.package_identification:_identify(src/svea_charging2/src/third_party/PythonRobotics/docs/modules/4_slam/graph_slam/graphSLAM_doc_files) by extension 'python_setup_py'
[0.527s] Level 1:colcon.colcon_core.package_identification:_identify(src/svea_charging2/src/third_party/PythonRobotics/docs/modules/4_slam/iterative_closest_point_matching) by extensions ['ignore', 'ignore_ament_install']
[0.527s] Level 1:colcon.colcon_core.package_identification:_identify(src/svea_charging2/src/third_party/PythonRobotics/docs/modules/4_slam/iterative_closest_point_matching) by extension 'ignore'
[0.527s] Level 1:colcon.colcon_core.package_identification:_identify(src/svea_charging2/src/third_party/PythonRobotics/docs/modules/4_slam/iterative_closest_point_matching) by extension 'ignore_ament_install'
[0.527s] Level 1:colcon.colcon_core.package_identification:_identify(src/svea_charging2/src/third_party/PythonRobotics/docs/modules/4_slam/iterative_closest_point_matching) by extensions ['colcon_pkg']
[0.527s] Level 1:colcon.colcon_core.package_identification:_identify(src/svea_charging2/src/third_party/PythonRobotics/docs/modules/4_slam/iterative_closest_point_matching) by extension 'colcon_pkg'
[0.527s] Level 1:colcon.colcon_core.package_identification:_identify(src/svea_charging2/src/third_party/PythonRobotics/docs/modules/4_slam/iterative_closest_point_matching) by extensions ['colcon_meta']
[0.527s] Level 1:colcon.colcon_core.package_identification:_identify(src/svea_charging2/src/third_party/PythonRobotics/docs/modules/4_slam/iterative_closest_point_matching) by extension 'colcon_meta'
[0.527s] Level 1:colcon.colcon_core.package_identification:_identify(src/svea_charging2/src/third_party/PythonRobotics/docs/modules/4_slam/iterative_closest_point_matching) by extensions ['ros']
[0.528s] Level 1:colcon.colcon_core.package_identification:_identify(src/svea_charging2/src/third_party/PythonRobotics/docs/modules/4_slam/iterative_closest_point_matching) by extension 'ros'
[0.528s] Level 1:colcon.colcon_core.package_identification:_identify(src/svea_charging2/src/third_party/PythonRobotics/docs/modules/4_slam/iterative_closest_point_matching) by extensions ['cmake', 'python']
[0.528s] Level 1:colcon.colcon_core.package_identification:_identify(src/svea_charging2/src/third_party/PythonRobotics/docs/modules/4_slam/iterative_closest_point_matching) by extension 'cmake'
[0.528s] Level 1:colcon.colcon_core.package_identification:_identify(src/svea_charging2/src/third_party/PythonRobotics/docs/modules/4_slam/iterative_closest_point_matching) by extension 'python'
[0.528s] Level 1:colcon.colcon_core.package_identification:_identify(src/svea_charging2/src/third_party/PythonRobotics/docs/modules/4_slam/iterative_closest_point_matching) by extensions ['python_setup_py']
[0.528s] Level 1:colcon.colcon_core.package_identification:_identify(src/svea_charging2/src/third_party/PythonRobotics/docs/modules/4_slam/iterative_closest_point_matching) by extension 'python_setup_py'
[0.528s] Level 1:colcon.colcon_core.package_identification:_identify(src/svea_charging2/src/third_party/PythonRobotics/docs/modules/5_path_planning) by extensions ['ignore', 'ignore_ament_install']
[0.528s] Level 1:colcon.colcon_core.package_identification:_identify(src/svea_charging2/src/third_party/PythonRobotics/docs/modules/5_path_planning) by extension 'ignore'
[0.528s] Level 1:colcon.colcon_core.package_identification:_identify(src/svea_charging2/src/third_party/PythonRobotics/docs/modules/5_path_planning) by extension 'ignore_ament_install'
[0.528s] Level 1:colcon.colcon_core.package_identification:_identify(src/svea_charging2/src/third_party/PythonRobotics/docs/modules/5_path_planning) by extensions ['colcon_pkg']
[0.528s] Level 1:colcon.colcon_core.package_identification:_identify(src/svea_charging2/src/third_party/PythonRobotics/docs/modules/5_path_planning) by extension 'colcon_pkg'
[0.528s] Level 1:colcon.colcon_core.package_identification:_identify(src/svea_charging2/src/third_party/PythonRobotics/docs/modules/5_path_planning) by extensions ['colcon_meta']
[0.529s] Level 1:colcon.colcon_core.package_identification:_identify(src/svea_charging2/src/third_party/PythonRobotics/docs/modules/5_path_planning) by extension 'colcon_meta'
[0.529s] Level 1:colcon.colcon_core.package_identification:_identify(src/svea_charging2/src/third_party/PythonRobotics/docs/modules/5_path_planning) by extensions ['ros']
[0.529s] Level 1:colcon.colcon_core.package_identification:_identify(src/svea_charging2/src/third_party/PythonRobotics/docs/modules/5_path_planning) by extension 'ros'
[0.529s] Level 1:colcon.colcon_core.package_identification:_identify(src/svea_charging2/src/third_party/PythonRobotics/docs/modules/5_path_planning) by extensions ['cmake', 'python']
[0.529s] Level 1:colcon.colcon_core.package_identification:_identify(src/svea_charging2/src/third_party/PythonRobotics/docs/modules/5_path_planning) by extension 'cmake'
[0.529s] Level 1:colcon.colcon_core.package_identification:_identify(src/svea_charging2/src/third_party/PythonRobotics/docs/modules/5_path_planning) by extension 'python'
[0.529s] Level 1:colcon.colcon_core.package_identification:_identify(src/svea_charging2/src/third_party/PythonRobotics/docs/modules/5_path_planning) by extensions ['python_setup_py']
[0.529s] Level 1:colcon.colcon_core.package_identification:_identify(src/svea_charging2/src/third_party/PythonRobotics/docs/modules/5_path_planning) by extension 'python_setup_py'
[0.529s] Level 1:colcon.colcon_core.package_identification:_identify(src/svea_charging2/src/third_party/PythonRobotics/docs/modules/5_path_planning/bezier_path) by extensions ['ignore', 'ignore_ament_install']
[0.529s] Level 1:colcon.colcon_core.package_identification:_identify(src/svea_charging2/src/third_party/PythonRobotics/docs/modules/5_path_planning/bezier_path) by extension 'ignore'
[0.529s] Level 1:colcon.colcon_core.package_identification:_identify(src/svea_charging2/src/third_party/PythonRobotics/docs/modules/5_path_planning/bezier_path) by extension 'ignore_ament_install'
[0.529s] Level 1:colcon.colcon_core.package_identification:_identify(src/svea_charging2/src/third_party/PythonRobotics/docs/modules/5_path_planning/bezier_path) by extensions ['colcon_pkg']
[0.530s] Level 1:colcon.colcon_core.package_identification:_identify(src/svea_charging2/src/third_party/PythonRobotics/docs/modules/5_path_planning/bezier_path) by extension 'colcon_pkg'
[0.530s] Level 1:colcon.colcon_core.package_identification:_identify(src/svea_charging2/src/third_party/PythonRobotics/docs/modules/5_path_planning/bezier_path) by extensions ['colcon_meta']
[0.530s] Level 1:colcon.colcon_core.package_identification:_identify(src/svea_charging2/src/third_party/PythonRobotics/docs/modules/5_path_planning/bezier_path) by extension 'colcon_meta'
[0.530s] Level 1:colcon.colcon_core.package_identification:_identify(src/svea_charging2/src/third_party/PythonRobotics/docs/modules/5_path_planning/bezier_path) by extensions ['ros']
[0.530s] Level 1:colcon.colcon_core.package_identification:_identify(src/svea_charging2/src/third_party/PythonRobotics/docs/modules/5_path_planning/bezier_path) by extension 'ros'
[0.530s] Level 1:colcon.colcon_core.package_identification:_identify(src/svea_charging2/src/third_party/PythonRobotics/docs/modules/5_path_planning/bezier_path) by extensions ['cmake', 'python']
[0.530s] Level 1:colcon.colcon_core.package_identification:_identify(src/svea_charging2/src/third_party/PythonRobotics/docs/modules/5_path_planning/bezier_path) by extension 'cmake'
[0.530s] Level 1:colcon.colcon_core.package_identification:_identify(src/svea_charging2/src/third_party/PythonRobotics/docs/modules/5_path_planning/bezier_path) by extension 'python'
[0.530s] Level 1:colcon.colcon_core.package_identification:_identify(src/svea_charging2/src/third_party/PythonRobotics/docs/modules/5_path_planning/bezier_path) by extensions ['python_setup_py']
[0.530s] Level 1:colcon.colcon_core.package_identification:_identify(src/svea_charging2/src/third_party/PythonRobotics/docs/modules/5_path_planning/bezier_path) by extension 'python_setup_py'
[0.530s] Level 1:colcon.colcon_core.package_identification:_identify(src/svea_charging2/src/third_party/PythonRobotics/docs/modules/5_path_planning/bspline_path) by extensions ['ignore', 'ignore_ament_install']
[0.530s] Level 1:colcon.colcon_core.package_identification:_identify(src/svea_charging2/src/third_party/PythonRobotics/docs/modules/5_path_planning/bspline_path) by extension 'ignore'
[0.530s] Level 1:colcon.colcon_core.package_identification:_identify(src/svea_charging2/src/third_party/PythonRobotics/docs/modules/5_path_planning/bspline_path) by extension 'ignore_ament_install'
[0.531s] Level 1:colcon.colcon_core.package_identification:_identify(src/svea_charging2/src/third_party/PythonRobotics/docs/modules/5_path_planning/bspline_path) by extensions ['colcon_pkg']
[0.531s] Level 1:colcon.colcon_core.package_identification:_identify(src/svea_charging2/src/third_party/PythonRobotics/docs/modules/5_path_planning/bspline_path) by extension 'colcon_pkg'
[0.531s] Level 1:colcon.colcon_core.package_identification:_identify(src/svea_charging2/src/third_party/PythonRobotics/docs/modules/5_path_planning/bspline_path) by extensions ['colcon_meta']
[0.531s] Level 1:colcon.colcon_core.package_identification:_identify(src/svea_charging2/src/third_party/PythonRobotics/docs/modules/5_path_planning/bspline_path) by extension 'colcon_meta'
[0.531s] Level 1:colcon.colcon_core.package_identification:_identify(src/svea_charging2/src/third_party/PythonRobotics/docs/modules/5_path_planning/bspline_path) by extensions ['ros']
[0.531s] Level 1:colcon.colcon_core.package_identification:_identify(src/svea_charging2/src/third_party/PythonRobotics/docs/modules/5_path_planning/bspline_path) by extension 'ros'
[0.531s] Level 1:colcon.colcon_core.package_identification:_identify(src/svea_charging2/src/third_party/PythonRobotics/docs/modules/5_path_planning/bspline_path) by extensions ['cmake', 'python']
[0.531s] Level 1:colcon.colcon_core.package_identification:_identify(src/svea_charging2/src/third_party/PythonRobotics/docs/modules/5_path_planning/bspline_path) by extension 'cmake'
[0.531s] Level 1:colcon.colcon_core.package_identification:_identify(src/svea_charging2/src/third_party/PythonRobotics/docs/modules/5_path_planning/bspline_path) by extension 'python'
[0.531s] Level 1:colcon.colcon_core.package_identification:_identify(src/svea_charging2/src/third_party/PythonRobotics/docs/modules/5_path_planning/bspline_path) by extensions ['python_setup_py']
[0.531s] Level 1:colcon.colcon_core.package_identification:_identify(src/svea_charging2/src/third_party/PythonRobotics/docs/modules/5_path_planning/bspline_path) by extension 'python_setup_py'
[0.531s] Level 1:colcon.colcon_core.package_identification:_identify(src/svea_charging2/src/third_party/PythonRobotics/docs/modules/5_path_planning/bugplanner) by extensions ['ignore', 'ignore_ament_install']
[0.531s] Level 1:colcon.colcon_core.package_identification:_identify(src/svea_charging2/src/third_party/PythonRobotics/docs/modules/5_path_planning/bugplanner) by extension 'ignore'
[0.532s] Level 1:colcon.colcon_core.package_identification:_identify(src/svea_charging2/src/third_party/PythonRobotics/docs/modules/5_path_planning/bugplanner) by extension 'ignore_ament_install'
[0.532s] Level 1:colcon.colcon_core.package_identification:_identify(src/svea_charging2/src/third_party/PythonRobotics/docs/modules/5_path_planning/bugplanner) by extensions ['colcon_pkg']
[0.532s] Level 1:colcon.colcon_core.package_identification:_identify(src/svea_charging2/src/third_party/PythonRobotics/docs/modules/5_path_planning/bugplanner) by extension 'colcon_pkg'
[0.532s] Level 1:colcon.colcon_core.package_identification:_identify(src/svea_charging2/src/third_party/PythonRobotics/docs/modules/5_path_planning/bugplanner) by extensions ['colcon_meta']
[0.532s] Level 1:colcon.colcon_core.package_identification:_identify(src/svea_charging2/src/third_party/PythonRobotics/docs/modules/5_path_planning/bugplanner) by extension 'colcon_meta'
[0.532s] Level 1:colcon.colcon_core.package_identification:_identify(src/svea_charging2/src/third_party/PythonRobotics/docs/modules/5_path_planning/bugplanner) by extensions ['ros']
[0.532s] Level 1:colcon.colcon_core.package_identification:_identify(src/svea_charging2/src/third_party/PythonRobotics/docs/modules/5_path_planning/bugplanner) by extension 'ros'
[0.532s] Level 1:colcon.colcon_core.package_identification:_identify(src/svea_charging2/src/third_party/PythonRobotics/docs/modules/5_path_planning/bugplanner) by extensions ['cmake', 'python']
[0.532s] Level 1:colcon.colcon_core.package_identification:_identify(src/svea_charging2/src/third_party/PythonRobotics/docs/modules/5_path_planning/bugplanner) by extension 'cmake'
[0.532s] Level 1:colcon.colcon_core.package_identification:_identify(src/svea_charging2/src/third_party/PythonRobotics/docs/modules/5_path_planning/bugplanner) by extension 'python'
[0.532s] Level 1:colcon.colcon_core.package_identification:_identify(src/svea_charging2/src/third_party/PythonRobotics/docs/modules/5_path_planning/bugplanner) by extensions ['python_setup_py']
[0.532s] Level 1:colcon.colcon_core.package_identification:_identify(src/svea_charging2/src/third_party/PythonRobotics/docs/modules/5_path_planning/bugplanner) by extension 'python_setup_py'
[0.532s] Level 1:colcon.colcon_core.package_identification:_identify(src/svea_charging2/src/third_party/PythonRobotics/docs/modules/5_path_planning/catmull_rom_spline) by extensions ['ignore', 'ignore_ament_install']
[0.533s] Level 1:colcon.colcon_core.package_identification:_identify(src/svea_charging2/src/third_party/PythonRobotics/docs/modules/5_path_planning/catmull_rom_spline) by extension 'ignore'
[0.533s] Level 1:colcon.colcon_core.package_identification:_identify(src/svea_charging2/src/third_party/PythonRobotics/docs/modules/5_path_planning/catmull_rom_spline) by extension 'ignore_ament_install'
[0.533s] Level 1:colcon.colcon_core.package_identification:_identify(src/svea_charging2/src/third_party/PythonRobotics/docs/modules/5_path_planning/catmull_rom_spline) by extensions ['colcon_pkg']
[0.533s] Level 1:colcon.colcon_core.package_identification:_identify(src/svea_charging2/src/third_party/PythonRobotics/docs/modules/5_path_planning/catmull_rom_spline) by extension 'colcon_pkg'
[0.533s] Level 1:colcon.colcon_core.package_identification:_identify(src/svea_charging2/src/third_party/PythonRobotics/docs/modules/5_path_planning/catmull_rom_spline) by extensions ['colcon_meta']
[0.533s] Level 1:colcon.colcon_core.package_identification:_identify(src/svea_charging2/src/third_party/PythonRobotics/docs/modules/5_path_planning/catmull_rom_spline) by extension 'colcon_meta'
[0.533s] Level 1:colcon.colcon_core.package_identification:_identify(src/svea_charging2/src/third_party/PythonRobotics/docs/modules/5_path_planning/catmull_rom_spline) by extensions ['ros']
[0.533s] Level 1:colcon.colcon_core.package_identification:_identify(src/svea_charging2/src/third_party/PythonRobotics/docs/modules/5_path_planning/catmull_rom_spline) by extension 'ros'
[0.533s] Level 1:colcon.colcon_core.package_identification:_identify(src/svea_charging2/src/third_party/PythonRobotics/docs/modules/5_path_planning/catmull_rom_spline) by extensions ['cmake', 'python']
[0.533s] Level 1:colcon.colcon_core.package_identification:_identify(src/svea_charging2/src/third_party/PythonRobotics/docs/modules/5_path_planning/catmull_rom_spline) by extension 'cmake'
[0.533s] Level 1:colcon.colcon_core.package_identification:_identify(src/svea_charging2/src/third_party/PythonRobotics/docs/modules/5_path_planning/catmull_rom_spline) by extension 'python'
[0.533s] Level 1:colcon.colcon_core.package_identification:_identify(src/svea_charging2/src/third_party/PythonRobotics/docs/modules/5_path_planning/catmull_rom_spline) by extensions ['python_setup_py']
[0.533s] Level 1:colcon.colcon_core.package_identification:_identify(src/svea_charging2/src/third_party/PythonRobotics/docs/modules/5_path_planning/catmull_rom_spline) by extension 'python_setup_py'
[0.533s] Level 1:colcon.colcon_core.package_identification:_identify(src/svea_charging2/src/third_party/PythonRobotics/docs/modules/5_path_planning/clothoid_path) by extensions ['ignore', 'ignore_ament_install']
[0.534s] Level 1:colcon.colcon_core.package_identification:_identify(src/svea_charging2/src/third_party/PythonRobotics/docs/modules/5_path_planning/clothoid_path) by extension 'ignore'
[0.534s] Level 1:colcon.colcon_core.package_identification:_identify(src/svea_charging2/src/third_party/PythonRobotics/docs/modules/5_path_planning/clothoid_path) by extension 'ignore_ament_install'
[0.534s] Level 1:colcon.colcon_core.package_identification:_identify(src/svea_charging2/src/third_party/PythonRobotics/docs/modules/5_path_planning/clothoid_path) by extensions ['colcon_pkg']
[0.534s] Level 1:colcon.colcon_core.package_identification:_identify(src/svea_charging2/src/third_party/PythonRobotics/docs/modules/5_path_planning/clothoid_path) by extension 'colcon_pkg'
[0.534s] Level 1:colcon.colcon_core.package_identification:_identify(src/svea_charging2/src/third_party/PythonRobotics/docs/modules/5_path_planning/clothoid_path) by extensions ['colcon_meta']
[0.534s] Level 1:colcon.colcon_core.package_identification:_identify(src/svea_charging2/src/third_party/PythonRobotics/docs/modules/5_path_planning/clothoid_path) by extension 'colcon_meta'
[0.534s] Level 1:colcon.colcon_core.package_identification:_identify(src/svea_charging2/src/third_party/PythonRobotics/docs/modules/5_path_planning/clothoid_path) by extensions ['ros']
[0.534s] Level 1:colcon.colcon_core.package_identification:_identify(src/svea_charging2/src/third_party/PythonRobotics/docs/modules/5_path_planning/clothoid_path) by extension 'ros'
[0.534s] Level 1:colcon.colcon_core.package_identification:_identify(src/svea_charging2/src/third_party/PythonRobotics/docs/modules/5_path_planning/clothoid_path) by extensions ['cmake', 'python']
[0.534s] Level 1:colcon.colcon_core.package_identification:_identify(src/svea_charging2/src/third_party/PythonRobotics/docs/modules/5_path_planning/clothoid_path) by extension 'cmake'
[0.534s] Level 1:colcon.colcon_core.package_identification:_identify(src/svea_charging2/src/third_party/PythonRobotics/docs/modules/5_path_planning/clothoid_path) by extension 'python'
[0.534s] Level 1:colcon.colcon_core.package_identification:_identify(src/svea_charging2/src/third_party/PythonRobotics/docs/modules/5_path_planning/clothoid_path) by extensions ['python_setup_py']
[0.534s] Level 1:colcon.colcon_core.package_identification:_identify(src/svea_charging2/src/third_party/PythonRobotics/docs/modules/5_path_planning/clothoid_path) by extension 'python_setup_py'
[0.535s] Level 1:colcon.colcon_core.package_identification:_identify(src/svea_charging2/src/third_party/PythonRobotics/docs/modules/5_path_planning/coverage_path) by extensions ['ignore', 'ignore_ament_install']
[0.535s] Level 1:colcon.colcon_core.package_identification:_identify(src/svea_charging2/src/third_party/PythonRobotics/docs/modules/5_path_planning/coverage_path) by extension 'ignore'
[0.535s] Level 1:colcon.colcon_core.package_identification:_identify(src/svea_charging2/src/third_party/PythonRobotics/docs/modules/5_path_planning/coverage_path) by extension 'ignore_ament_install'
[0.535s] Level 1:colcon.colcon_core.package_identification:_identify(src/svea_charging2/src/third_party/PythonRobotics/docs/modules/5_path_planning/coverage_path) by extensions ['colcon_pkg']
[0.535s] Level 1:colcon.colcon_core.package_identification:_identify(src/svea_charging2/src/third_party/PythonRobotics/docs/modules/5_path_planning/coverage_path) by extension 'colcon_pkg'
[0.535s] Level 1:colcon.colcon_core.package_identification:_identify(src/svea_charging2/src/third_party/PythonRobotics/docs/modules/5_path_planning/coverage_path) by extensions ['colcon_meta']
[0.535s] Level 1:colcon.colcon_core.package_identification:_identify(src/svea_charging2/src/third_party/PythonRobotics/docs/modules/5_path_planning/coverage_path) by extension 'colcon_meta'
[0.535s] Level 1:colcon.colcon_core.package_identification:_identify(src/svea_charging2/src/third_party/PythonRobotics/docs/modules/5_path_planning/coverage_path) by extensions ['ros']
[0.535s] Level 1:colcon.colcon_core.package_identification:_identify(src/svea_charging2/src/third_party/PythonRobotics/docs/modules/5_path_planning/coverage_path) by extension 'ros'
[0.535s] Level 1:colcon.colcon_core.package_identification:_identify(src/svea_charging2/src/third_party/PythonRobotics/docs/modules/5_path_planning/coverage_path) by extensions ['cmake', 'python']
[0.535s] Level 1:colcon.colcon_core.package_identification:_identify(src/svea_charging2/src/third_party/PythonRobotics/docs/modules/5_path_planning/coverage_path) by extension 'cmake'
[0.535s] Level 1:colcon.colcon_core.package_identification:_identify(src/svea_charging2/src/third_party/PythonRobotics/docs/modules/5_path_planning/coverage_path) by extension 'python'
[0.535s] Level 1:colcon.colcon_core.package_identification:_identify(src/svea_charging2/src/third_party/PythonRobotics/docs/modules/5_path_planning/coverage_path) by extensions ['python_setup_py']
[0.535s] Level 1:colcon.colcon_core.package_identification:_identify(src/svea_charging2/src/third_party/PythonRobotics/docs/modules/5_path_planning/coverage_path) by extension 'python_setup_py'
[0.536s] Level 1:colcon.colcon_core.package_identification:_identify(src/svea_charging2/src/third_party/PythonRobotics/docs/modules/5_path_planning/cubic_spline) by extensions ['ignore', 'ignore_ament_install']
[0.536s] Level 1:colcon.colcon_core.package_identification:_identify(src/svea_charging2/src/third_party/PythonRobotics/docs/modules/5_path_planning/cubic_spline) by extension 'ignore'
[0.536s] Level 1:colcon.colcon_core.package_identification:_identify(src/svea_charging2/src/third_party/PythonRobotics/docs/modules/5_path_planning/cubic_spline) by extension 'ignore_ament_install'
[0.536s] Level 1:colcon.colcon_core.package_identification:_identify(src/svea_charging2/src/third_party/PythonRobotics/docs/modules/5_path_planning/cubic_spline) by extensions ['colcon_pkg']
[0.536s] Level 1:colcon.colcon_core.package_identification:_identify(src/svea_charging2/src/third_party/PythonRobotics/docs/modules/5_path_planning/cubic_spline) by extension 'colcon_pkg'
[0.536s] Level 1:colcon.colcon_core.package_identification:_identify(src/svea_charging2/src/third_party/PythonRobotics/docs/modules/5_path_planning/cubic_spline) by extensions ['colcon_meta']
[0.536s] Level 1:colcon.colcon_core.package_identification:_identify(src/svea_charging2/src/third_party/PythonRobotics/docs/modules/5_path_planning/cubic_spline) by extension 'colcon_meta'
[0.536s] Level 1:colcon.colcon_core.package_identification:_identify(src/svea_charging2/src/third_party/PythonRobotics/docs/modules/5_path_planning/cubic_spline) by extensions ['ros']
[0.536s] Level 1:colcon.colcon_core.package_identification:_identify(src/svea_charging2/src/third_party/PythonRobotics/docs/modules/5_path_planning/cubic_spline) by extension 'ros'
[0.536s] Level 1:colcon.colcon_core.package_identification:_identify(src/svea_charging2/src/third_party/PythonRobotics/docs/modules/5_path_planning/cubic_spline) by extensions ['cmake', 'python']
[0.536s] Level 1:colcon.colcon_core.package_identification:_identify(src/svea_charging2/src/third_party/PythonRobotics/docs/modules/5_path_planning/cubic_spline) by extension 'cmake'
[0.536s] Level 1:colcon.colcon_core.package_identification:_identify(src/svea_charging2/src/third_party/PythonRobotics/docs/modules/5_path_planning/cubic_spline) by extension 'python'
[0.537s] Level 1:colcon.colcon_core.package_identification:_identify(src/svea_charging2/src/third_party/PythonRobotics/docs/modules/5_path_planning/cubic_spline) by extensions ['python_setup_py']
[0.537s] Level 1:colcon.colcon_core.package_identification:_identify(src/svea_charging2/src/third_party/PythonRobotics/docs/modules/5_path_planning/cubic_spline) by extension 'python_setup_py'
[0.537s] Level 1:colcon.colcon_core.package_identification:_identify(src/svea_charging2/src/third_party/PythonRobotics/docs/modules/5_path_planning/dubins_path) by extensions ['ignore', 'ignore_ament_install']
[0.537s] Level 1:colcon.colcon_core.package_identification:_identify(src/svea_charging2/src/third_party/PythonRobotics/docs/modules/5_path_planning/dubins_path) by extension 'ignore'
[0.537s] Level 1:colcon.colcon_core.package_identification:_identify(src/svea_charging2/src/third_party/PythonRobotics/docs/modules/5_path_planning/dubins_path) by extension 'ignore_ament_install'
[0.537s] Level 1:colcon.colcon_core.package_identification:_identify(src/svea_charging2/src/third_party/PythonRobotics/docs/modules/5_path_planning/dubins_path) by extensions ['colcon_pkg']
[0.537s] Level 1:colcon.colcon_core.package_identification:_identify(src/svea_charging2/src/third_party/PythonRobotics/docs/modules/5_path_planning/dubins_path) by extension 'colcon_pkg'
[0.537s] Level 1:colcon.colcon_core.package_identification:_identify(src/svea_charging2/src/third_party/PythonRobotics/docs/modules/5_path_planning/dubins_path) by extensions ['colcon_meta']
[0.537s] Level 1:colcon.colcon_core.package_identification:_identify(src/svea_charging2/src/third_party/PythonRobotics/docs/modules/5_path_planning/dubins_path) by extension 'colcon_meta'
[0.537s] Level 1:colcon.colcon_core.package_identification:_identify(src/svea_charging2/src/third_party/PythonRobotics/docs/modules/5_path_planning/dubins_path) by extensions ['ros']
[0.537s] Level 1:colcon.colcon_core.package_identification:_identify(src/svea_charging2/src/third_party/PythonRobotics/docs/modules/5_path_planning/dubins_path) by extension 'ros'
[0.537s] Level 1:colcon.colcon_core.package_identification:_identify(src/svea_charging2/src/third_party/PythonRobotics/docs/modules/5_path_planning/dubins_path) by extensions ['cmake', 'python']
[0.537s] Level 1:colcon.colcon_core.package_identification:_identify(src/svea_charging2/src/third_party/PythonRobotics/docs/modules/5_path_planning/dubins_path) by extension 'cmake'
[0.538s] Level 1:colcon.colcon_core.package_identification:_identify(src/svea_charging2/src/third_party/PythonRobotics/docs/modules/5_path_planning/dubins_path) by extension 'python'
[0.538s] Level 1:colcon.colcon_core.package_identification:_identify(src/svea_charging2/src/third_party/PythonRobotics/docs/modules/5_path_planning/dubins_path) by extensions ['python_setup_py']
[0.538s] Level 1:colcon.colcon_core.package_identification:_identify(src/svea_charging2/src/third_party/PythonRobotics/docs/modules/5_path_planning/dubins_path) by extension 'python_setup_py'
[0.538s] Level 1:colcon.colcon_core.package_identification:_identify(src/svea_charging2/src/third_party/PythonRobotics/docs/modules/5_path_planning/dynamic_window_approach) by extensions ['ignore', 'ignore_ament_install']
[0.538s] Level 1:colcon.colcon_core.package_identification:_identify(src/svea_charging2/src/third_party/PythonRobotics/docs/modules/5_path_planning/dynamic_window_approach) by extension 'ignore'
[0.538s] Level 1:colcon.colcon_core.package_identification:_identify(src/svea_charging2/src/third_party/PythonRobotics/docs/modules/5_path_planning/dynamic_window_approach) by extension 'ignore_ament_install'
[0.538s] Level 1:colcon.colcon_core.package_identification:_identify(src/svea_charging2/src/third_party/PythonRobotics/docs/modules/5_path_planning/dynamic_window_approach) by extensions ['colcon_pkg']
[0.538s] Level 1:colcon.colcon_core.package_identification:_identify(src/svea_charging2/src/third_party/PythonRobotics/docs/modules/5_path_planning/dynamic_window_approach) by extension 'colcon_pkg'
[0.538s] Level 1:colcon.colcon_core.package_identification:_identify(src/svea_charging2/src/third_party/PythonRobotics/docs/modules/5_path_planning/dynamic_window_approach) by extensions ['colcon_meta']
[0.538s] Level 1:colcon.colcon_core.package_identification:_identify(src/svea_charging2/src/third_party/PythonRobotics/docs/modules/5_path_planning/dynamic_window_approach) by extension 'colcon_meta'
[0.538s] Level 1:colcon.colcon_core.package_identification:_identify(src/svea_charging2/src/third_party/PythonRobotics/docs/modules/5_path_planning/dynamic_window_approach) by extensions ['ros']
[0.538s] Level 1:colcon.colcon_core.package_identification:_identify(src/svea_charging2/src/third_party/PythonRobotics/docs/modules/5_path_planning/dynamic_window_approach) by extension 'ros'
[0.538s] Level 1:colcon.colcon_core.package_identification:_identify(src/svea_charging2/src/third_party/PythonRobotics/docs/modules/5_path_planning/dynamic_window_approach) by extensions ['cmake', 'python']
[0.539s] Level 1:colcon.colcon_core.package_identification:_identify(src/svea_charging2/src/third_party/PythonRobotics/docs/modules/5_path_planning/dynamic_window_approach) by extension 'cmake'
[0.539s] Level 1:colcon.colcon_core.package_identification:_identify(src/svea_charging2/src/third_party/PythonRobotics/docs/modules/5_path_planning/dynamic_window_approach) by extension 'python'
[0.539s] Level 1:colcon.colcon_core.package_identification:_identify(src/svea_charging2/src/third_party/PythonRobotics/docs/modules/5_path_planning/dynamic_window_approach) by extensions ['python_setup_py']
[0.539s] Level 1:colcon.colcon_core.package_identification:_identify(src/svea_charging2/src/third_party/PythonRobotics/docs/modules/5_path_planning/dynamic_window_approach) by extension 'python_setup_py'
[0.539s] Level 1:colcon.colcon_core.package_identification:_identify(src/svea_charging2/src/third_party/PythonRobotics/docs/modules/5_path_planning/elastic_bands) by extensions ['ignore', 'ignore_ament_install']
[0.539s] Level 1:colcon.colcon_core.package_identification:_identify(src/svea_charging2/src/third_party/PythonRobotics/docs/modules/5_path_planning/elastic_bands) by extension 'ignore'
[0.539s] Level 1:colcon.colcon_core.package_identification:_identify(src/svea_charging2/src/third_party/PythonRobotics/docs/modules/5_path_planning/elastic_bands) by extension 'ignore_ament_install'
[0.539s] Level 1:colcon.colcon_core.package_identification:_identify(src/svea_charging2/src/third_party/PythonRobotics/docs/modules/5_path_planning/elastic_bands) by extensions ['colcon_pkg']
[0.539s] Level 1:colcon.colcon_core.package_identification:_identify(src/svea_charging2/src/third_party/PythonRobotics/docs/modules/5_path_planning/elastic_bands) by extension 'colcon_pkg'
[0.539s] Level 1:colcon.colcon_core.package_identification:_identify(src/svea_charging2/src/third_party/PythonRobotics/docs/modules/5_path_planning/elastic_bands) by extensions ['colcon_meta']
[0.539s] Level 1:colcon.colcon_core.package_identification:_identify(src/svea_charging2/src/third_party/PythonRobotics/docs/modules/5_path_planning/elastic_bands) by extension 'colcon_meta'
[0.539s] Level 1:colcon.colcon_core.package_identification:_identify(src/svea_charging2/src/third_party/PythonRobotics/docs/modules/5_path_planning/elastic_bands) by extensions ['ros']
[0.539s] Level 1:colcon.colcon_core.package_identification:_identify(src/svea_charging2/src/third_party/PythonRobotics/docs/modules/5_path_planning/elastic_bands) by extension 'ros'
[0.540s] Level 1:colcon.colcon_core.package_identification:_identify(src/svea_charging2/src/third_party/PythonRobotics/docs/modules/5_path_planning/elastic_bands) by extensions ['cmake', 'python']
[0.540s] Level 1:colcon.colcon_core.package_identification:_identify(src/svea_charging2/src/third_party/PythonRobotics/docs/modules/5_path_planning/elastic_bands) by extension 'cmake'
[0.540s] Level 1:colcon.colcon_core.package_identification:_identify(src/svea_charging2/src/third_party/PythonRobotics/docs/modules/5_path_planning/elastic_bands) by extension 'python'
[0.540s] Level 1:colcon.colcon_core.package_identification:_identify(src/svea_charging2/src/third_party/PythonRobotics/docs/modules/5_path_planning/elastic_bands) by extensions ['python_setup_py']
[0.540s] Level 1:colcon.colcon_core.package_identification:_identify(src/svea_charging2/src/third_party/PythonRobotics/docs/modules/5_path_planning/elastic_bands) by extension 'python_setup_py'
[0.540s] Level 1:colcon.colcon_core.package_identification:_identify(src/svea_charging2/src/third_party/PythonRobotics/docs/modules/5_path_planning/eta3_spline) by extensions ['ignore', 'ignore_ament_install']
[0.540s] Level 1:colcon.colcon_core.package_identification:_identify(src/svea_charging2/src/third_party/PythonRobotics/docs/modules/5_path_planning/eta3_spline) by extension 'ignore'
[0.540s] Level 1:colcon.colcon_core.package_identification:_identify(src/svea_charging2/src/third_party/PythonRobotics/docs/modules/5_path_planning/eta3_spline) by extension 'ignore_ament_install'
[0.540s] Level 1:colcon.colcon_core.package_identification:_identify(src/svea_charging2/src/third_party/PythonRobotics/docs/modules/5_path_planning/eta3_spline) by extensions ['colcon_pkg']
[0.540s] Level 1:colcon.colcon_core.package_identification:_identify(src/svea_charging2/src/third_party/PythonRobotics/docs/modules/5_path_planning/eta3_spline) by extension 'colcon_pkg'
[0.540s] Level 1:colcon.colcon_core.package_identification:_identify(src/svea_charging2/src/third_party/PythonRobotics/docs/modules/5_path_planning/eta3_spline) by extensions ['colcon_meta']
[0.540s] Level 1:colcon.colcon_core.package_identification:_identify(src/svea_charging2/src/third_party/PythonRobotics/docs/modules/5_path_planning/eta3_spline) by extension 'colcon_meta'
[0.540s] Level 1:colcon.colcon_core.package_identification:_identify(src/svea_charging2/src/third_party/PythonRobotics/docs/modules/5_path_planning/eta3_spline) by extensions ['ros']
[0.540s] Level 1:colcon.colcon_core.package_identification:_identify(src/svea_charging2/src/third_party/PythonRobotics/docs/modules/5_path_planning/eta3_spline) by extension 'ros'
[0.541s] Level 1:colcon.colcon_core.package_identification:_identify(src/svea_charging2/src/third_party/PythonRobotics/docs/modules/5_path_planning/eta3_spline) by extensions ['cmake', 'python']
[0.541s] Level 1:colcon.colcon_core.package_identification:_identify(src/svea_charging2/src/third_party/PythonRobotics/docs/modules/5_path_planning/eta3_spline) by extension 'cmake'
[0.541s] Level 1:colcon.colcon_core.package_identification:_identify(src/svea_charging2/src/third_party/PythonRobotics/docs/modules/5_path_planning/eta3_spline) by extension 'python'
[0.541s] Level 1:colcon.colcon_core.package_identification:_identify(src/svea_charging2/src/third_party/PythonRobotics/docs/modules/5_path_planning/eta3_spline) by extensions ['python_setup_py']
[0.541s] Level 1:colcon.colcon_core.package_identification:_identify(src/svea_charging2/src/third_party/PythonRobotics/docs/modules/5_path_planning/eta3_spline) by extension 'python_setup_py'
[0.541s] Level 1:colcon.colcon_core.package_identification:_identify(src/svea_charging2/src/third_party/PythonRobotics/docs/modules/5_path_planning/frenet_frame_path) by extensions ['ignore', 'ignore_ament_install']
[0.541s] Level 1:colcon.colcon_core.package_identification:_identify(src/svea_charging2/src/third_party/PythonRobotics/docs/modules/5_path_planning/frenet_frame_path) by extension 'ignore'
[0.541s] Level 1:colcon.colcon_core.package_identification:_identify(src/svea_charging2/src/third_party/PythonRobotics/docs/modules/5_path_planning/frenet_frame_path) by extension 'ignore_ament_install'
[0.541s] Level 1:colcon.colcon_core.package_identification:_identify(src/svea_charging2/src/third_party/PythonRobotics/docs/modules/5_path_planning/frenet_frame_path) by extensions ['colcon_pkg']
[0.541s] Level 1:colcon.colcon_core.package_identification:_identify(src/svea_charging2/src/third_party/PythonRobotics/docs/modules/5_path_planning/frenet_frame_path) by extension 'colcon_pkg'
[0.541s] Level 1:colcon.colcon_core.package_identification:_identify(src/svea_charging2/src/third_party/PythonRobotics/docs/modules/5_path_planning/frenet_frame_path) by extensions ['colcon_meta']
[0.541s] Level 1:colcon.colcon_core.package_identification:_identify(src/svea_charging2/src/third_party/PythonRobotics/docs/modules/5_path_planning/frenet_frame_path) by extension 'colcon_meta'
[0.541s] Level 1:colcon.colcon_core.package_identification:_identify(src/svea_charging2/src/third_party/PythonRobotics/docs/modules/5_path_planning/frenet_frame_path) by extensions ['ros']
[0.542s] Level 1:colcon.colcon_core.package_identification:_identify(src/svea_charging2/src/third_party/PythonRobotics/docs/modules/5_path_planning/frenet_frame_path) by extension 'ros'
[0.542s] Level 1:colcon.colcon_core.package_identification:_identify(src/svea_charging2/src/third_party/PythonRobotics/docs/modules/5_path_planning/frenet_frame_path) by extensions ['cmake', 'python']
[0.542s] Level 1:colcon.colcon_core.package_identification:_identify(src/svea_charging2/src/third_party/PythonRobotics/docs/modules/5_path_planning/frenet_frame_path) by extension 'cmake'
[0.542s] Level 1:colcon.colcon_core.package_identification:_identify(src/svea_charging2/src/third_party/PythonRobotics/docs/modules/5_path_planning/frenet_frame_path) by extension 'python'
[0.542s] Level 1:colcon.colcon_core.package_identification:_identify(src/svea_charging2/src/third_party/PythonRobotics/docs/modules/5_path_planning/frenet_frame_path) by extensions ['python_setup_py']
[0.542s] Level 1:colcon.colcon_core.package_identification:_identify(src/svea_charging2/src/third_party/PythonRobotics/docs/modules/5_path_planning/frenet_frame_path) by extension 'python_setup_py'
[0.542s] Level 1:colcon.colcon_core.package_identification:_identify(src/svea_charging2/src/third_party/PythonRobotics/docs/modules/5_path_planning/grid_base_search) by extensions ['ignore', 'ignore_ament_install']
[0.542s] Level 1:colcon.colcon_core.package_identification:_identify(src/svea_charging2/src/third_party/PythonRobotics/docs/modules/5_path_planning/grid_base_search) by extension 'ignore'
[0.542s] Level 1:colcon.colcon_core.package_identification:_identify(src/svea_charging2/src/third_party/PythonRobotics/docs/modules/5_path_planning/grid_base_search) by extension 'ignore_ament_install'
[0.542s] Level 1:colcon.colcon_core.package_identification:_identify(src/svea_charging2/src/third_party/PythonRobotics/docs/modules/5_path_planning/grid_base_search) by extensions ['colcon_pkg']
[0.542s] Level 1:colcon.colcon_core.package_identification:_identify(src/svea_charging2/src/third_party/PythonRobotics/docs/modules/5_path_planning/grid_base_search) by extension 'colcon_pkg'
[0.542s] Level 1:colcon.colcon_core.package_identification:_identify(src/svea_charging2/src/third_party/PythonRobotics/docs/modules/5_path_planning/grid_base_search) by extensions ['colcon_meta']
[0.542s] Level 1:colcon.colcon_core.package_identification:_identify(src/svea_charging2/src/third_party/PythonRobotics/docs/modules/5_path_planning/grid_base_search) by extension 'colcon_meta'
[0.543s] Level 1:colcon.colcon_core.package_identification:_identify(src/svea_charging2/src/third_party/PythonRobotics/docs/modules/5_path_planning/grid_base_search) by extensions ['ros']
[0.543s] Level 1:colcon.colcon_core.package_identification:_identify(src/svea_charging2/src/third_party/PythonRobotics/docs/modules/5_path_planning/grid_base_search) by extension 'ros'
[0.543s] Level 1:colcon.colcon_core.package_identification:_identify(src/svea_charging2/src/third_party/PythonRobotics/docs/modules/5_path_planning/grid_base_search) by extensions ['cmake', 'python']
[0.543s] Level 1:colcon.colcon_core.package_identification:_identify(src/svea_charging2/src/third_party/PythonRobotics/docs/modules/5_path_planning/grid_base_search) by extension 'cmake'
[0.543s] Level 1:colcon.colcon_core.package_identification:_identify(src/svea_charging2/src/third_party/PythonRobotics/docs/modules/5_path_planning/grid_base_search) by extension 'python'
[0.543s] Level 1:colcon.colcon_core.package_identification:_identify(src/svea_charging2/src/third_party/PythonRobotics/docs/modules/5_path_planning/grid_base_search) by extensions ['python_setup_py']
[0.543s] Level 1:colcon.colcon_core.package_identification:_identify(src/svea_charging2/src/third_party/PythonRobotics/docs/modules/5_path_planning/grid_base_search) by extension 'python_setup_py'
[0.543s] Level 1:colcon.colcon_core.package_identification:_identify(src/svea_charging2/src/third_party/PythonRobotics/docs/modules/5_path_planning/hybridastar) by extensions ['ignore', 'ignore_ament_install']
[0.543s] Level 1:colcon.colcon_core.package_identification:_identify(src/svea_charging2/src/third_party/PythonRobotics/docs/modules/5_path_planning/hybridastar) by extension 'ignore'
[0.543s] Level 1:colcon.colcon_core.package_identification:_identify(src/svea_charging2/src/third_party/PythonRobotics/docs/modules/5_path_planning/hybridastar) by extension 'ignore_ament_install'
[0.543s] Level 1:colcon.colcon_core.package_identification:_identify(src/svea_charging2/src/third_party/PythonRobotics/docs/modules/5_path_planning/hybridastar) by extensions ['colcon_pkg']
[0.543s] Level 1:colcon.colcon_core.package_identification:_identify(src/svea_charging2/src/third_party/PythonRobotics/docs/modules/5_path_planning/hybridastar) by extension 'colcon_pkg'
[0.543s] Level 1:colcon.colcon_core.package_identification:_identify(src/svea_charging2/src/third_party/PythonRobotics/docs/modules/5_path_planning/hybridastar) by extensions ['colcon_meta']
[0.544s] Level 1:colcon.colcon_core.package_identification:_identify(src/svea_charging2/src/third_party/PythonRobotics/docs/modules/5_path_planning/hybridastar) by extension 'colcon_meta'
[0.544s] Level 1:colcon.colcon_core.package_identification:_identify(src/svea_charging2/src/third_party/PythonRobotics/docs/modules/5_path_planning/hybridastar) by extensions ['ros']
[0.544s] Level 1:colcon.colcon_core.package_identification:_identify(src/svea_charging2/src/third_party/PythonRobotics/docs/modules/5_path_planning/hybridastar) by extension 'ros'
[0.544s] Level 1:colcon.colcon_core.package_identification:_identify(src/svea_charging2/src/third_party/PythonRobotics/docs/modules/5_path_planning/hybridastar) by extensions ['cmake', 'python']
[0.544s] Level 1:colcon.colcon_core.package_identification:_identify(src/svea_charging2/src/third_party/PythonRobotics/docs/modules/5_path_planning/hybridastar) by extension 'cmake'
[0.544s] Level 1:colcon.colcon_core.package_identification:_identify(src/svea_charging2/src/third_party/PythonRobotics/docs/modules/5_path_planning/hybridastar) by extension 'python'
[0.544s] Level 1:colcon.colcon_core.package_identification:_identify(src/svea_charging2/src/third_party/PythonRobotics/docs/modules/5_path_planning/hybridastar) by extensions ['python_setup_py']
[0.544s] Level 1:colcon.colcon_core.package_identification:_identify(src/svea_charging2/src/third_party/PythonRobotics/docs/modules/5_path_planning/hybridastar) by extension 'python_setup_py'
[0.544s] Level 1:colcon.colcon_core.package_identification:_identify(src/svea_charging2/src/third_party/PythonRobotics/docs/modules/5_path_planning/lqr_path) by extensions ['ignore', 'ignore_ament_install']
[0.544s] Level 1:colcon.colcon_core.package_identification:_identify(src/svea_charging2/src/third_party/PythonRobotics/docs/modules/5_path_planning/lqr_path) by extension 'ignore'
[0.544s] Level 1:colcon.colcon_core.package_identification:_identify(src/svea_charging2/src/third_party/PythonRobotics/docs/modules/5_path_planning/lqr_path) by extension 'ignore_ament_install'
[0.544s] Level 1:colcon.colcon_core.package_identification:_identify(src/svea_charging2/src/third_party/PythonRobotics/docs/modules/5_path_planning/lqr_path) by extensions ['colcon_pkg']
[0.544s] Level 1:colcon.colcon_core.package_identification:_identify(src/svea_charging2/src/third_party/PythonRobotics/docs/modules/5_path_planning/lqr_path) by extension 'colcon_pkg'
[0.545s] Level 1:colcon.colcon_core.package_identification:_identify(src/svea_charging2/src/third_party/PythonRobotics/docs/modules/5_path_planning/lqr_path) by extensions ['colcon_meta']
[0.545s] Level 1:colcon.colcon_core.package_identification:_identify(src/svea_charging2/src/third_party/PythonRobotics/docs/modules/5_path_planning/lqr_path) by extension 'colcon_meta'
[0.545s] Level 1:colcon.colcon_core.package_identification:_identify(src/svea_charging2/src/third_party/PythonRobotics/docs/modules/5_path_planning/lqr_path) by extensions ['ros']
[0.545s] Level 1:colcon.colcon_core.package_identification:_identify(src/svea_charging2/src/third_party/PythonRobotics/docs/modules/5_path_planning/lqr_path) by extension 'ros'
[0.545s] Level 1:colcon.colcon_core.package_identification:_identify(src/svea_charging2/src/third_party/PythonRobotics/docs/modules/5_path_planning/lqr_path) by extensions ['cmake', 'python']
[0.545s] Level 1:colcon.colcon_core.package_identification:_identify(src/svea_charging2/src/third_party/PythonRobotics/docs/modules/5_path_planning/lqr_path) by extension 'cmake'
[0.545s] Level 1:colcon.colcon_core.package_identification:_identify(src/svea_charging2/src/third_party/PythonRobotics/docs/modules/5_path_planning/lqr_path) by extension 'python'
[0.545s] Level 1:colcon.colcon_core.package_identification:_identify(src/svea_charging2/src/third_party/PythonRobotics/docs/modules/5_path_planning/lqr_path) by extensions ['python_setup_py']
[0.545s] Level 1:colcon.colcon_core.package_identification:_identify(src/svea_charging2/src/third_party/PythonRobotics/docs/modules/5_path_planning/lqr_path) by extension 'python_setup_py'
[0.545s] Level 1:colcon.colcon_core.package_identification:_identify(src/svea_charging2/src/third_party/PythonRobotics/docs/modules/5_path_planning/model_predictive_trajectory_generator) by extensions ['ignore', 'ignore_ament_install']
[0.545s] Level 1:colcon.colcon_core.package_identification:_identify(src/svea_charging2/src/third_party/PythonRobotics/docs/modules/5_path_planning/model_predictive_trajectory_generator) by extension 'ignore'
[0.545s] Level 1:colcon.colcon_core.package_identification:_identify(src/svea_charging2/src/third_party/PythonRobotics/docs/modules/5_path_planning/model_predictive_trajectory_generator) by extension 'ignore_ament_install'
[0.546s] Level 1:colcon.colcon_core.package_identification:_identify(src/svea_charging2/src/third_party/PythonRobotics/docs/modules/5_path_planning/model_predictive_trajectory_generator) by extensions ['colcon_pkg']
[0.546s] Level 1:colcon.colcon_core.package_identification:_identify(src/svea_charging2/src/third_party/PythonRobotics/docs/modules/5_path_planning/model_predictive_trajectory_generator) by extension 'colcon_pkg'
[0.546s] Level 1:colcon.colcon_core.package_identification:_identify(src/svea_charging2/src/third_party/PythonRobotics/docs/modules/5_path_planning/model_predictive_trajectory_generator) by extensions ['colcon_meta']
[0.546s] Level 1:colcon.colcon_core.package_identification:_identify(src/svea_charging2/src/third_party/PythonRobotics/docs/modules/5_path_planning/model_predictive_trajectory_generator) by extension 'colcon_meta'
[0.546s] Level 1:colcon.colcon_core.package_identification:_identify(src/svea_charging2/src/third_party/PythonRobotics/docs/modules/5_path_planning/model_predictive_trajectory_generator) by extensions ['ros']
[0.546s] Level 1:colcon.colcon_core.package_identification:_identify(src/svea_charging2/src/third_party/PythonRobotics/docs/modules/5_path_planning/model_predictive_trajectory_generator) by extension 'ros'
[0.546s] Level 1:colcon.colcon_core.package_identification:_identify(src/svea_charging2/src/third_party/PythonRobotics/docs/modules/5_path_planning/model_predictive_trajectory_generator) by extensions ['cmake', 'python']
[0.546s] Level 1:colcon.colcon_core.package_identification:_identify(src/svea_charging2/src/third_party/PythonRobotics/docs/modules/5_path_planning/model_predictive_trajectory_generator) by extension 'cmake'
[0.546s] Level 1:colcon.colcon_core.package_identification:_identify(src/svea_charging2/src/third_party/PythonRobotics/docs/modules/5_path_planning/model_predictive_trajectory_generator) by extension 'python'
[0.546s] Level 1:colcon.colcon_core.package_identification:_identify(src/svea_charging2/src/third_party/PythonRobotics/docs/modules/5_path_planning/model_predictive_trajectory_generator) by extensions ['python_setup_py']
[0.546s] Level 1:colcon.colcon_core.package_identification:_identify(src/svea_charging2/src/third_party/PythonRobotics/docs/modules/5_path_planning/model_predictive_trajectory_generator) by extension 'python_setup_py'
[0.546s] Level 1:colcon.colcon_core.package_identification:_identify(src/svea_charging2/src/third_party/PythonRobotics/docs/modules/5_path_planning/particleSwarmOptimization) by extensions ['ignore', 'ignore_ament_install']
[0.546s] Level 1:colcon.colcon_core.package_identification:_identify(src/svea_charging2/src/third_party/PythonRobotics/docs/modules/5_path_planning/particleSwarmOptimization) by extension 'ignore'
[0.546s] Level 1:colcon.colcon_core.package_identification:_identify(src/svea_charging2/src/third_party/PythonRobotics/docs/modules/5_path_planning/particleSwarmOptimization) by extension 'ignore_ament_install'
[0.547s] Level 1:colcon.colcon_core.package_identification:_identify(src/svea_charging2/src/third_party/PythonRobotics/docs/modules/5_path_planning/particleSwarmOptimization) by extensions ['colcon_pkg']
[0.547s] Level 1:colcon.colcon_core.package_identification:_identify(src/svea_charging2/src/third_party/PythonRobotics/docs/modules/5_path_planning/particleSwarmOptimization) by extension 'colcon_pkg'
[0.547s] Level 1:colcon.colcon_core.package_identification:_identify(src/svea_charging2/src/third_party/PythonRobotics/docs/modules/5_path_planning/particleSwarmOptimization) by extensions ['colcon_meta']
[0.547s] Level 1:colcon.colcon_core.package_identification:_identify(src/svea_charging2/src/third_party/PythonRobotics/docs/modules/5_path_planning/particleSwarmOptimization) by extension 'colcon_meta'
[0.547s] Level 1:colcon.colcon_core.package_identification:_identify(src/svea_charging2/src/third_party/PythonRobotics/docs/modules/5_path_planning/particleSwarmOptimization) by extensions ['ros']
[0.547s] Level 1:colcon.colcon_core.package_identification:_identify(src/svea_charging2/src/third_party/PythonRobotics/docs/modules/5_path_planning/particleSwarmOptimization) by extension 'ros'
[0.547s] Level 1:colcon.colcon_core.package_identification:_identify(src/svea_charging2/src/third_party/PythonRobotics/docs/modules/5_path_planning/particleSwarmOptimization) by extensions ['cmake', 'python']
[0.547s] Level 1:colcon.colcon_core.package_identification:_identify(src/svea_charging2/src/third_party/PythonRobotics/docs/modules/5_path_planning/particleSwarmOptimization) by extension 'cmake'
[0.547s] Level 1:colcon.colcon_core.package_identification:_identify(src/svea_charging2/src/third_party/PythonRobotics/docs/modules/5_path_planning/particleSwarmOptimization) by extension 'python'
[0.547s] Level 1:colcon.colcon_core.package_identification:_identify(src/svea_charging2/src/third_party/PythonRobotics/docs/modules/5_path_planning/particleSwarmOptimization) by extensions ['python_setup_py']
[0.547s] Level 1:colcon.colcon_core.package_identification:_identify(src/svea_charging2/src/third_party/PythonRobotics/docs/modules/5_path_planning/particleSwarmOptimization) by extension 'python_setup_py'
[0.547s] Level 1:colcon.colcon_core.package_identification:_identify(src/svea_charging2/src/third_party/PythonRobotics/docs/modules/5_path_planning/prm_planner) by extensions ['ignore', 'ignore_ament_install']
[0.547s] Level 1:colcon.colcon_core.package_identification:_identify(src/svea_charging2/src/third_party/PythonRobotics/docs/modules/5_path_planning/prm_planner) by extension 'ignore'
[0.548s] Level 1:colcon.colcon_core.package_identification:_identify(src/svea_charging2/src/third_party/PythonRobotics/docs/modules/5_path_planning/prm_planner) by extension 'ignore_ament_install'
[0.548s] Level 1:colcon.colcon_core.package_identification:_identify(src/svea_charging2/src/third_party/PythonRobotics/docs/modules/5_path_planning/prm_planner) by extensions ['colcon_pkg']
[0.548s] Level 1:colcon.colcon_core.package_identification:_identify(src/svea_charging2/src/third_party/PythonRobotics/docs/modules/5_path_planning/prm_planner) by extension 'colcon_pkg'
[0.548s] Level 1:colcon.colcon_core.package_identification:_identify(src/svea_charging2/src/third_party/PythonRobotics/docs/modules/5_path_planning/prm_planner) by extensions ['colcon_meta']
[0.548s] Level 1:colcon.colcon_core.package_identification:_identify(src/svea_charging2/src/third_party/PythonRobotics/docs/modules/5_path_planning/prm_planner) by extension 'colcon_meta'
[0.548s] Level 1:colcon.colcon_core.package_identification:_identify(src/svea_charging2/src/third_party/PythonRobotics/docs/modules/5_path_planning/prm_planner) by extensions ['ros']
[0.548s] Level 1:colcon.colcon_core.package_identification:_identify(src/svea_charging2/src/third_party/PythonRobotics/docs/modules/5_path_planning/prm_planner) by extension 'ros'
[0.548s] Level 1:colcon.colcon_core.package_identification:_identify(src/svea_charging2/src/third_party/PythonRobotics/docs/modules/5_path_planning/prm_planner) by extensions ['cmake', 'python']
[0.548s] Level 1:colcon.colcon_core.package_identification:_identify(src/svea_charging2/src/third_party/PythonRobotics/docs/modules/5_path_planning/prm_planner) by extension 'cmake'
[0.548s] Level 1:colcon.colcon_core.package_identification:_identify(src/svea_charging2/src/third_party/PythonRobotics/docs/modules/5_path_planning/prm_planner) by extension 'python'
[0.548s] Level 1:colcon.colcon_core.package_identification:_identify(src/svea_charging2/src/third_party/PythonRobotics/docs/modules/5_path_planning/prm_planner) by extensions ['python_setup_py']
[0.548s] Level 1:colcon.colcon_core.package_identification:_identify(src/svea_charging2/src/third_party/PythonRobotics/docs/modules/5_path_planning/prm_planner) by extension 'python_setup_py'
[0.548s] Level 1:colcon.colcon_core.package_identification:_identify(src/svea_charging2/src/third_party/PythonRobotics/docs/modules/5_path_planning/quintic_polynomials_planner) by extensions ['ignore', 'ignore_ament_install']
[0.548s] Level 1:colcon.colcon_core.package_identification:_identify(src/svea_charging2/src/third_party/PythonRobotics/docs/modules/5_path_planning/quintic_polynomials_planner) by extension 'ignore'
[0.549s] Level 1:colcon.colcon_core.package_identification:_identify(src/svea_charging2/src/third_party/PythonRobotics/docs/modules/5_path_planning/quintic_polynomials_planner) by extension 'ignore_ament_install'
[0.549s] Level 1:colcon.colcon_core.package_identification:_identify(src/svea_charging2/src/third_party/PythonRobotics/docs/modules/5_path_planning/quintic_polynomials_planner) by extensions ['colcon_pkg']
[0.549s] Level 1:colcon.colcon_core.package_identification:_identify(src/svea_charging2/src/third_party/PythonRobotics/docs/modules/5_path_planning/quintic_polynomials_planner) by extension 'colcon_pkg'
[0.549s] Level 1:colcon.colcon_core.package_identification:_identify(src/svea_charging2/src/third_party/PythonRobotics/docs/modules/5_path_planning/quintic_polynomials_planner) by extensions ['colcon_meta']
[0.549s] Level 1:colcon.colcon_core.package_identification:_identify(src/svea_charging2/src/third_party/PythonRobotics/docs/modules/5_path_planning/quintic_polynomials_planner) by extension 'colcon_meta'
[0.549s] Level 1:colcon.colcon_core.package_identification:_identify(src/svea_charging2/src/third_party/PythonRobotics/docs/modules/5_path_planning/quintic_polynomials_planner) by extensions ['ros']
[0.549s] Level 1:colcon.colcon_core.package_identification:_identify(src/svea_charging2/src/third_party/PythonRobotics/docs/modules/5_path_planning/quintic_polynomials_planner) by extension 'ros'
[0.549s] Level 1:colcon.colcon_core.package_identification:_identify(src/svea_charging2/src/third_party/PythonRobotics/docs/modules/5_path_planning/quintic_polynomials_planner) by extensions ['cmake', 'python']
[0.549s] Level 1:colcon.colcon_core.package_identification:_identify(src/svea_charging2/src/third_party/PythonRobotics/docs/modules/5_path_planning/quintic_polynomials_planner) by extension 'cmake'
[0.549s] Level 1:colcon.colcon_core.package_identification:_identify(src/svea_charging2/src/third_party/PythonRobotics/docs/modules/5_path_planning/quintic_polynomials_planner) by extension 'python'
[0.549s] Level 1:colcon.colcon_core.package_identification:_identify(src/svea_charging2/src/third_party/PythonRobotics/docs/modules/5_path_planning/quintic_polynomials_planner) by extensions ['python_setup_py']
[0.549s] Level 1:colcon.colcon_core.package_identification:_identify(src/svea_charging2/src/third_party/PythonRobotics/docs/modules/5_path_planning/quintic_polynomials_planner) by extension 'python_setup_py'
[0.549s] Level 1:colcon.colcon_core.package_identification:_identify(src/svea_charging2/src/third_party/PythonRobotics/docs/modules/5_path_planning/reeds_shepp_path) by extensions ['ignore', 'ignore_ament_install']
[0.550s] Level 1:colcon.colcon_core.package_identification:_identify(src/svea_charging2/src/third_party/PythonRobotics/docs/modules/5_path_planning/reeds_shepp_path) by extension 'ignore'
[0.550s] Level 1:colcon.colcon_core.package_identification:_identify(src/svea_charging2/src/third_party/PythonRobotics/docs/modules/5_path_planning/reeds_shepp_path) by extension 'ignore_ament_install'
[0.550s] Level 1:colcon.colcon_core.package_identification:_identify(src/svea_charging2/src/third_party/PythonRobotics/docs/modules/5_path_planning/reeds_shepp_path) by extensions ['colcon_pkg']
[0.550s] Level 1:colcon.colcon_core.package_identification:_identify(src/svea_charging2/src/third_party/PythonRobotics/docs/modules/5_path_planning/reeds_shepp_path) by extension 'colcon_pkg'
[0.550s] Level 1:colcon.colcon_core.package_identification:_identify(src/svea_charging2/src/third_party/PythonRobotics/docs/modules/5_path_planning/reeds_shepp_path) by extensions ['colcon_meta']
[0.550s] Level 1:colcon.colcon_core.package_identification:_identify(src/svea_charging2/src/third_party/PythonRobotics/docs/modules/5_path_planning/reeds_shepp_path) by extension 'colcon_meta'
[0.550s] Level 1:colcon.colcon_core.package_identification:_identify(src/svea_charging2/src/third_party/PythonRobotics/docs/modules/5_path_planning/reeds_shepp_path) by extensions ['ros']
[0.550s] Level 1:colcon.colcon_core.package_identification:_identify(src/svea_charging2/src/third_party/PythonRobotics/docs/modules/5_path_planning/reeds_shepp_path) by extension 'ros'
[0.550s] Level 1:colcon.colcon_core.package_identification:_identify(src/svea_charging2/src/third_party/PythonRobotics/docs/modules/5_path_planning/reeds_shepp_path) by extensions ['cmake', 'python']
[0.550s] Level 1:colcon.colcon_core.package_identification:_identify(src/svea_charging2/src/third_party/PythonRobotics/docs/modules/5_path_planning/reeds_shepp_path) by extension 'cmake'
[0.550s] Level 1:colcon.colcon_core.package_identification:_identify(src/svea_charging2/src/third_party/PythonRobotics/docs/modules/5_path_planning/reeds_shepp_path) by extension 'python'
[0.550s] Level 1:colcon.colcon_core.package_identification:_identify(src/svea_charging2/src/third_party/PythonRobotics/docs/modules/5_path_planning/reeds_shepp_path) by extensions ['python_setup_py']
[0.550s] Level 1:colcon.colcon_core.package_identification:_identify(src/svea_charging2/src/third_party/PythonRobotics/docs/modules/5_path_planning/reeds_shepp_path) by extension 'python_setup_py'
[0.551s] Level 1:colcon.colcon_core.package_identification:_identify(src/svea_charging2/src/third_party/PythonRobotics/docs/modules/5_path_planning/rrt) by extensions ['ignore', 'ignore_ament_install']
[0.551s] Level 1:colcon.colcon_core.package_identification:_identify(src/svea_charging2/src/third_party/PythonRobotics/docs/modules/5_path_planning/rrt) by extension 'ignore'
[0.551s] Level 1:colcon.colcon_core.package_identification:_identify(src/svea_charging2/src/third_party/PythonRobotics/docs/modules/5_path_planning/rrt) by extension 'ignore_ament_install'
[0.551s] Level 1:colcon.colcon_core.package_identification:_identify(src/svea_charging2/src/third_party/PythonRobotics/docs/modules/5_path_planning/rrt) by extensions ['colcon_pkg']
[0.551s] Level 1:colcon.colcon_core.package_identification:_identify(src/svea_charging2/src/third_party/PythonRobotics/docs/modules/5_path_planning/rrt) by extension 'colcon_pkg'
[0.551s] Level 1:colcon.colcon_core.package_identification:_identify(src/svea_charging2/src/third_party/PythonRobotics/docs/modules/5_path_planning/rrt) by extensions ['colcon_meta']
[0.551s] Level 1:colcon.colcon_core.package_identification:_identify(src/svea_charging2/src/third_party/PythonRobotics/docs/modules/5_path_planning/rrt) by extension 'colcon_meta'
[0.551s] Level 1:colcon.colcon_core.package_identification:_identify(src/svea_charging2/src/third_party/PythonRobotics/docs/modules/5_path_planning/rrt) by extensions ['ros']
[0.551s] Level 1:colcon.colcon_core.package_identification:_identify(src/svea_charging2/src/third_party/PythonRobotics/docs/modules/5_path_planning/rrt) by extension 'ros'
[0.551s] Level 1:colcon.colcon_core.package_identification:_identify(src/svea_charging2/src/third_party/PythonRobotics/docs/modules/5_path_planning/rrt) by extensions ['cmake', 'python']
[0.551s] Level 1:colcon.colcon_core.package_identification:_identify(src/svea_charging2/src/third_party/PythonRobotics/docs/modules/5_path_planning/rrt) by extension 'cmake'
[0.551s] Level 1:colcon.colcon_core.package_identification:_identify(src/svea_charging2/src/third_party/PythonRobotics/docs/modules/5_path_planning/rrt) by extension 'python'
[0.551s] Level 1:colcon.colcon_core.package_identification:_identify(src/svea_charging2/src/third_party/PythonRobotics/docs/modules/5_path_planning/rrt) by extensions ['python_setup_py']
[0.552s] Level 1:colcon.colcon_core.package_identification:_identify(src/svea_charging2/src/third_party/PythonRobotics/docs/modules/5_path_planning/rrt) by extension 'python_setup_py'
[0.552s] Level 1:colcon.colcon_core.package_identification:_identify(src/svea_charging2/src/third_party/PythonRobotics/docs/modules/5_path_planning/rrt/closed_loop_rrt_star_car) by extensions ['ignore', 'ignore_ament_install']
[0.552s] Level 1:colcon.colcon_core.package_identification:_identify(src/svea_charging2/src/third_party/PythonRobotics/docs/modules/5_path_planning/rrt/closed_loop_rrt_star_car) by extension 'ignore'
[0.552s] Level 1:colcon.colcon_core.package_identification:_identify(src/svea_charging2/src/third_party/PythonRobotics/docs/modules/5_path_planning/rrt/closed_loop_rrt_star_car) by extension 'ignore_ament_install'
[0.552s] Level 1:colcon.colcon_core.package_identification:_identify(src/svea_charging2/src/third_party/PythonRobotics/docs/modules/5_path_planning/rrt/closed_loop_rrt_star_car) by extensions ['colcon_pkg']
[0.552s] Level 1:colcon.colcon_core.package_identification:_identify(src/svea_charging2/src/third_party/PythonRobotics/docs/modules/5_path_planning/rrt/closed_loop_rrt_star_car) by extension 'colcon_pkg'
[0.552s] Level 1:colcon.colcon_core.package_identification:_identify(src/svea_charging2/src/third_party/PythonRobotics/docs/modules/5_path_planning/rrt/closed_loop_rrt_star_car) by extensions ['colcon_meta']
[0.552s] Level 1:colcon.colcon_core.package_identification:_identify(src/svea_charging2/src/third_party/PythonRobotics/docs/modules/5_path_planning/rrt/closed_loop_rrt_star_car) by extension 'colcon_meta'
[0.552s] Level 1:colcon.colcon_core.package_identification:_identify(src/svea_charging2/src/third_party/PythonRobotics/docs/modules/5_path_planning/rrt/closed_loop_rrt_star_car) by extensions ['ros']
[0.552s] Level 1:colcon.colcon_core.package_identification:_identify(src/svea_charging2/src/third_party/PythonRobotics/docs/modules/5_path_planning/rrt/closed_loop_rrt_star_car) by extension 'ros'
[0.552s] Level 1:colcon.colcon_core.package_identification:_identify(src/svea_charging2/src/third_party/PythonRobotics/docs/modules/5_path_planning/rrt/closed_loop_rrt_star_car) by extensions ['cmake', 'python']
[0.552s] Level 1:colcon.colcon_core.package_identification:_identify(src/svea_charging2/src/third_party/PythonRobotics/docs/modules/5_path_planning/rrt/closed_loop_rrt_star_car) by extension 'cmake'
[0.552s] Level 1:colcon.colcon_core.package_identification:_identify(src/svea_charging2/src/third_party/PythonRobotics/docs/modules/5_path_planning/rrt/closed_loop_rrt_star_car) by extension 'python'
[0.553s] Level 1:colcon.colcon_core.package_identification:_identify(src/svea_charging2/src/third_party/PythonRobotics/docs/modules/5_path_planning/rrt/closed_loop_rrt_star_car) by extensions ['python_setup_py']
[0.553s] Level 1:colcon.colcon_core.package_identification:_identify(src/svea_charging2/src/third_party/PythonRobotics/docs/modules/5_path_planning/rrt/closed_loop_rrt_star_car) by extension 'python_setup_py'
[0.553s] Level 1:colcon.colcon_core.package_identification:_identify(src/svea_charging2/src/third_party/PythonRobotics/docs/modules/5_path_planning/rrt/rrt_star) by extensions ['ignore', 'ignore_ament_install']
[0.553s] Level 1:colcon.colcon_core.package_identification:_identify(src/svea_charging2/src/third_party/PythonRobotics/docs/modules/5_path_planning/rrt/rrt_star) by extension 'ignore'
[0.553s] Level 1:colcon.colcon_core.package_identification:_identify(src/svea_charging2/src/third_party/PythonRobotics/docs/modules/5_path_planning/rrt/rrt_star) by extension 'ignore_ament_install'
[0.553s] Level 1:colcon.colcon_core.package_identification:_identify(src/svea_charging2/src/third_party/PythonRobotics/docs/modules/5_path_planning/rrt/rrt_star) by extensions ['colcon_pkg']
[0.553s] Level 1:colcon.colcon_core.package_identification:_identify(src/svea_charging2/src/third_party/PythonRobotics/docs/modules/5_path_planning/rrt/rrt_star) by extension 'colcon_pkg'
[0.553s] Level 1:colcon.colcon_core.package_identification:_identify(src/svea_charging2/src/third_party/PythonRobotics/docs/modules/5_path_planning/rrt/rrt_star) by extensions ['colcon_meta']
[0.553s] Level 1:colcon.colcon_core.package_identification:_identify(src/svea_charging2/src/third_party/PythonRobotics/docs/modules/5_path_planning/rrt/rrt_star) by extension 'colcon_meta'
[0.553s] Level 1:colcon.colcon_core.package_identification:_identify(src/svea_charging2/src/third_party/PythonRobotics/docs/modules/5_path_planning/rrt/rrt_star) by extensions ['ros']
[0.553s] Level 1:colcon.colcon_core.package_identification:_identify(src/svea_charging2/src/third_party/PythonRobotics/docs/modules/5_path_planning/rrt/rrt_star) by extension 'ros'
[0.553s] Level 1:colcon.colcon_core.package_identification:_identify(src/svea_charging2/src/third_party/PythonRobotics/docs/modules/5_path_planning/rrt/rrt_star) by extensions ['cmake', 'python']
[0.554s] Level 1:colcon.colcon_core.package_identification:_identify(src/svea_charging2/src/third_party/PythonRobotics/docs/modules/5_path_planning/rrt/rrt_star) by extension 'cmake'
[0.554s] Level 1:colcon.colcon_core.package_identification:_identify(src/svea_charging2/src/third_party/PythonRobotics/docs/modules/5_path_planning/rrt/rrt_star) by extension 'python'
[0.554s] Level 1:colcon.colcon_core.package_identification:_identify(src/svea_charging2/src/third_party/PythonRobotics/docs/modules/5_path_planning/rrt/rrt_star) by extensions ['python_setup_py']
[0.554s] Level 1:colcon.colcon_core.package_identification:_identify(src/svea_charging2/src/third_party/PythonRobotics/docs/modules/5_path_planning/rrt/rrt_star) by extension 'python_setup_py'
[0.554s] Level 1:colcon.colcon_core.package_identification:_identify(src/svea_charging2/src/third_party/PythonRobotics/docs/modules/5_path_planning/rrt/rrt_star_reeds_shepp) by extensions ['ignore', 'ignore_ament_install']
[0.554s] Level 1:colcon.colcon_core.package_identification:_identify(src/svea_charging2/src/third_party/PythonRobotics/docs/modules/5_path_planning/rrt/rrt_star_reeds_shepp) by extension 'ignore'
[0.554s] Level 1:colcon.colcon_core.package_identification:_identify(src/svea_charging2/src/third_party/PythonRobotics/docs/modules/5_path_planning/rrt/rrt_star_reeds_shepp) by extension 'ignore_ament_install'
[0.554s] Level 1:colcon.colcon_core.package_identification:_identify(src/svea_charging2/src/third_party/PythonRobotics/docs/modules/5_path_planning/rrt/rrt_star_reeds_shepp) by extensions ['colcon_pkg']
[0.554s] Level 1:colcon.colcon_core.package_identification:_identify(src/svea_charging2/src/third_party/PythonRobotics/docs/modules/5_path_planning/rrt/rrt_star_reeds_shepp) by extension 'colcon_pkg'
[0.554s] Level 1:colcon.colcon_core.package_identification:_identify(src/svea_charging2/src/third_party/PythonRobotics/docs/modules/5_path_planning/rrt/rrt_star_reeds_shepp) by extensions ['colcon_meta']
[0.554s] Level 1:colcon.colcon_core.package_identification:_identify(src/svea_charging2/src/third_party/PythonRobotics/docs/modules/5_path_planning/rrt/rrt_star_reeds_shepp) by extension 'colcon_meta'
[0.554s] Level 1:colcon.colcon_core.package_identification:_identify(src/svea_charging2/src/third_party/PythonRobotics/docs/modules/5_path_planning/rrt/rrt_star_reeds_shepp) by extensions ['ros']
[0.554s] Level 1:colcon.colcon_core.package_identification:_identify(src/svea_charging2/src/third_party/PythonRobotics/docs/modules/5_path_planning/rrt/rrt_star_reeds_shepp) by extension 'ros'
[0.555s] Level 1:colcon.colcon_core.package_identification:_identify(src/svea_charging2/src/third_party/PythonRobotics/docs/modules/5_path_planning/rrt/rrt_star_reeds_shepp) by extensions ['cmake', 'python']
[0.555s] Level 1:colcon.colcon_core.package_identification:_identify(src/svea_charging2/src/third_party/PythonRobotics/docs/modules/5_path_planning/rrt/rrt_star_reeds_shepp) by extension 'cmake'
[0.555s] Level 1:colcon.colcon_core.package_identification:_identify(src/svea_charging2/src/third_party/PythonRobotics/docs/modules/5_path_planning/rrt/rrt_star_reeds_shepp) by extension 'python'
[0.555s] Level 1:colcon.colcon_core.package_identification:_identify(src/svea_charging2/src/third_party/PythonRobotics/docs/modules/5_path_planning/rrt/rrt_star_reeds_shepp) by extensions ['python_setup_py']
[0.555s] Level 1:colcon.colcon_core.package_identification:_identify(src/svea_charging2/src/third_party/PythonRobotics/docs/modules/5_path_planning/rrt/rrt_star_reeds_shepp) by extension 'python_setup_py'
[0.555s] Level 1:colcon.colcon_core.package_identification:_identify(src/svea_charging2/src/third_party/PythonRobotics/docs/modules/5_path_planning/state_lattice_planner) by extensions ['ignore', 'ignore_ament_install']
[0.555s] Level 1:colcon.colcon_core.package_identification:_identify(src/svea_charging2/src/third_party/PythonRobotics/docs/modules/5_path_planning/state_lattice_planner) by extension 'ignore'
[0.555s] Level 1:colcon.colcon_core.package_identification:_identify(src/svea_charging2/src/third_party/PythonRobotics/docs/modules/5_path_planning/state_lattice_planner) by extension 'ignore_ament_install'
[0.555s] Level 1:colcon.colcon_core.package_identification:_identify(src/svea_charging2/src/third_party/PythonRobotics/docs/modules/5_path_planning/state_lattice_planner) by extensions ['colcon_pkg']
[0.555s] Level 1:colcon.colcon_core.package_identification:_identify(src/svea_charging2/src/third_party/PythonRobotics/docs/modules/5_path_planning/state_lattice_planner) by extension 'colcon_pkg'
[0.555s] Level 1:colcon.colcon_core.package_identification:_identify(src/svea_charging2/src/third_party/PythonRobotics/docs/modules/5_path_planning/state_lattice_planner) by extensions ['colcon_meta']
[0.555s] Level 1:colcon.colcon_core.package_identification:_identify(src/svea_charging2/src/third_party/PythonRobotics/docs/modules/5_path_planning/state_lattice_planner) by extension 'colcon_meta'
[0.555s] Level 1:colcon.colcon_core.package_identification:_identify(src/svea_charging2/src/third_party/PythonRobotics/docs/modules/5_path_planning/state_lattice_planner) by extensions ['ros']
[0.555s] Level 1:colcon.colcon_core.package_identification:_identify(src/svea_charging2/src/third_party/PythonRobotics/docs/modules/5_path_planning/state_lattice_planner) by extension 'ros'
[0.556s] Level 1:colcon.colcon_core.package_identification:_identify(src/svea_charging2/src/third_party/PythonRobotics/docs/modules/5_path_planning/state_lattice_planner) by extensions ['cmake', 'python']
[0.556s] Level 1:colcon.colcon_core.package_identification:_identify(src/svea_charging2/src/third_party/PythonRobotics/docs/modules/5_path_planning/state_lattice_planner) by extension 'cmake'
[0.556s] Level 1:colcon.colcon_core.package_identification:_identify(src/svea_charging2/src/third_party/PythonRobotics/docs/modules/5_path_planning/state_lattice_planner) by extension 'python'
[0.556s] Level 1:colcon.colcon_core.package_identification:_identify(src/svea_charging2/src/third_party/PythonRobotics/docs/modules/5_path_planning/state_lattice_planner) by extensions ['python_setup_py']
[0.556s] Level 1:colcon.colcon_core.package_identification:_identify(src/svea_charging2/src/third_party/PythonRobotics/docs/modules/5_path_planning/state_lattice_planner) by extension 'python_setup_py'
[0.556s] Level 1:colcon.colcon_core.package_identification:_identify(src/svea_charging2/src/third_party/PythonRobotics/docs/modules/5_path_planning/time_based_grid_search) by extensions ['ignore', 'ignore_ament_install']
[0.556s] Level 1:colcon.colcon_core.package_identification:_identify(src/svea_charging2/src/third_party/PythonRobotics/docs/modules/5_path_planning/time_based_grid_search) by extension 'ignore'
[0.556s] Level 1:colcon.colcon_core.package_identification:_identify(src/svea_charging2/src/third_party/PythonRobotics/docs/modules/5_path_planning/time_based_grid_search) by extension 'ignore_ament_install'
[0.556s] Level 1:colcon.colcon_core.package_identification:_identify(src/svea_charging2/src/third_party/PythonRobotics/docs/modules/5_path_planning/time_based_grid_search) by extensions ['colcon_pkg']
[0.556s] Level 1:colcon.colcon_core.package_identification:_identify(src/svea_charging2/src/third_party/PythonRobotics/docs/modules/5_path_planning/time_based_grid_search) by extension 'colcon_pkg'
[0.556s] Level 1:colcon.colcon_core.package_identification:_identify(src/svea_charging2/src/third_party/PythonRobotics/docs/modules/5_path_planning/time_based_grid_search) by extensions ['colcon_meta']
[0.556s] Level 1:colcon.colcon_core.package_identification:_identify(src/svea_charging2/src/third_party/PythonRobotics/docs/modules/5_path_planning/time_based_grid_search) by extension 'colcon_meta'
[0.557s] Level 1:colcon.colcon_core.package_identification:_identify(src/svea_charging2/src/third_party/PythonRobotics/docs/modules/5_path_planning/time_based_grid_search) by extensions ['ros']
[0.557s] Level 1:colcon.colcon_core.package_identification:_identify(src/svea_charging2/src/third_party/PythonRobotics/docs/modules/5_path_planning/time_based_grid_search) by extension 'ros'
[0.557s] Level 1:colcon.colcon_core.package_identification:_identify(src/svea_charging2/src/third_party/PythonRobotics/docs/modules/5_path_planning/time_based_grid_search) by extensions ['cmake', 'python']
[0.557s] Level 1:colcon.colcon_core.package_identification:_identify(src/svea_charging2/src/third_party/PythonRobotics/docs/modules/5_path_planning/time_based_grid_search) by extension 'cmake'
[0.557s] Level 1:colcon.colcon_core.package_identification:_identify(src/svea_charging2/src/third_party/PythonRobotics/docs/modules/5_path_planning/time_based_grid_search) by extension 'python'
[0.557s] Level 1:colcon.colcon_core.package_identification:_identify(src/svea_charging2/src/third_party/PythonRobotics/docs/modules/5_path_planning/time_based_grid_search) by extensions ['python_setup_py']
[0.557s] Level 1:colcon.colcon_core.package_identification:_identify(src/svea_charging2/src/third_party/PythonRobotics/docs/modules/5_path_planning/time_based_grid_search) by extension 'python_setup_py'
[0.557s] Level 1:colcon.colcon_core.package_identification:_identify(src/svea_charging2/src/third_party/PythonRobotics/docs/modules/5_path_planning/visibility_road_map_planner) by extensions ['ignore', 'ignore_ament_install']
[0.557s] Level 1:colcon.colcon_core.package_identification:_identify(src/svea_charging2/src/third_party/PythonRobotics/docs/modules/5_path_planning/visibility_road_map_planner) by extension 'ignore'
[0.557s] Level 1:colcon.colcon_core.package_identification:_identify(src/svea_charging2/src/third_party/PythonRobotics/docs/modules/5_path_planning/visibility_road_map_planner) by extension 'ignore_ament_install'
[0.557s] Level 1:colcon.colcon_core.package_identification:_identify(src/svea_charging2/src/third_party/PythonRobotics/docs/modules/5_path_planning/visibility_road_map_planner) by extensions ['colcon_pkg']
[0.557s] Level 1:colcon.colcon_core.package_identification:_identify(src/svea_charging2/src/third_party/PythonRobotics/docs/modules/5_path_planning/visibility_road_map_planner) by extension 'colcon_pkg'
[0.557s] Level 1:colcon.colcon_core.package_identification:_identify(src/svea_charging2/src/third_party/PythonRobotics/docs/modules/5_path_planning/visibility_road_map_planner) by extensions ['colcon_meta']
[0.558s] Level 1:colcon.colcon_core.package_identification:_identify(src/svea_charging2/src/third_party/PythonRobotics/docs/modules/5_path_planning/visibility_road_map_planner) by extension 'colcon_meta'
[0.558s] Level 1:colcon.colcon_core.package_identification:_identify(src/svea_charging2/src/third_party/PythonRobotics/docs/modules/5_path_planning/visibility_road_map_planner) by extensions ['ros']
[0.558s] Level 1:colcon.colcon_core.package_identification:_identify(src/svea_charging2/src/third_party/PythonRobotics/docs/modules/5_path_planning/visibility_road_map_planner) by extension 'ros'
[0.558s] Level 1:colcon.colcon_core.package_identification:_identify(src/svea_charging2/src/third_party/PythonRobotics/docs/modules/5_path_planning/visibility_road_map_planner) by extensions ['cmake', 'python']
[0.558s] Level 1:colcon.colcon_core.package_identification:_identify(src/svea_charging2/src/third_party/PythonRobotics/docs/modules/5_path_planning/visibility_road_map_planner) by extension 'cmake'
[0.558s] Level 1:colcon.colcon_core.package_identification:_identify(src/svea_charging2/src/third_party/PythonRobotics/docs/modules/5_path_planning/visibility_road_map_planner) by extension 'python'
[0.558s] Level 1:colcon.colcon_core.package_identification:_identify(src/svea_charging2/src/third_party/PythonRobotics/docs/modules/5_path_planning/visibility_road_map_planner) by extensions ['python_setup_py']
[0.558s] Level 1:colcon.colcon_core.package_identification:_identify(src/svea_charging2/src/third_party/PythonRobotics/docs/modules/5_path_planning/visibility_road_map_planner) by extension 'python_setup_py'
[0.558s] Level 1:colcon.colcon_core.package_identification:_identify(src/svea_charging2/src/third_party/PythonRobotics/docs/modules/5_path_planning/vrm_planner) by extensions ['ignore', 'ignore_ament_install']
[0.558s] Level 1:colcon.colcon_core.package_identification:_identify(src/svea_charging2/src/third_party/PythonRobotics/docs/modules/5_path_planning/vrm_planner) by extension 'ignore'
[0.558s] Level 1:colcon.colcon_core.package_identification:_identify(src/svea_charging2/src/third_party/PythonRobotics/docs/modules/5_path_planning/vrm_planner) by extension 'ignore_ament_install'
[0.558s] Level 1:colcon.colcon_core.package_identification:_identify(src/svea_charging2/src/third_party/PythonRobotics/docs/modules/5_path_planning/vrm_planner) by extensions ['colcon_pkg']
[0.558s] Level 1:colcon.colcon_core.package_identification:_identify(src/svea_charging2/src/third_party/PythonRobotics/docs/modules/5_path_planning/vrm_planner) by extension 'colcon_pkg'
[0.559s] Level 1:colcon.colcon_core.package_identification:_identify(src/svea_charging2/src/third_party/PythonRobotics/docs/modules/5_path_planning/vrm_planner) by extensions ['colcon_meta']
[0.559s] Level 1:colcon.colcon_core.package_identification:_identify(src/svea_charging2/src/third_party/PythonRobotics/docs/modules/5_path_planning/vrm_planner) by extension 'colcon_meta'
[0.559s] Level 1:colcon.colcon_core.package_identification:_identify(src/svea_charging2/src/third_party/PythonRobotics/docs/modules/5_path_planning/vrm_planner) by extensions ['ros']
[0.559s] Level 1:colcon.colcon_core.package_identification:_identify(src/svea_charging2/src/third_party/PythonRobotics/docs/modules/5_path_planning/vrm_planner) by extension 'ros'
[0.559s] Level 1:colcon.colcon_core.package_identification:_identify(src/svea_charging2/src/third_party/PythonRobotics/docs/modules/5_path_planning/vrm_planner) by extensions ['cmake', 'python']
[0.559s] Level 1:colcon.colcon_core.package_identification:_identify(src/svea_charging2/src/third_party/PythonRobotics/docs/modules/5_path_planning/vrm_planner) by extension 'cmake'
[0.559s] Level 1:colcon.colcon_core.package_identification:_identify(src/svea_charging2/src/third_party/PythonRobotics/docs/modules/5_path_planning/vrm_planner) by extension 'python'
[0.559s] Level 1:colcon.colcon_core.package_identification:_identify(src/svea_charging2/src/third_party/PythonRobotics/docs/modules/5_path_planning/vrm_planner) by extensions ['python_setup_py']
[0.559s] Level 1:colcon.colcon_core.package_identification:_identify(src/svea_charging2/src/third_party/PythonRobotics/docs/modules/5_path_planning/vrm_planner) by extension 'python_setup_py'
[0.559s] Level 1:colcon.colcon_core.package_identification:_identify(src/svea_charging2/src/third_party/PythonRobotics/docs/modules/6_path_tracking) by extensions ['ignore', 'ignore_ament_install']
[0.559s] Level 1:colcon.colcon_core.package_identification:_identify(src/svea_charging2/src/third_party/PythonRobotics/docs/modules/6_path_tracking) by extension 'ignore'
[0.559s] Level 1:colcon.colcon_core.package_identification:_identify(src/svea_charging2/src/third_party/PythonRobotics/docs/modules/6_path_tracking) by extension 'ignore_ament_install'
[0.560s] Level 1:colcon.colcon_core.package_identification:_identify(src/svea_charging2/src/third_party/PythonRobotics/docs/modules/6_path_tracking) by extensions ['colcon_pkg']
[0.560s] Level 1:colcon.colcon_core.package_identification:_identify(src/svea_charging2/src/third_party/PythonRobotics/docs/modules/6_path_tracking) by extension 'colcon_pkg'
[0.560s] Level 1:colcon.colcon_core.package_identification:_identify(src/svea_charging2/src/third_party/PythonRobotics/docs/modules/6_path_tracking) by extensions ['colcon_meta']
[0.560s] Level 1:colcon.colcon_core.package_identification:_identify(src/svea_charging2/src/third_party/PythonRobotics/docs/modules/6_path_tracking) by extension 'colcon_meta'
[0.560s] Level 1:colcon.colcon_core.package_identification:_identify(src/svea_charging2/src/third_party/PythonRobotics/docs/modules/6_path_tracking) by extensions ['ros']
[0.560s] Level 1:colcon.colcon_core.package_identification:_identify(src/svea_charging2/src/third_party/PythonRobotics/docs/modules/6_path_tracking) by extension 'ros'
[0.560s] Level 1:colcon.colcon_core.package_identification:_identify(src/svea_charging2/src/third_party/PythonRobotics/docs/modules/6_path_tracking) by extensions ['cmake', 'python']
[0.560s] Level 1:colcon.colcon_core.package_identification:_identify(src/svea_charging2/src/third_party/PythonRobotics/docs/modules/6_path_tracking) by extension 'cmake'
[0.560s] Level 1:colcon.colcon_core.package_identification:_identify(src/svea_charging2/src/third_party/PythonRobotics/docs/modules/6_path_tracking) by extension 'python'
[0.560s] Level 1:colcon.colcon_core.package_identification:_identify(src/svea_charging2/src/third_party/PythonRobotics/docs/modules/6_path_tracking) by extensions ['python_setup_py']
[0.560s] Level 1:colcon.colcon_core.package_identification:_identify(src/svea_charging2/src/third_party/PythonRobotics/docs/modules/6_path_tracking) by extension 'python_setup_py'
[0.560s] Level 1:colcon.colcon_core.package_identification:_identify(src/svea_charging2/src/third_party/PythonRobotics/docs/modules/6_path_tracking/cgmres_nmpc) by extensions ['ignore', 'ignore_ament_install']
[0.560s] Level 1:colcon.colcon_core.package_identification:_identify(src/svea_charging2/src/third_party/PythonRobotics/docs/modules/6_path_tracking/cgmres_nmpc) by extension 'ignore'
[0.560s] Level 1:colcon.colcon_core.package_identification:_identify(src/svea_charging2/src/third_party/PythonRobotics/docs/modules/6_path_tracking/cgmres_nmpc) by extension 'ignore_ament_install'
[0.561s] Level 1:colcon.colcon_core.package_identification:_identify(src/svea_charging2/src/third_party/PythonRobotics/docs/modules/6_path_tracking/cgmres_nmpc) by extensions ['colcon_pkg']
[0.561s] Level 1:colcon.colcon_core.package_identification:_identify(src/svea_charging2/src/third_party/PythonRobotics/docs/modules/6_path_tracking/cgmres_nmpc) by extension 'colcon_pkg'
[0.561s] Level 1:colcon.colcon_core.package_identification:_identify(src/svea_charging2/src/third_party/PythonRobotics/docs/modules/6_path_tracking/cgmres_nmpc) by extensions ['colcon_meta']
[0.561s] Level 1:colcon.colcon_core.package_identification:_identify(src/svea_charging2/src/third_party/PythonRobotics/docs/modules/6_path_tracking/cgmres_nmpc) by extension 'colcon_meta'
[0.561s] Level 1:colcon.colcon_core.package_identification:_identify(src/svea_charging2/src/third_party/PythonRobotics/docs/modules/6_path_tracking/cgmres_nmpc) by extensions ['ros']
[0.561s] Level 1:colcon.colcon_core.package_identification:_identify(src/svea_charging2/src/third_party/PythonRobotics/docs/modules/6_path_tracking/cgmres_nmpc) by extension 'ros'
[0.561s] Level 1:colcon.colcon_core.package_identification:_identify(src/svea_charging2/src/third_party/PythonRobotics/docs/modules/6_path_tracking/cgmres_nmpc) by extensions ['cmake', 'python']
[0.561s] Level 1:colcon.colcon_core.package_identification:_identify(src/svea_charging2/src/third_party/PythonRobotics/docs/modules/6_path_tracking/cgmres_nmpc) by extension 'cmake'
[0.561s] Level 1:colcon.colcon_core.package_identification:_identify(src/svea_charging2/src/third_party/PythonRobotics/docs/modules/6_path_tracking/cgmres_nmpc) by extension 'python'
[0.561s] Level 1:colcon.colcon_core.package_identification:_identify(src/svea_charging2/src/third_party/PythonRobotics/docs/modules/6_path_tracking/cgmres_nmpc) by extensions ['python_setup_py']
[0.561s] Level 1:colcon.colcon_core.package_identification:_identify(src/svea_charging2/src/third_party/PythonRobotics/docs/modules/6_path_tracking/cgmres_nmpc) by extension 'python_setup_py'
[0.561s] Level 1:colcon.colcon_core.package_identification:_identify(src/svea_charging2/src/third_party/PythonRobotics/docs/modules/6_path_tracking/lqr_speed_and_steering_control) by extensions ['ignore', 'ignore_ament_install']
[0.562s] Level 1:colcon.colcon_core.package_identification:_identify(src/svea_charging2/src/third_party/PythonRobotics/docs/modules/6_path_tracking/lqr_speed_and_steering_control) by extension 'ignore'
[0.562s] Level 1:colcon.colcon_core.package_identification:_identify(src/svea_charging2/src/third_party/PythonRobotics/docs/modules/6_path_tracking/lqr_speed_and_steering_control) by extension 'ignore_ament_install'
[0.562s] Level 1:colcon.colcon_core.package_identification:_identify(src/svea_charging2/src/third_party/PythonRobotics/docs/modules/6_path_tracking/lqr_speed_and_steering_control) by extensions ['colcon_pkg']
[0.562s] Level 1:colcon.colcon_core.package_identification:_identify(src/svea_charging2/src/third_party/PythonRobotics/docs/modules/6_path_tracking/lqr_speed_and_steering_control) by extension 'colcon_pkg'
[0.562s] Level 1:colcon.colcon_core.package_identification:_identify(src/svea_charging2/src/third_party/PythonRobotics/docs/modules/6_path_tracking/lqr_speed_and_steering_control) by extensions ['colcon_meta']
[0.562s] Level 1:colcon.colcon_core.package_identification:_identify(src/svea_charging2/src/third_party/PythonRobotics/docs/modules/6_path_tracking/lqr_speed_and_steering_control) by extension 'colcon_meta'
[0.562s] Level 1:colcon.colcon_core.package_identification:_identify(src/svea_charging2/src/third_party/PythonRobotics/docs/modules/6_path_tracking/lqr_speed_and_steering_control) by extensions ['ros']
[0.562s] Level 1:colcon.colcon_core.package_identification:_identify(src/svea_charging2/src/third_party/PythonRobotics/docs/modules/6_path_tracking/lqr_speed_and_steering_control) by extension 'ros'
[0.562s] Level 1:colcon.colcon_core.package_identification:_identify(src/svea_charging2/src/third_party/PythonRobotics/docs/modules/6_path_tracking/lqr_speed_and_steering_control) by extensions ['cmake', 'python']
[0.562s] Level 1:colcon.colcon_core.package_identification:_identify(src/svea_charging2/src/third_party/PythonRobotics/docs/modules/6_path_tracking/lqr_speed_and_steering_control) by extension 'cmake'
[0.562s] Level 1:colcon.colcon_core.package_identification:_identify(src/svea_charging2/src/third_party/PythonRobotics/docs/modules/6_path_tracking/lqr_speed_and_steering_control) by extension 'python'
[0.562s] Level 1:colcon.colcon_core.package_identification:_identify(src/svea_charging2/src/third_party/PythonRobotics/docs/modules/6_path_tracking/lqr_speed_and_steering_control) by extensions ['python_setup_py']
[0.562s] Level 1:colcon.colcon_core.package_identification:_identify(src/svea_charging2/src/third_party/PythonRobotics/docs/modules/6_path_tracking/lqr_speed_and_steering_control) by extension 'python_setup_py'
[0.562s] Level 1:colcon.colcon_core.package_identification:_identify(src/svea_charging2/src/third_party/PythonRobotics/docs/modules/6_path_tracking/lqr_steering_control) by extensions ['ignore', 'ignore_ament_install']
[0.563s] Level 1:colcon.colcon_core.package_identification:_identify(src/svea_charging2/src/third_party/PythonRobotics/docs/modules/6_path_tracking/lqr_steering_control) by extension 'ignore'
[0.563s] Level 1:colcon.colcon_core.package_identification:_identify(src/svea_charging2/src/third_party/PythonRobotics/docs/modules/6_path_tracking/lqr_steering_control) by extension 'ignore_ament_install'
[0.563s] Level 1:colcon.colcon_core.package_identification:_identify(src/svea_charging2/src/third_party/PythonRobotics/docs/modules/6_path_tracking/lqr_steering_control) by extensions ['colcon_pkg']
[0.563s] Level 1:colcon.colcon_core.package_identification:_identify(src/svea_charging2/src/third_party/PythonRobotics/docs/modules/6_path_tracking/lqr_steering_control) by extension 'colcon_pkg'
[0.563s] Level 1:colcon.colcon_core.package_identification:_identify(src/svea_charging2/src/third_party/PythonRobotics/docs/modules/6_path_tracking/lqr_steering_control) by extensions ['colcon_meta']
[0.563s] Level 1:colcon.colcon_core.package_identification:_identify(src/svea_charging2/src/third_party/PythonRobotics/docs/modules/6_path_tracking/lqr_steering_control) by extension 'colcon_meta'
[0.563s] Level 1:colcon.colcon_core.package_identification:_identify(src/svea_charging2/src/third_party/PythonRobotics/docs/modules/6_path_tracking/lqr_steering_control) by extensions ['ros']
[0.563s] Level 1:colcon.colcon_core.package_identification:_identify(src/svea_charging2/src/third_party/PythonRobotics/docs/modules/6_path_tracking/lqr_steering_control) by extension 'ros'
[0.563s] Level 1:colcon.colcon_core.package_identification:_identify(src/svea_charging2/src/third_party/PythonRobotics/docs/modules/6_path_tracking/lqr_steering_control) by extensions ['cmake', 'python']
[0.563s] Level 1:colcon.colcon_core.package_identification:_identify(src/svea_charging2/src/third_party/PythonRobotics/docs/modules/6_path_tracking/lqr_steering_control) by extension 'cmake'
[0.563s] Level 1:colcon.colcon_core.package_identification:_identify(src/svea_charging2/src/third_party/PythonRobotics/docs/modules/6_path_tracking/lqr_steering_control) by extension 'python'
[0.563s] Level 1:colcon.colcon_core.package_identification:_identify(src/svea_charging2/src/third_party/PythonRobotics/docs/modules/6_path_tracking/lqr_steering_control) by extensions ['python_setup_py']
[0.563s] Level 1:colcon.colcon_core.package_identification:_identify(src/svea_charging2/src/third_party/PythonRobotics/docs/modules/6_path_tracking/lqr_steering_control) by extension 'python_setup_py'
[0.564s] Level 1:colcon.colcon_core.package_identification:_identify(src/svea_charging2/src/third_party/PythonRobotics/docs/modules/6_path_tracking/model_predictive_speed_and_steering_control) by extensions ['ignore', 'ignore_ament_install']
[0.564s] Level 1:colcon.colcon_core.package_identification:_identify(src/svea_charging2/src/third_party/PythonRobotics/docs/modules/6_path_tracking/model_predictive_speed_and_steering_control) by extension 'ignore'
[0.564s] Level 1:colcon.colcon_core.package_identification:_identify(src/svea_charging2/src/third_party/PythonRobotics/docs/modules/6_path_tracking/model_predictive_speed_and_steering_control) by extension 'ignore_ament_install'
[0.564s] Level 1:colcon.colcon_core.package_identification:_identify(src/svea_charging2/src/third_party/PythonRobotics/docs/modules/6_path_tracking/model_predictive_speed_and_steering_control) by extensions ['colcon_pkg']
[0.564s] Level 1:colcon.colcon_core.package_identification:_identify(src/svea_charging2/src/third_party/PythonRobotics/docs/modules/6_path_tracking/model_predictive_speed_and_steering_control) by extension 'colcon_pkg'
[0.564s] Level 1:colcon.colcon_core.package_identification:_identify(src/svea_charging2/src/third_party/PythonRobotics/docs/modules/6_path_tracking/model_predictive_speed_and_steering_control) by extensions ['colcon_meta']
[0.564s] Level 1:colcon.colcon_core.package_identification:_identify(src/svea_charging2/src/third_party/PythonRobotics/docs/modules/6_path_tracking/model_predictive_speed_and_steering_control) by extension 'colcon_meta'
[0.564s] Level 1:colcon.colcon_core.package_identification:_identify(src/svea_charging2/src/third_party/PythonRobotics/docs/modules/6_path_tracking/model_predictive_speed_and_steering_control) by extensions ['ros']
[0.564s] Level 1:colcon.colcon_core.package_identification:_identify(src/svea_charging2/src/third_party/PythonRobotics/docs/modules/6_path_tracking/model_predictive_speed_and_steering_control) by extension 'ros'
[0.564s] Level 1:colcon.colcon_core.package_identification:_identify(src/svea_charging2/src/third_party/PythonRobotics/docs/modules/6_path_tracking/model_predictive_speed_and_steering_control) by extensions ['cmake', 'python']
[0.564s] Level 1:colcon.colcon_core.package_identification:_identify(src/svea_charging2/src/third_party/PythonRobotics/docs/modules/6_path_tracking/model_predictive_speed_and_steering_control) by extension 'cmake'
[0.564s] Level 1:colcon.colcon_core.package_identification:_identify(src/svea_charging2/src/third_party/PythonRobotics/docs/modules/6_path_tracking/model_predictive_speed_and_steering_control) by extension 'python'
[0.564s] Level 1:colcon.colcon_core.package_identification:_identify(src/svea_charging2/src/third_party/PythonRobotics/docs/modules/6_path_tracking/model_predictive_speed_and_steering_control) by extensions ['python_setup_py']
[0.564s] Level 1:colcon.colcon_core.package_identification:_identify(src/svea_charging2/src/third_party/PythonRobotics/docs/modules/6_path_tracking/model_predictive_speed_and_steering_control) by extension 'python_setup_py'
[0.565s] Level 1:colcon.colcon_core.package_identification:_identify(src/svea_charging2/src/third_party/PythonRobotics/docs/modules/6_path_tracking/move_to_a_pose) by extensions ['ignore', 'ignore_ament_install']
[0.565s] Level 1:colcon.colcon_core.package_identification:_identify(src/svea_charging2/src/third_party/PythonRobotics/docs/modules/6_path_tracking/move_to_a_pose) by extension 'ignore'
[0.565s] Level 1:colcon.colcon_core.package_identification:_identify(src/svea_charging2/src/third_party/PythonRobotics/docs/modules/6_path_tracking/move_to_a_pose) by extension 'ignore_ament_install'
[0.565s] Level 1:colcon.colcon_core.package_identification:_identify(src/svea_charging2/src/third_party/PythonRobotics/docs/modules/6_path_tracking/move_to_a_pose) by extensions ['colcon_pkg']
[0.565s] Level 1:colcon.colcon_core.package_identification:_identify(src/svea_charging2/src/third_party/PythonRobotics/docs/modules/6_path_tracking/move_to_a_pose) by extension 'colcon_pkg'
[0.565s] Level 1:colcon.colcon_core.package_identification:_identify(src/svea_charging2/src/third_party/PythonRobotics/docs/modules/6_path_tracking/move_to_a_pose) by extensions ['colcon_meta']
[0.565s] Level 1:colcon.colcon_core.package_identification:_identify(src/svea_charging2/src/third_party/PythonRobotics/docs/modules/6_path_tracking/move_to_a_pose) by extension 'colcon_meta'
[0.565s] Level 1:colcon.colcon_core.package_identification:_identify(src/svea_charging2/src/third_party/PythonRobotics/docs/modules/6_path_tracking/move_to_a_pose) by extensions ['ros']
[0.565s] Level 1:colcon.colcon_core.package_identification:_identify(src/svea_charging2/src/third_party/PythonRobotics/docs/modules/6_path_tracking/move_to_a_pose) by extension 'ros'
[0.565s] Level 1:colcon.colcon_core.package_identification:_identify(src/svea_charging2/src/third_party/PythonRobotics/docs/modules/6_path_tracking/move_to_a_pose) by extensions ['cmake', 'python']
[0.565s] Level 1:colcon.colcon_core.package_identification:_identify(src/svea_charging2/src/third_party/PythonRobotics/docs/modules/6_path_tracking/move_to_a_pose) by extension 'cmake'
[0.565s] Level 1:colcon.colcon_core.package_identification:_identify(src/svea_charging2/src/third_party/PythonRobotics/docs/modules/6_path_tracking/move_to_a_pose) by extension 'python'
[0.565s] Level 1:colcon.colcon_core.package_identification:_identify(src/svea_charging2/src/third_party/PythonRobotics/docs/modules/6_path_tracking/move_to_a_pose) by extensions ['python_setup_py']
[0.566s] Level 1:colcon.colcon_core.package_identification:_identify(src/svea_charging2/src/third_party/PythonRobotics/docs/modules/6_path_tracking/move_to_a_pose) by extension 'python_setup_py'
[0.566s] Level 1:colcon.colcon_core.package_identification:_identify(src/svea_charging2/src/third_party/PythonRobotics/docs/modules/6_path_tracking/pure_pursuit_tracking) by extensions ['ignore', 'ignore_ament_install']
[0.566s] Level 1:colcon.colcon_core.package_identification:_identify(src/svea_charging2/src/third_party/PythonRobotics/docs/modules/6_path_tracking/pure_pursuit_tracking) by extension 'ignore'
[0.566s] Level 1:colcon.colcon_core.package_identification:_identify(src/svea_charging2/src/third_party/PythonRobotics/docs/modules/6_path_tracking/pure_pursuit_tracking) by extension 'ignore_ament_install'
[0.566s] Level 1:colcon.colcon_core.package_identification:_identify(src/svea_charging2/src/third_party/PythonRobotics/docs/modules/6_path_tracking/pure_pursuit_tracking) by extensions ['colcon_pkg']
[0.566s] Level 1:colcon.colcon_core.package_identification:_identify(src/svea_charging2/src/third_party/PythonRobotics/docs/modules/6_path_tracking/pure_pursuit_tracking) by extension 'colcon_pkg'
[0.566s] Level 1:colcon.colcon_core.package_identification:_identify(src/svea_charging2/src/third_party/PythonRobotics/docs/modules/6_path_tracking/pure_pursuit_tracking) by extensions ['colcon_meta']
[0.566s] Level 1:colcon.colcon_core.package_identification:_identify(src/svea_charging2/src/third_party/PythonRobotics/docs/modules/6_path_tracking/pure_pursuit_tracking) by extension 'colcon_meta'
[0.566s] Level 1:colcon.colcon_core.package_identification:_identify(src/svea_charging2/src/third_party/PythonRobotics/docs/modules/6_path_tracking/pure_pursuit_tracking) by extensions ['ros']
[0.566s] Level 1:colcon.colcon_core.package_identification:_identify(src/svea_charging2/src/third_party/PythonRobotics/docs/modules/6_path_tracking/pure_pursuit_tracking) by extension 'ros'
[0.566s] Level 1:colcon.colcon_core.package_identification:_identify(src/svea_charging2/src/third_party/PythonRobotics/docs/modules/6_path_tracking/pure_pursuit_tracking) by extensions ['cmake', 'python']
[0.566s] Level 1:colcon.colcon_core.package_identification:_identify(src/svea_charging2/src/third_party/PythonRobotics/docs/modules/6_path_tracking/pure_pursuit_tracking) by extension 'cmake'
[0.566s] Level 1:colcon.colcon_core.package_identification:_identify(src/svea_charging2/src/third_party/PythonRobotics/docs/modules/6_path_tracking/pure_pursuit_tracking) by extension 'python'
[0.567s] Level 1:colcon.colcon_core.package_identification:_identify(src/svea_charging2/src/third_party/PythonRobotics/docs/modules/6_path_tracking/pure_pursuit_tracking) by extensions ['python_setup_py']
[0.567s] Level 1:colcon.colcon_core.package_identification:_identify(src/svea_charging2/src/third_party/PythonRobotics/docs/modules/6_path_tracking/pure_pursuit_tracking) by extension 'python_setup_py'
[0.567s] Level 1:colcon.colcon_core.package_identification:_identify(src/svea_charging2/src/third_party/PythonRobotics/docs/modules/6_path_tracking/rear_wheel_feedback_control) by extensions ['ignore', 'ignore_ament_install']
[0.567s] Level 1:colcon.colcon_core.package_identification:_identify(src/svea_charging2/src/third_party/PythonRobotics/docs/modules/6_path_tracking/rear_wheel_feedback_control) by extension 'ignore'
[0.567s] Level 1:colcon.colcon_core.package_identification:_identify(src/svea_charging2/src/third_party/PythonRobotics/docs/modules/6_path_tracking/rear_wheel_feedback_control) by extension 'ignore_ament_install'
[0.567s] Level 1:colcon.colcon_core.package_identification:_identify(src/svea_charging2/src/third_party/PythonRobotics/docs/modules/6_path_tracking/rear_wheel_feedback_control) by extensions ['colcon_pkg']
[0.567s] Level 1:colcon.colcon_core.package_identification:_identify(src/svea_charging2/src/third_party/PythonRobotics/docs/modules/6_path_tracking/rear_wheel_feedback_control) by extension 'colcon_pkg'
[0.567s] Level 1:colcon.colcon_core.package_identification:_identify(src/svea_charging2/src/third_party/PythonRobotics/docs/modules/6_path_tracking/rear_wheel_feedback_control) by extensions ['colcon_meta']
[0.567s] Level 1:colcon.colcon_core.package_identification:_identify(src/svea_charging2/src/third_party/PythonRobotics/docs/modules/6_path_tracking/rear_wheel_feedback_control) by extension 'colcon_meta'
[0.567s] Level 1:colcon.colcon_core.package_identification:_identify(src/svea_charging2/src/third_party/PythonRobotics/docs/modules/6_path_tracking/rear_wheel_feedback_control) by extensions ['ros']
[0.567s] Level 1:colcon.colcon_core.package_identification:_identify(src/svea_charging2/src/third_party/PythonRobotics/docs/modules/6_path_tracking/rear_wheel_feedback_control) by extension 'ros'
[0.567s] Level 1:colcon.colcon_core.package_identification:_identify(src/svea_charging2/src/third_party/PythonRobotics/docs/modules/6_path_tracking/rear_wheel_feedback_control) by extensions ['cmake', 'python']
[0.567s] Level 1:colcon.colcon_core.package_identification:_identify(src/svea_charging2/src/third_party/PythonRobotics/docs/modules/6_path_tracking/rear_wheel_feedback_control) by extension 'cmake'
[0.567s] Level 1:colcon.colcon_core.package_identification:_identify(src/svea_charging2/src/third_party/PythonRobotics/docs/modules/6_path_tracking/rear_wheel_feedback_control) by extension 'python'
[0.568s] Level 1:colcon.colcon_core.package_identification:_identify(src/svea_charging2/src/third_party/PythonRobotics/docs/modules/6_path_tracking/rear_wheel_feedback_control) by extensions ['python_setup_py']
[0.568s] Level 1:colcon.colcon_core.package_identification:_identify(src/svea_charging2/src/third_party/PythonRobotics/docs/modules/6_path_tracking/rear_wheel_feedback_control) by extension 'python_setup_py'
[0.568s] Level 1:colcon.colcon_core.package_identification:_identify(src/svea_charging2/src/third_party/PythonRobotics/docs/modules/6_path_tracking/stanley_control) by extensions ['ignore', 'ignore_ament_install']
[0.568s] Level 1:colcon.colcon_core.package_identification:_identify(src/svea_charging2/src/third_party/PythonRobotics/docs/modules/6_path_tracking/stanley_control) by extension 'ignore'
[0.568s] Level 1:colcon.colcon_core.package_identification:_identify(src/svea_charging2/src/third_party/PythonRobotics/docs/modules/6_path_tracking/stanley_control) by extension 'ignore_ament_install'
[0.568s] Level 1:colcon.colcon_core.package_identification:_identify(src/svea_charging2/src/third_party/PythonRobotics/docs/modules/6_path_tracking/stanley_control) by extensions ['colcon_pkg']
[0.568s] Level 1:colcon.colcon_core.package_identification:_identify(src/svea_charging2/src/third_party/PythonRobotics/docs/modules/6_path_tracking/stanley_control) by extension 'colcon_pkg'
[0.568s] Level 1:colcon.colcon_core.package_identification:_identify(src/svea_charging2/src/third_party/PythonRobotics/docs/modules/6_path_tracking/stanley_control) by extensions ['colcon_meta']
[0.568s] Level 1:colcon.colcon_core.package_identification:_identify(src/svea_charging2/src/third_party/PythonRobotics/docs/modules/6_path_tracking/stanley_control) by extension 'colcon_meta'
[0.568s] Level 1:colcon.colcon_core.package_identification:_identify(src/svea_charging2/src/third_party/PythonRobotics/docs/modules/6_path_tracking/stanley_control) by extensions ['ros']
[0.568s] Level 1:colcon.colcon_core.package_identification:_identify(src/svea_charging2/src/third_party/PythonRobotics/docs/modules/6_path_tracking/stanley_control) by extension 'ros'
[0.568s] Level 1:colcon.colcon_core.package_identification:_identify(src/svea_charging2/src/third_party/PythonRobotics/docs/modules/6_path_tracking/stanley_control) by extensions ['cmake', 'python']
[0.569s] Level 1:colcon.colcon_core.package_identification:_identify(src/svea_charging2/src/third_party/PythonRobotics/docs/modules/6_path_tracking/stanley_control) by extension 'cmake'
[0.569s] Level 1:colcon.colcon_core.package_identification:_identify(src/svea_charging2/src/third_party/PythonRobotics/docs/modules/6_path_tracking/stanley_control) by extension 'python'
[0.569s] Level 1:colcon.colcon_core.package_identification:_identify(src/svea_charging2/src/third_party/PythonRobotics/docs/modules/6_path_tracking/stanley_control) by extensions ['python_setup_py']
[0.569s] Level 1:colcon.colcon_core.package_identification:_identify(src/svea_charging2/src/third_party/PythonRobotics/docs/modules/6_path_tracking/stanley_control) by extension 'python_setup_py'
[0.569s] Level 1:colcon.colcon_core.package_identification:_identify(src/svea_charging2/src/third_party/PythonRobotics/docs/modules/7_arm_navigation) by extensions ['ignore', 'ignore_ament_install']
[0.569s] Level 1:colcon.colcon_core.package_identification:_identify(src/svea_charging2/src/third_party/PythonRobotics/docs/modules/7_arm_navigation) by extension 'ignore'
[0.569s] Level 1:colcon.colcon_core.package_identification:_identify(src/svea_charging2/src/third_party/PythonRobotics/docs/modules/7_arm_navigation) by extension 'ignore_ament_install'
[0.569s] Level 1:colcon.colcon_core.package_identification:_identify(src/svea_charging2/src/third_party/PythonRobotics/docs/modules/7_arm_navigation) by extensions ['colcon_pkg']
[0.569s] Level 1:colcon.colcon_core.package_identification:_identify(src/svea_charging2/src/third_party/PythonRobotics/docs/modules/7_arm_navigation) by extension 'colcon_pkg'
[0.569s] Level 1:colcon.colcon_core.package_identification:_identify(src/svea_charging2/src/third_party/PythonRobotics/docs/modules/7_arm_navigation) by extensions ['colcon_meta']
[0.569s] Level 1:colcon.colcon_core.package_identification:_identify(src/svea_charging2/src/third_party/PythonRobotics/docs/modules/7_arm_navigation) by extension 'colcon_meta'
[0.569s] Level 1:colcon.colcon_core.package_identification:_identify(src/svea_charging2/src/third_party/PythonRobotics/docs/modules/7_arm_navigation) by extensions ['ros']
[0.569s] Level 1:colcon.colcon_core.package_identification:_identify(src/svea_charging2/src/third_party/PythonRobotics/docs/modules/7_arm_navigation) by extension 'ros'
[0.570s] Level 1:colcon.colcon_core.package_identification:_identify(src/svea_charging2/src/third_party/PythonRobotics/docs/modules/7_arm_navigation) by extensions ['cmake', 'python']
[0.570s] Level 1:colcon.colcon_core.package_identification:_identify(src/svea_charging2/src/third_party/PythonRobotics/docs/modules/7_arm_navigation) by extension 'cmake'
[0.570s] Level 1:colcon.colcon_core.package_identification:_identify(src/svea_charging2/src/third_party/PythonRobotics/docs/modules/7_arm_navigation) by extension 'python'
[0.570s] Level 1:colcon.colcon_core.package_identification:_identify(src/svea_charging2/src/third_party/PythonRobotics/docs/modules/7_arm_navigation) by extensions ['python_setup_py']
[0.570s] Level 1:colcon.colcon_core.package_identification:_identify(src/svea_charging2/src/third_party/PythonRobotics/docs/modules/7_arm_navigation) by extension 'python_setup_py'
[0.570s] Level 1:colcon.colcon_core.package_identification:_identify(src/svea_charging2/src/third_party/PythonRobotics/docs/modules/7_arm_navigation/Planar_Two_Link_IK_files) by extensions ['ignore', 'ignore_ament_install']
[0.570s] Level 1:colcon.colcon_core.package_identification:_identify(src/svea_charging2/src/third_party/PythonRobotics/docs/modules/7_arm_navigation/Planar_Two_Link_IK_files) by extension 'ignore'
[0.570s] Level 1:colcon.colcon_core.package_identification:_identify(src/svea_charging2/src/third_party/PythonRobotics/docs/modules/7_arm_navigation/Planar_Two_Link_IK_files) by extension 'ignore_ament_install'
[0.570s] Level 1:colcon.colcon_core.package_identification:_identify(src/svea_charging2/src/third_party/PythonRobotics/docs/modules/7_arm_navigation/Planar_Two_Link_IK_files) by extensions ['colcon_pkg']
[0.570s] Level 1:colcon.colcon_core.package_identification:_identify(src/svea_charging2/src/third_party/PythonRobotics/docs/modules/7_arm_navigation/Planar_Two_Link_IK_files) by extension 'colcon_pkg'
[0.570s] Level 1:colcon.colcon_core.package_identification:_identify(src/svea_charging2/src/third_party/PythonRobotics/docs/modules/7_arm_navigation/Planar_Two_Link_IK_files) by extensions ['colcon_meta']
[0.570s] Level 1:colcon.colcon_core.package_identification:_identify(src/svea_charging2/src/third_party/PythonRobotics/docs/modules/7_arm_navigation/Planar_Two_Link_IK_files) by extension 'colcon_meta'
[0.570s] Level 1:colcon.colcon_core.package_identification:_identify(src/svea_charging2/src/third_party/PythonRobotics/docs/modules/7_arm_navigation/Planar_Two_Link_IK_files) by extensions ['ros']
[0.570s] Level 1:colcon.colcon_core.package_identification:_identify(src/svea_charging2/src/third_party/PythonRobotics/docs/modules/7_arm_navigation/Planar_Two_Link_IK_files) by extension 'ros'
[0.571s] Level 1:colcon.colcon_core.package_identification:_identify(src/svea_charging2/src/third_party/PythonRobotics/docs/modules/7_arm_navigation/Planar_Two_Link_IK_files) by extensions ['cmake', 'python']
[0.571s] Level 1:colcon.colcon_core.package_identification:_identify(src/svea_charging2/src/third_party/PythonRobotics/docs/modules/7_arm_navigation/Planar_Two_Link_IK_files) by extension 'cmake'
[0.571s] Level 1:colcon.colcon_core.package_identification:_identify(src/svea_charging2/src/third_party/PythonRobotics/docs/modules/7_arm_navigation/Planar_Two_Link_IK_files) by extension 'python'
[0.571s] Level 1:colcon.colcon_core.package_identification:_identify(src/svea_charging2/src/third_party/PythonRobotics/docs/modules/7_arm_navigation/Planar_Two_Link_IK_files) by extensions ['python_setup_py']
[0.571s] Level 1:colcon.colcon_core.package_identification:_identify(src/svea_charging2/src/third_party/PythonRobotics/docs/modules/7_arm_navigation/Planar_Two_Link_IK_files) by extension 'python_setup_py'
[0.571s] Level 1:colcon.colcon_core.package_identification:_identify(src/svea_charging2/src/third_party/PythonRobotics/docs/modules/8_aerial_navigation) by extensions ['ignore', 'ignore_ament_install']
[0.571s] Level 1:colcon.colcon_core.package_identification:_identify(src/svea_charging2/src/third_party/PythonRobotics/docs/modules/8_aerial_navigation) by extension 'ignore'
[0.571s] Level 1:colcon.colcon_core.package_identification:_identify(src/svea_charging2/src/third_party/PythonRobotics/docs/modules/8_aerial_navigation) by extension 'ignore_ament_install'
[0.571s] Level 1:colcon.colcon_core.package_identification:_identify(src/svea_charging2/src/third_party/PythonRobotics/docs/modules/8_aerial_navigation) by extensions ['colcon_pkg']
[0.571s] Level 1:colcon.colcon_core.package_identification:_identify(src/svea_charging2/src/third_party/PythonRobotics/docs/modules/8_aerial_navigation) by extension 'colcon_pkg'
[0.571s] Level 1:colcon.colcon_core.package_identification:_identify(src/svea_charging2/src/third_party/PythonRobotics/docs/modules/8_aerial_navigation) by extensions ['colcon_meta']
[0.571s] Level 1:colcon.colcon_core.package_identification:_identify(src/svea_charging2/src/third_party/PythonRobotics/docs/modules/8_aerial_navigation) by extension 'colcon_meta'
[0.571s] Level 1:colcon.colcon_core.package_identification:_identify(src/svea_charging2/src/third_party/PythonRobotics/docs/modules/8_aerial_navigation) by extensions ['ros']
[0.571s] Level 1:colcon.colcon_core.package_identification:_identify(src/svea_charging2/src/third_party/PythonRobotics/docs/modules/8_aerial_navigation) by extension 'ros'
[0.572s] Level 1:colcon.colcon_core.package_identification:_identify(src/svea_charging2/src/third_party/PythonRobotics/docs/modules/8_aerial_navigation) by extensions ['cmake', 'python']
[0.572s] Level 1:colcon.colcon_core.package_identification:_identify(src/svea_charging2/src/third_party/PythonRobotics/docs/modules/8_aerial_navigation) by extension 'cmake'
[0.572s] Level 1:colcon.colcon_core.package_identification:_identify(src/svea_charging2/src/third_party/PythonRobotics/docs/modules/8_aerial_navigation) by extension 'python'
[0.572s] Level 1:colcon.colcon_core.package_identification:_identify(src/svea_charging2/src/third_party/PythonRobotics/docs/modules/8_aerial_navigation) by extensions ['python_setup_py']
[0.572s] Level 1:colcon.colcon_core.package_identification:_identify(src/svea_charging2/src/third_party/PythonRobotics/docs/modules/8_aerial_navigation) by extension 'python_setup_py'
[0.572s] Level 1:colcon.colcon_core.package_identification:_identify(src/svea_charging2/src/third_party/PythonRobotics/docs/modules/8_aerial_navigation/drone_3d_trajectory_following) by extensions ['ignore', 'ignore_ament_install']
[0.572s] Level 1:colcon.colcon_core.package_identification:_identify(src/svea_charging2/src/third_party/PythonRobotics/docs/modules/8_aerial_navigation/drone_3d_trajectory_following) by extension 'ignore'
[0.572s] Level 1:colcon.colcon_core.package_identification:_identify(src/svea_charging2/src/third_party/PythonRobotics/docs/modules/8_aerial_navigation/drone_3d_trajectory_following) by extension 'ignore_ament_install'
[0.572s] Level 1:colcon.colcon_core.package_identification:_identify(src/svea_charging2/src/third_party/PythonRobotics/docs/modules/8_aerial_navigation/drone_3d_trajectory_following) by extensions ['colcon_pkg']
[0.572s] Level 1:colcon.colcon_core.package_identification:_identify(src/svea_charging2/src/third_party/PythonRobotics/docs/modules/8_aerial_navigation/drone_3d_trajectory_following) by extension 'colcon_pkg'
[0.572s] Level 1:colcon.colcon_core.package_identification:_identify(src/svea_charging2/src/third_party/PythonRobotics/docs/modules/8_aerial_navigation/drone_3d_trajectory_following) by extensions ['colcon_meta']
[0.572s] Level 1:colcon.colcon_core.package_identification:_identify(src/svea_charging2/src/third_party/PythonRobotics/docs/modules/8_aerial_navigation/drone_3d_trajectory_following) by extension 'colcon_meta'
[0.573s] Level 1:colcon.colcon_core.package_identification:_identify(src/svea_charging2/src/third_party/PythonRobotics/docs/modules/8_aerial_navigation/drone_3d_trajectory_following) by extensions ['ros']
[0.573s] Level 1:colcon.colcon_core.package_identification:_identify(src/svea_charging2/src/third_party/PythonRobotics/docs/modules/8_aerial_navigation/drone_3d_trajectory_following) by extension 'ros'
[0.573s] Level 1:colcon.colcon_core.package_identification:_identify(src/svea_charging2/src/third_party/PythonRobotics/docs/modules/8_aerial_navigation/drone_3d_trajectory_following) by extensions ['cmake', 'python']
[0.573s] Level 1:colcon.colcon_core.package_identification:_identify(src/svea_charging2/src/third_party/PythonRobotics/docs/modules/8_aerial_navigation/drone_3d_trajectory_following) by extension 'cmake'
[0.573s] Level 1:colcon.colcon_core.package_identification:_identify(src/svea_charging2/src/third_party/PythonRobotics/docs/modules/8_aerial_navigation/drone_3d_trajectory_following) by extension 'python'
[0.573s] Level 1:colcon.colcon_core.package_identification:_identify(src/svea_charging2/src/third_party/PythonRobotics/docs/modules/8_aerial_navigation/drone_3d_trajectory_following) by extensions ['python_setup_py']
[0.573s] Level 1:colcon.colcon_core.package_identification:_identify(src/svea_charging2/src/third_party/PythonRobotics/docs/modules/8_aerial_navigation/drone_3d_trajectory_following) by extension 'python_setup_py'
[0.573s] Level 1:colcon.colcon_core.package_identification:_identify(src/svea_charging2/src/third_party/PythonRobotics/docs/modules/8_aerial_navigation/rocket_powered_landing) by extensions ['ignore', 'ignore_ament_install']
[0.573s] Level 1:colcon.colcon_core.package_identification:_identify(src/svea_charging2/src/third_party/PythonRobotics/docs/modules/8_aerial_navigation/rocket_powered_landing) by extension 'ignore'
[0.573s] Level 1:colcon.colcon_core.package_identification:_identify(src/svea_charging2/src/third_party/PythonRobotics/docs/modules/8_aerial_navigation/rocket_powered_landing) by extension 'ignore_ament_install'
[0.573s] Level 1:colcon.colcon_core.package_identification:_identify(src/svea_charging2/src/third_party/PythonRobotics/docs/modules/8_aerial_navigation/rocket_powered_landing) by extensions ['colcon_pkg']
[0.573s] Level 1:colcon.colcon_core.package_identification:_identify(src/svea_charging2/src/third_party/PythonRobotics/docs/modules/8_aerial_navigation/rocket_powered_landing) by extension 'colcon_pkg'
[0.573s] Level 1:colcon.colcon_core.package_identification:_identify(src/svea_charging2/src/third_party/PythonRobotics/docs/modules/8_aerial_navigation/rocket_powered_landing) by extensions ['colcon_meta']
[0.573s] Level 1:colcon.colcon_core.package_identification:_identify(src/svea_charging2/src/third_party/PythonRobotics/docs/modules/8_aerial_navigation/rocket_powered_landing) by extension 'colcon_meta'
[0.574s] Level 1:colcon.colcon_core.package_identification:_identify(src/svea_charging2/src/third_party/PythonRobotics/docs/modules/8_aerial_navigation/rocket_powered_landing) by extensions ['ros']
[0.574s] Level 1:colcon.colcon_core.package_identification:_identify(src/svea_charging2/src/third_party/PythonRobotics/docs/modules/8_aerial_navigation/rocket_powered_landing) by extension 'ros'
[0.574s] Level 1:colcon.colcon_core.package_identification:_identify(src/svea_charging2/src/third_party/PythonRobotics/docs/modules/8_aerial_navigation/rocket_powered_landing) by extensions ['cmake', 'python']
[0.574s] Level 1:colcon.colcon_core.package_identification:_identify(src/svea_charging2/src/third_party/PythonRobotics/docs/modules/8_aerial_navigation/rocket_powered_landing) by extension 'cmake'
[0.574s] Level 1:colcon.colcon_core.package_identification:_identify(src/svea_charging2/src/third_party/PythonRobotics/docs/modules/8_aerial_navigation/rocket_powered_landing) by extension 'python'
[0.574s] Level 1:colcon.colcon_core.package_identification:_identify(src/svea_charging2/src/third_party/PythonRobotics/docs/modules/8_aerial_navigation/rocket_powered_landing) by extensions ['python_setup_py']
[0.574s] Level 1:colcon.colcon_core.package_identification:_identify(src/svea_charging2/src/third_party/PythonRobotics/docs/modules/8_aerial_navigation/rocket_powered_landing) by extension 'python_setup_py'
[0.574s] Level 1:colcon.colcon_core.package_identification:_identify(src/svea_charging2/src/third_party/PythonRobotics/docs/modules/9_bipedal) by extensions ['ignore', 'ignore_ament_install']
[0.574s] Level 1:colcon.colcon_core.package_identification:_identify(src/svea_charging2/src/third_party/PythonRobotics/docs/modules/9_bipedal) by extension 'ignore'
[0.574s] Level 1:colcon.colcon_core.package_identification:_identify(src/svea_charging2/src/third_party/PythonRobotics/docs/modules/9_bipedal) by extension 'ignore_ament_install'
[0.574s] Level 1:colcon.colcon_core.package_identification:_identify(src/svea_charging2/src/third_party/PythonRobotics/docs/modules/9_bipedal) by extensions ['colcon_pkg']
[0.574s] Level 1:colcon.colcon_core.package_identification:_identify(src/svea_charging2/src/third_party/PythonRobotics/docs/modules/9_bipedal) by extension 'colcon_pkg'
[0.575s] Level 1:colcon.colcon_core.package_identification:_identify(src/svea_charging2/src/third_party/PythonRobotics/docs/modules/9_bipedal) by extensions ['colcon_meta']
[0.575s] Level 1:colcon.colcon_core.package_identification:_identify(src/svea_charging2/src/third_party/PythonRobotics/docs/modules/9_bipedal) by extension 'colcon_meta'
[0.575s] Level 1:colcon.colcon_core.package_identification:_identify(src/svea_charging2/src/third_party/PythonRobotics/docs/modules/9_bipedal) by extensions ['ros']
[0.575s] Level 1:colcon.colcon_core.package_identification:_identify(src/svea_charging2/src/third_party/PythonRobotics/docs/modules/9_bipedal) by extension 'ros'
[0.575s] Level 1:colcon.colcon_core.package_identification:_identify(src/svea_charging2/src/third_party/PythonRobotics/docs/modules/9_bipedal) by extensions ['cmake', 'python']
[0.575s] Level 1:colcon.colcon_core.package_identification:_identify(src/svea_charging2/src/third_party/PythonRobotics/docs/modules/9_bipedal) by extension 'cmake'
[0.575s] Level 1:colcon.colcon_core.package_identification:_identify(src/svea_charging2/src/third_party/PythonRobotics/docs/modules/9_bipedal) by extension 'python'
[0.575s] Level 1:colcon.colcon_core.package_identification:_identify(src/svea_charging2/src/third_party/PythonRobotics/docs/modules/9_bipedal) by extensions ['python_setup_py']
[0.575s] Level 1:colcon.colcon_core.package_identification:_identify(src/svea_charging2/src/third_party/PythonRobotics/docs/modules/9_bipedal) by extension 'python_setup_py'
[0.575s] Level 1:colcon.colcon_core.package_identification:_identify(src/svea_charging2/src/third_party/PythonRobotics/docs/modules/9_bipedal/bipedal_planner) by extensions ['ignore', 'ignore_ament_install']
[0.575s] Level 1:colcon.colcon_core.package_identification:_identify(src/svea_charging2/src/third_party/PythonRobotics/docs/modules/9_bipedal/bipedal_planner) by extension 'ignore'
[0.575s] Level 1:colcon.colcon_core.package_identification:_identify(src/svea_charging2/src/third_party/PythonRobotics/docs/modules/9_bipedal/bipedal_planner) by extension 'ignore_ament_install'
[0.575s] Level 1:colcon.colcon_core.package_identification:_identify(src/svea_charging2/src/third_party/PythonRobotics/docs/modules/9_bipedal/bipedal_planner) by extensions ['colcon_pkg']
[0.576s] Level 1:colcon.colcon_core.package_identification:_identify(src/svea_charging2/src/third_party/PythonRobotics/docs/modules/9_bipedal/bipedal_planner) by extension 'colcon_pkg'
[0.576s] Level 1:colcon.colcon_core.package_identification:_identify(src/svea_charging2/src/third_party/PythonRobotics/docs/modules/9_bipedal/bipedal_planner) by extensions ['colcon_meta']
[0.576s] Level 1:colcon.colcon_core.package_identification:_identify(src/svea_charging2/src/third_party/PythonRobotics/docs/modules/9_bipedal/bipedal_planner) by extension 'colcon_meta'
[0.576s] Level 1:colcon.colcon_core.package_identification:_identify(src/svea_charging2/src/third_party/PythonRobotics/docs/modules/9_bipedal/bipedal_planner) by extensions ['ros']
[0.576s] Level 1:colcon.colcon_core.package_identification:_identify(src/svea_charging2/src/third_party/PythonRobotics/docs/modules/9_bipedal/bipedal_planner) by extension 'ros'
[0.576s] Level 1:colcon.colcon_core.package_identification:_identify(src/svea_charging2/src/third_party/PythonRobotics/docs/modules/9_bipedal/bipedal_planner) by extensions ['cmake', 'python']
[0.576s] Level 1:colcon.colcon_core.package_identification:_identify(src/svea_charging2/src/third_party/PythonRobotics/docs/modules/9_bipedal/bipedal_planner) by extension 'cmake'
[0.576s] Level 1:colcon.colcon_core.package_identification:_identify(src/svea_charging2/src/third_party/PythonRobotics/docs/modules/9_bipedal/bipedal_planner) by extension 'python'
[0.576s] Level 1:colcon.colcon_core.package_identification:_identify(src/svea_charging2/src/third_party/PythonRobotics/docs/modules/9_bipedal/bipedal_planner) by extensions ['python_setup_py']
[0.576s] Level 1:colcon.colcon_core.package_identification:_identify(src/svea_charging2/src/third_party/PythonRobotics/docs/modules/9_bipedal/bipedal_planner) by extension 'python_setup_py'
[0.576s] Level 1:colcon.colcon_core.package_identification:_identify(src/svea_charging2/src/third_party/PythonRobotics/requirements) by extensions ['ignore', 'ignore_ament_install']
[0.576s] Level 1:colcon.colcon_core.package_identification:_identify(src/svea_charging2/src/third_party/PythonRobotics/requirements) by extension 'ignore'
[0.576s] Level 1:colcon.colcon_core.package_identification:_identify(src/svea_charging2/src/third_party/PythonRobotics/requirements) by extension 'ignore_ament_install'
[0.577s] Level 1:colcon.colcon_core.package_identification:_identify(src/svea_charging2/src/third_party/PythonRobotics/requirements) by extensions ['colcon_pkg']
[0.577s] Level 1:colcon.colcon_core.package_identification:_identify(src/svea_charging2/src/third_party/PythonRobotics/requirements) by extension 'colcon_pkg'
[0.577s] Level 1:colcon.colcon_core.package_identification:_identify(src/svea_charging2/src/third_party/PythonRobotics/requirements) by extensions ['colcon_meta']
[0.577s] Level 1:colcon.colcon_core.package_identification:_identify(src/svea_charging2/src/third_party/PythonRobotics/requirements) by extension 'colcon_meta'
[0.577s] Level 1:colcon.colcon_core.package_identification:_identify(src/svea_charging2/src/third_party/PythonRobotics/requirements) by extensions ['ros']
[0.577s] Level 1:colcon.colcon_core.package_identification:_identify(src/svea_charging2/src/third_party/PythonRobotics/requirements) by extension 'ros'
[0.577s] Level 1:colcon.colcon_core.package_identification:_identify(src/svea_charging2/src/third_party/PythonRobotics/requirements) by extensions ['cmake', 'python']
[0.577s] Level 1:colcon.colcon_core.package_identification:_identify(src/svea_charging2/src/third_party/PythonRobotics/requirements) by extension 'cmake'
[0.577s] Level 1:colcon.colcon_core.package_identification:_identify(src/svea_charging2/src/third_party/PythonRobotics/requirements) by extension 'python'
[0.577s] Level 1:colcon.colcon_core.package_identification:_identify(src/svea_charging2/src/third_party/PythonRobotics/requirements) by extensions ['python_setup_py']
[0.577s] Level 1:colcon.colcon_core.package_identification:_identify(src/svea_charging2/src/third_party/PythonRobotics/requirements) by extension 'python_setup_py'
[0.577s] Level 1:colcon.colcon_core.package_identification:_identify(src/svea_charging2/src/third_party/PythonRobotics/tests) by extensions ['ignore', 'ignore_ament_install']
[0.577s] Level 1:colcon.colcon_core.package_identification:_identify(src/svea_charging2/src/third_party/PythonRobotics/tests) by extension 'ignore'
[0.578s] Level 1:colcon.colcon_core.package_identification:_identify(src/svea_charging2/src/third_party/PythonRobotics/tests) by extension 'ignore_ament_install'
[0.578s] Level 1:colcon.colcon_core.package_identification:_identify(src/svea_charging2/src/third_party/PythonRobotics/tests) by extensions ['colcon_pkg']
[0.578s] Level 1:colcon.colcon_core.package_identification:_identify(src/svea_charging2/src/third_party/PythonRobotics/tests) by extension 'colcon_pkg'
[0.578s] Level 1:colcon.colcon_core.package_identification:_identify(src/svea_charging2/src/third_party/PythonRobotics/tests) by extensions ['colcon_meta']
[0.578s] Level 1:colcon.colcon_core.package_identification:_identify(src/svea_charging2/src/third_party/PythonRobotics/tests) by extension 'colcon_meta'
[0.578s] Level 1:colcon.colcon_core.package_identification:_identify(src/svea_charging2/src/third_party/PythonRobotics/tests) by extensions ['ros']
[0.578s] Level 1:colcon.colcon_core.package_identification:_identify(src/svea_charging2/src/third_party/PythonRobotics/tests) by extension 'ros'
[0.578s] Level 1:colcon.colcon_core.package_identification:_identify(src/svea_charging2/src/third_party/PythonRobotics/tests) by extensions ['cmake', 'python']
[0.578s] Level 1:colcon.colcon_core.package_identification:_identify(src/svea_charging2/src/third_party/PythonRobotics/tests) by extension 'cmake'
[0.578s] Level 1:colcon.colcon_core.package_identification:_identify(src/svea_charging2/src/third_party/PythonRobotics/tests) by extension 'python'
[0.578s] Level 1:colcon.colcon_core.package_identification:_identify(src/svea_charging2/src/third_party/PythonRobotics/tests) by extensions ['python_setup_py']
[0.578s] Level 1:colcon.colcon_core.package_identification:_identify(src/svea_charging2/src/third_party/PythonRobotics/tests) by extension 'python_setup_py'
[0.578s] Level 1:colcon.colcon_core.package_identification:_identify(src/svea_charging2/src/third_party/PythonRobotics/utils) by extensions ['ignore', 'ignore_ament_install']
[0.579s] Level 1:colcon.colcon_core.package_identification:_identify(src/svea_charging2/src/third_party/PythonRobotics/utils) by extension 'ignore'
[0.579s] Level 1:colcon.colcon_core.package_identification:_identify(src/svea_charging2/src/third_party/PythonRobotics/utils) by extension 'ignore_ament_install'
[0.579s] Level 1:colcon.colcon_core.package_identification:_identify(src/svea_charging2/src/third_party/PythonRobotics/utils) by extensions ['colcon_pkg']
[0.579s] Level 1:colcon.colcon_core.package_identification:_identify(src/svea_charging2/src/third_party/PythonRobotics/utils) by extension 'colcon_pkg'
[0.579s] Level 1:colcon.colcon_core.package_identification:_identify(src/svea_charging2/src/third_party/PythonRobotics/utils) by extensions ['colcon_meta']
[0.579s] Level 1:colcon.colcon_core.package_identification:_identify(src/svea_charging2/src/third_party/PythonRobotics/utils) by extension 'colcon_meta'
[0.579s] Level 1:colcon.colcon_core.package_identification:_identify(src/svea_charging2/src/third_party/PythonRobotics/utils) by extensions ['ros']
[0.579s] Level 1:colcon.colcon_core.package_identification:_identify(src/svea_charging2/src/third_party/PythonRobotics/utils) by extension 'ros'
[0.579s] Level 1:colcon.colcon_core.package_identification:_identify(src/svea_charging2/src/third_party/PythonRobotics/utils) by extensions ['cmake', 'python']
[0.579s] Level 1:colcon.colcon_core.package_identification:_identify(src/svea_charging2/src/third_party/PythonRobotics/utils) by extension 'cmake'
[0.579s] Level 1:colcon.colcon_core.package_identification:_identify(src/svea_charging2/src/third_party/PythonRobotics/utils) by extension 'python'
[0.579s] Level 1:colcon.colcon_core.package_identification:_identify(src/svea_charging2/src/third_party/PythonRobotics/utils) by extensions ['python_setup_py']
[0.579s] Level 1:colcon.colcon_core.package_identification:_identify(src/svea_charging2/src/third_party/PythonRobotics/utils) by extension 'python_setup_py'
[0.579s] Level 1:colcon.colcon_core.package_identification:_identify(src/svea_charging2/src/third_party/btree) by extensions ['ignore', 'ignore_ament_install']
[0.579s] Level 1:colcon.colcon_core.package_identification:_identify(src/svea_charging2/src/third_party/btree) by extension 'ignore'
[0.580s] Level 1:colcon.colcon_core.package_identification:_identify(src/svea_charging2/src/third_party/btree) by extension 'ignore_ament_install'
[0.580s] Level 1:colcon.colcon_core.package_identification:_identify(src/svea_charging2/src/third_party/btree) by extensions ['colcon_pkg']
[0.580s] Level 1:colcon.colcon_core.package_identification:_identify(src/svea_charging2/src/third_party/btree) by extension 'colcon_pkg'
[0.580s] Level 1:colcon.colcon_core.package_identification:_identify(src/svea_charging2/src/third_party/btree) by extensions ['colcon_meta']
[0.580s] Level 1:colcon.colcon_core.package_identification:_identify(src/svea_charging2/src/third_party/btree) by extension 'colcon_meta'
[0.580s] Level 1:colcon.colcon_core.package_identification:_identify(src/svea_charging2/src/third_party/btree) by extensions ['ros']
[0.580s] Level 1:colcon.colcon_core.package_identification:_identify(src/svea_charging2/src/third_party/btree) by extension 'ros'
[0.580s] Level 1:colcon.colcon_core.package_identification:_identify(src/svea_charging2/src/third_party/btree) by extensions ['cmake', 'python']
[0.580s] Level 1:colcon.colcon_core.package_identification:_identify(src/svea_charging2/src/third_party/btree) by extension 'cmake'
[0.580s] Level 1:colcon.colcon_core.package_identification:_identify(src/svea_charging2/src/third_party/btree) by extension 'python'
[0.580s] Level 1:colcon.colcon_core.package_identification:_identify(src/svea_charging2/src/third_party/btree) by extensions ['python_setup_py']
[0.580s] Level 1:colcon.colcon_core.package_identification:_identify(src/svea_charging2/src/third_party/btree) by extension 'python_setup_py'
[0.580s] Level 1:colcon.colcon_core.package_identification:_identify(src/svea_charging2/src/third_party/btree/__pycache__) by extensions ['ignore', 'ignore_ament_install']
[0.580s] Level 1:colcon.colcon_core.package_identification:_identify(src/svea_charging2/src/third_party/btree/__pycache__) by extension 'ignore'
[0.581s] Level 1:colcon.colcon_core.package_identification:_identify(src/svea_charging2/src/third_party/btree/__pycache__) by extension 'ignore_ament_install'
[0.581s] Level 1:colcon.colcon_core.package_identification:_identify(src/svea_charging2/src/third_party/btree/__pycache__) by extensions ['colcon_pkg']
[0.581s] Level 1:colcon.colcon_core.package_identification:_identify(src/svea_charging2/src/third_party/btree/__pycache__) by extension 'colcon_pkg'
[0.581s] Level 1:colcon.colcon_core.package_identification:_identify(src/svea_charging2/src/third_party/btree/__pycache__) by extensions ['colcon_meta']
[0.581s] Level 1:colcon.colcon_core.package_identification:_identify(src/svea_charging2/src/third_party/btree/__pycache__) by extension 'colcon_meta'
[0.581s] Level 1:colcon.colcon_core.package_identification:_identify(src/svea_charging2/src/third_party/btree/__pycache__) by extensions ['ros']
[0.581s] Level 1:colcon.colcon_core.package_identification:_identify(src/svea_charging2/src/third_party/btree/__pycache__) by extension 'ros'
[0.581s] Level 1:colcon.colcon_core.package_identification:_identify(src/svea_charging2/src/third_party/btree/__pycache__) by extensions ['cmake', 'python']
[0.581s] Level 1:colcon.colcon_core.package_identification:_identify(src/svea_charging2/src/third_party/btree/__pycache__) by extension 'cmake'
[0.581s] Level 1:colcon.colcon_core.package_identification:_identify(src/svea_charging2/src/third_party/btree/__pycache__) by extension 'python'
[0.581s] Level 1:colcon.colcon_core.package_identification:_identify(src/svea_charging2/src/third_party/btree/__pycache__) by extensions ['python_setup_py']
[0.581s] Level 1:colcon.colcon_core.package_identification:_identify(src/svea_charging2/src/third_party/btree/__pycache__) by extension 'python_setup_py'
[0.581s] Level 1:colcon.colcon_core.package_identification:_identify(src/svea_charging2/src/third_party/btree/btree) by extensions ['ignore', 'ignore_ament_install']
[0.581s] Level 1:colcon.colcon_core.package_identification:_identify(src/svea_charging2/src/third_party/btree/btree) by extension 'ignore'
[0.582s] Level 1:colcon.colcon_core.package_identification:_identify(src/svea_charging2/src/third_party/btree/btree) by extension 'ignore_ament_install'
[0.582s] Level 1:colcon.colcon_core.package_identification:_identify(src/svea_charging2/src/third_party/btree/btree) by extensions ['colcon_pkg']
[0.582s] Level 1:colcon.colcon_core.package_identification:_identify(src/svea_charging2/src/third_party/btree/btree) by extension 'colcon_pkg'
[0.582s] Level 1:colcon.colcon_core.package_identification:_identify(src/svea_charging2/src/third_party/btree/btree) by extensions ['colcon_meta']
[0.582s] Level 1:colcon.colcon_core.package_identification:_identify(src/svea_charging2/src/third_party/btree/btree) by extension 'colcon_meta'
[0.582s] Level 1:colcon.colcon_core.package_identification:_identify(src/svea_charging2/src/third_party/btree/btree) by extensions ['ros']
[0.582s] Level 1:colcon.colcon_core.package_identification:_identify(src/svea_charging2/src/third_party/btree/btree) by extension 'ros'
[0.582s] Level 1:colcon.colcon_core.package_identification:_identify(src/svea_charging2/src/third_party/btree/btree) by extensions ['cmake', 'python']
[0.582s] Level 1:colcon.colcon_core.package_identification:_identify(src/svea_charging2/src/third_party/btree/btree) by extension 'cmake'
[0.582s] Level 1:colcon.colcon_core.package_identification:_identify(src/svea_charging2/src/third_party/btree/btree) by extension 'python'
[0.582s] Level 1:colcon.colcon_core.package_identification:_identify(src/svea_charging2/src/third_party/btree/btree) by extensions ['python_setup_py']
[0.582s] Level 1:colcon.colcon_core.package_identification:_identify(src/svea_charging2/src/third_party/btree/btree) by extension 'python_setup_py'
[0.582s] Level 1:colcon.colcon_core.package_identification:_identify(src/svea_charging2/src/third_party/btree/btree/__pycache__) by extensions ['ignore', 'ignore_ament_install']
[0.582s] Level 1:colcon.colcon_core.package_identification:_identify(src/svea_charging2/src/third_party/btree/btree/__pycache__) by extension 'ignore'
[0.583s] Level 1:colcon.colcon_core.package_identification:_identify(src/svea_charging2/src/third_party/btree/btree/__pycache__) by extension 'ignore_ament_install'
[0.583s] Level 1:colcon.colcon_core.package_identification:_identify(src/svea_charging2/src/third_party/btree/btree/__pycache__) by extensions ['colcon_pkg']
[0.583s] Level 1:colcon.colcon_core.package_identification:_identify(src/svea_charging2/src/third_party/btree/btree/__pycache__) by extension 'colcon_pkg'
[0.583s] Level 1:colcon.colcon_core.package_identification:_identify(src/svea_charging2/src/third_party/btree/btree/__pycache__) by extensions ['colcon_meta']
[0.583s] Level 1:colcon.colcon_core.package_identification:_identify(src/svea_charging2/src/third_party/btree/btree/__pycache__) by extension 'colcon_meta'
[0.583s] Level 1:colcon.colcon_core.package_identification:_identify(src/svea_charging2/src/third_party/btree/btree/__pycache__) by extensions ['ros']
[0.583s] Level 1:colcon.colcon_core.package_identification:_identify(src/svea_charging2/src/third_party/btree/btree/__pycache__) by extension 'ros'
[0.583s] Level 1:colcon.colcon_core.package_identification:_identify(src/svea_charging2/src/third_party/btree/btree/__pycache__) by extensions ['cmake', 'python']
[0.583s] Level 1:colcon.colcon_core.package_identification:_identify(src/svea_charging2/src/third_party/btree/btree/__pycache__) by extension 'cmake'
[0.583s] Level 1:colcon.colcon_core.package_identification:_identify(src/svea_charging2/src/third_party/btree/btree/__pycache__) by extension 'python'
[0.583s] Level 1:colcon.colcon_core.package_identification:_identify(src/svea_charging2/src/third_party/btree/btree/__pycache__) by extensions ['python_setup_py']
[0.583s] Level 1:colcon.colcon_core.package_identification:_identify(src/svea_charging2/src/third_party/btree/btree/__pycache__) by extension 'python_setup_py'
[0.583s] Level 1:colcon.colcon_core.package_identification:_identify(src/svea_core) by extensions ['ignore', 'ignore_ament_install']
[0.583s] Level 1:colcon.colcon_core.package_identification:_identify(src/svea_core) by extension 'ignore'
[0.584s] Level 1:colcon.colcon_core.package_identification:_identify(src/svea_core) by extension 'ignore_ament_install'
[0.584s] Level 1:colcon.colcon_core.package_identification:_identify(src/svea_core) by extensions ['colcon_pkg']
[0.584s] Level 1:colcon.colcon_core.package_identification:_identify(src/svea_core) by extension 'colcon_pkg'
[0.584s] Level 1:colcon.colcon_core.package_identification:_identify(src/svea_core) by extensions ['colcon_meta']
[0.584s] Level 1:colcon.colcon_core.package_identification:_identify(src/svea_core) by extension 'colcon_meta'
[0.584s] Level 1:colcon.colcon_core.package_identification:_identify(src/svea_core) by extensions ['ros']
[0.584s] Level 1:colcon.colcon_core.package_identification:_identify(src/svea_core) by extension 'ros'
[0.585s] DEBUG:colcon.colcon_core.package_identification:Package 'src/svea_core' with type 'ros.ament_python' and name 'svea_core'
[0.586s] Level 1:colcon.colcon_core.package_identification:_identify(src/svea_examples) by extensions ['ignore', 'ignore_ament_install']
[0.586s] Level 1:colcon.colcon_core.package_identification:_identify(src/svea_examples) by extension 'ignore'
[0.586s] Level 1:colcon.colcon_core.package_identification:_identify(src/svea_examples) by extension 'ignore_ament_install'
[0.586s] Level 1:colcon.colcon_core.package_identification:_identify(src/svea_examples) by extensions ['colcon_pkg']
[0.586s] Level 1:colcon.colcon_core.package_identification:_identify(src/svea_examples) by extension 'colcon_pkg'
[0.586s] Level 1:colcon.colcon_core.package_identification:_identify(src/svea_examples) by extensions ['colcon_meta']
[0.586s] Level 1:colcon.colcon_core.package_identification:_identify(src/svea_examples) by extension 'colcon_meta'
[0.586s] Level 1:colcon.colcon_core.package_identification:_identify(src/svea_examples) by extensions ['ros']
[0.586s] Level 1:colcon.colcon_core.package_identification:_identify(src/svea_examples) by extension 'ros'
[0.587s] DEBUG:colcon.colcon_core.package_identification:Package 'src/svea_examples' with type 'ros.ament_python' and name 'svea_examples'
[0.587s] Level 1:colcon.colcon_core.package_identification:_identify(src/svea_localization) by extensions ['ignore', 'ignore_ament_install']
[0.587s] Level 1:colcon.colcon_core.package_identification:_identify(src/svea_localization) by extension 'ignore'
[0.587s] Level 1:colcon.colcon_core.package_identification:_identify(src/svea_localization) by extension 'ignore_ament_install'
[0.587s] Level 1:colcon.colcon_core.package_identification:_identify(src/svea_localization) by extensions ['colcon_pkg']
[0.587s] Level 1:colcon.colcon_core.package_identification:_identify(src/svea_localization) by extension 'colcon_pkg'
[0.587s] Level 1:colcon.colcon_core.package_identification:_identify(src/svea_localization) by extensions ['colcon_meta']
[0.587s] Level 1:colcon.colcon_core.package_identification:_identify(src/svea_localization) by extension 'colcon_meta'
[0.587s] Level 1:colcon.colcon_core.package_identification:_identify(src/svea_localization) by extensions ['ros']
[0.587s] Level 1:colcon.colcon_core.package_identification:_identify(src/svea_localization) by extension 'ros'
[0.594s] DEBUG:colcon.colcon_core.package_identification:Package 'src/svea_localization' with type 'ros.ament_python' and name 'svea_localization'
[0.594s] Level 1:colcon.colcon_core.package_identification:_identify(util) by extensions ['ignore', 'ignore_ament_install']
[0.594s] Level 1:colcon.colcon_core.package_identification:_identify(util) by extension 'ignore'
[0.594s] Level 1:colcon.colcon_core.package_identification:_identify(util) by extension 'ignore_ament_install'
[0.595s] Level 1:colcon.colcon_core.package_identification:_identify(util) by extensions ['colcon_pkg']
[0.595s] Level 1:colcon.colcon_core.package_identification:_identify(util) by extension 'colcon_pkg'
[0.595s] Level 1:colcon.colcon_core.package_identification:_identify(util) by extensions ['colcon_meta']
[0.595s] Level 1:colcon.colcon_core.package_identification:_identify(util) by extension 'colcon_meta'
[0.595s] Level 1:colcon.colcon_core.package_identification:_identify(util) by extensions ['ros']
[0.595s] Level 1:colcon.colcon_core.package_identification:_identify(util) by extension 'ros'
[0.595s] Level 1:colcon.colcon_core.package_identification:_identify(util) by extensions ['cmake', 'python']
[0.595s] Level 1:colcon.colcon_core.package_identification:_identify(util) by extension 'cmake'
[0.595s] Level 1:colcon.colcon_core.package_identification:_identify(util) by extension 'python'
[0.595s] Level 1:colcon.colcon_core.package_identification:_identify(util) by extensions ['python_setup_py']
[0.595s] Level 1:colcon.colcon_core.package_identification:_identify(util) by extension 'python_setup_py'
[0.595s] Level 1:colcon.colcon_core.package_discovery:discover_packages(recursive) using defaults
[0.595s] Level 1:colcon.colcon_core.package_discovery:discover_packages(ignore) discover
[0.595s] Level 1:colcon.colcon_core.package_discovery:discover_packages(ignore) using defaults
[0.595s] Level 1:colcon.colcon_core.package_discovery:discover_packages(path) discover
[0.595s] Level 1:colcon.colcon_core.package_discovery:discover_packages(path) using defaults
[0.630s] Level 1:colcon.colcon_core.package_discovery:discover_packages(prefix_path) check parameters
[0.630s] Level 1:colcon.colcon_core.package_discovery:discover_packages(prefix_path) discover
[0.637s] DEBUG:colcon.colcon_installed_package_information.package_discovery:Found 441 installed packages in /opt/ros/jazzy
[0.640s] Level 1:colcon.colcon_core.package_discovery:discover_packages(prefix_path) using defaults
[0.735s] Level 5:colcon.colcon_core.verb:set package 'svea_charging' build argument 'cmake_args' from command line to 'None'
[0.735s] Level 5:colcon.colcon_core.verb:set package 'svea_charging' build argument 'cmake_target' from command line to 'None'
[0.735s] Level 5:colcon.colcon_core.verb:set package 'svea_charging' build argument 'cmake_target_skip_unavailable' from command line to 'False'
[0.735s] Level 5:colcon.colcon_core.verb:set package 'svea_charging' build argument 'cmake_clean_cache' from command line to 'False'
[0.735s] Level 5:colcon.colcon_core.verb:set package 'svea_charging' build argument 'cmake_clean_first' from command line to 'False'
[0.735s] Level 5:colcon.colcon_core.verb:set package 'svea_charging' build argument 'cmake_force_configure' from command line to 'False'
[0.735s] Level 5:colcon.colcon_core.verb:set package 'svea_charging' build argument 'ament_cmake_args' from command line to 'None'
[0.735s] Level 5:colcon.colcon_core.verb:set package 'svea_charging' build argument 'catkin_cmake_args' from command line to 'None'
[0.735s] Level 5:colcon.colcon_core.verb:set package 'svea_charging' build argument 'catkin_skip_building_tests' from command line to 'False'
[0.735s] DEBUG:colcon.colcon_core.verb:Building package 'svea_charging' with the following arguments: {'ament_cmake_args': None, 'build_base': '/home/eliasalbag/KTH/sveaMasterThesis/svea_charging/build/svea_charging', 'catkin_cmake_args': None, 'catkin_skip_building_tests': False, 'cmake_args': None, 'cmake_clean_cache': False, 'cmake_clean_first': False, 'cmake_force_configure': False, 'cmake_target': None, 'cmake_target_skip_unavailable': False, 'install_base': '/home/eliasalbag/KTH/sveaMasterThesis/svea_charging/install/svea_charging', 'merge_install': False, 'path': '/home/eliasalbag/KTH/sveaMasterThesis/svea_charging/src/svea_charging', 'symlink_install': False, 'test_result_base': None}
[0.735s] Level 5:colcon.colcon_core.verb:set package 'svea_localization' build argument 'cmake_args' from command line to 'None'
[0.735s] Level 5:colcon.colcon_core.verb:set package 'svea_localization' build argument 'cmake_target' from command line to 'None'
[0.735s] Level 5:colcon.colcon_core.verb:set package 'svea_localization' build argument 'cmake_target_skip_unavailable' from command line to 'False'
[0.735s] Level 5:colcon.colcon_core.verb:set package 'svea_localization' build argument 'cmake_clean_cache' from command line to 'False'
[0.735s] Level 5:colcon.colcon_core.verb:set package 'svea_localization' build argument 'cmake_clean_first' from command line to 'False'
[0.736s] Level 5:colcon.colcon_core.verb:set package 'svea_localization' build argument 'cmake_force_configure' from command line to 'False'
[0.736s] Level 5:colcon.colcon_core.verb:set package 'svea_localization' build argument 'ament_cmake_args' from command line to 'None'
[0.736s] Level 5:colcon.colcon_core.verb:set package 'svea_localization' build argument 'catkin_cmake_args' from command line to 'None'
[0.736s] Level 5:colcon.colcon_core.verb:set package 'svea_localization' build argument 'catkin_skip_building_tests' from command line to 'False'
[0.736s] DEBUG:colcon.colcon_core.verb:Building package 'svea_localization' with the following arguments: {'ament_cmake_args': None, 'build_base': '/home/eliasalbag/KTH/sveaMasterThesis/svea_charging/build/svea_localization', 'catkin_cmake_args': None, 'catkin_skip_building_tests': False, 'cmake_args': None, 'cmake_clean_cache': False, 'cmake_clean_first': False, 'cmake_force_configure': False, 'cmake_target': None, 'cmake_target_skip_unavailable': False, 'install_base': '/home/eliasalbag/KTH/sveaMasterThesis/svea_charging/install/svea_localization', 'merge_install': False, 'path': '/home/eliasalbag/KTH/sveaMasterThesis/svea_charging/src/svea_localization', 'symlink_install': False, 'test_result_base': None}
[0.736s] Level 5:colcon.colcon_core.verb:set package 'svea_core' build argument 'cmake_args' from command line to 'None'
[0.736s] Level 5:colcon.colcon_core.verb:set package 'svea_core' build argument 'cmake_target' from command line to 'None'
[0.736s] Level 5:colcon.colcon_core.verb:set package 'svea_core' build argument 'cmake_target_skip_unavailable' from command line to 'False'
[0.736s] Level 5:colcon.colcon_core.verb:set package 'svea_core' build argument 'cmake_clean_cache' from command line to 'False'
[0.736s] Level 5:colcon.colcon_core.verb:set package 'svea_core' build argument 'cmake_clean_first' from command line to 'False'
[0.736s] Level 5:colcon.colcon_core.verb:set package 'svea_core' build argument 'cmake_force_configure' from command line to 'False'
[0.736s] Level 5:colcon.colcon_core.verb:set package 'svea_core' build argument 'ament_cmake_args' from command line to 'None'
[0.736s] Level 5:colcon.colcon_core.verb:set package 'svea_core' build argument 'catkin_cmake_args' from command line to 'None'
[0.736s] Level 5:colcon.colcon_core.verb:set package 'svea_core' build argument 'catkin_skip_building_tests' from command line to 'False'
[0.736s] DEBUG:colcon.colcon_core.verb:Building package 'svea_core' with the following arguments: {'ament_cmake_args': None, 'build_base': '/home/eliasalbag/KTH/sveaMasterThesis/svea_charging/build/svea_core', 'catkin_cmake_args': None, 'catkin_skip_building_tests': False, 'cmake_args': None, 'cmake_clean_cache': False, 'cmake_clean_first': False, 'cmake_force_configure': False, 'cmake_target': None, 'cmake_target_skip_unavailable': False, 'install_base': '/home/eliasalbag/KTH/sveaMasterThesis/svea_charging/install/svea_core', 'merge_install': False, 'path': '/home/eliasalbag/KTH/sveaMasterThesis/svea_charging/src/svea_core', 'symlink_install': False, 'test_result_base': None}
[0.737s] Level 5:colcon.colcon_core.verb:set package 'svea_examples' build argument 'cmake_args' from command line to 'None'
[0.737s] Level 5:colcon.colcon_core.verb:set package 'svea_examples' build argument 'cmake_target' from command line to 'None'
[0.737s] Level 5:colcon.colcon_core.verb:set package 'svea_examples' build argument 'cmake_target_skip_unavailable' from command line to 'False'
[0.737s] Level 5:colcon.colcon_core.verb:set package 'svea_examples' build argument 'cmake_clean_cache' from command line to 'False'
[0.737s] Level 5:colcon.colcon_core.verb:set package 'svea_examples' build argument 'cmake_clean_first' from command line to 'False'
[0.737s] Level 5:colcon.colcon_core.verb:set package 'svea_examples' build argument 'cmake_force_configure' from command line to 'False'
[0.737s] Level 5:colcon.colcon_core.verb:set package 'svea_examples' build argument 'ament_cmake_args' from command line to 'None'
[0.737s] Level 5:colcon.colcon_core.verb:set package 'svea_examples' build argument 'catkin_cmake_args' from command line to 'None'
[0.737s] Level 5:colcon.colcon_core.verb:set package 'svea_examples' build argument 'catkin_skip_building_tests' from command line to 'False'
[0.737s] DEBUG:colcon.colcon_core.verb:Building package 'svea_examples' with the following arguments: {'ament_cmake_args': None, 'build_base': '/home/eliasalbag/KTH/sveaMasterThesis/svea_charging/build/svea_examples', 'catkin_cmake_args': None, 'catkin_skip_building_tests': False, 'cmake_args': None, 'cmake_clean_cache': False, 'cmake_clean_first': False, 'cmake_force_configure': False, 'cmake_target': None, 'cmake_target_skip_unavailable': False, 'install_base': '/home/eliasalbag/KTH/sveaMasterThesis/svea_charging/install/svea_examples', 'merge_install': False, 'path': '/home/eliasalbag/KTH/sveaMasterThesis/svea_charging/src/svea_examples', 'symlink_install': False, 'test_result_base': None}
[0.737s] INFO:colcon.colcon_core.executor:Executing jobs using 'parallel' executor
[0.738s] DEBUG:colcon.colcon_parallel_executor.executor.parallel:run_until_complete
[0.739s] INFO:colcon.colcon_ros.task.ament_python.build:Building ROS package in '/home/eliasalbag/KTH/sveaMasterThesis/svea_charging/src/svea_localization' with build type 'ament_python'
[0.739s] Level 1:colcon.colcon_core.shell:create_environment_hook('svea_localization', 'ament_prefix_path')
[0.744s] INFO:colcon.colcon_core.plugin_system:Skipping extension 'colcon_core.shell.bat': Not used on non-Windows systems
[0.744s] INFO:colcon.colcon_core.shell:Creating environment hook '/home/eliasalbag/KTH/sveaMasterThesis/svea_charging/install/svea_localization/share/svea_localization/hook/ament_prefix_path.ps1'
[0.745s] INFO:colcon.colcon_core.shell:Creating environment descriptor '/home/eliasalbag/KTH/sveaMasterThesis/svea_charging/install/svea_localization/share/svea_localization/hook/ament_prefix_path.dsv'
[0.747s] INFO:colcon.colcon_core.shell:Creating environment hook '/home/eliasalbag/KTH/sveaMasterThesis/svea_charging/install/svea_localization/share/svea_localization/hook/ament_prefix_path.sh'
[0.748s] INFO:colcon.colcon_core.shell:Skip shell extension 'powershell' for command environment: Not usable outside of PowerShell
[0.748s] DEBUG:colcon.colcon_core.shell:Skip shell extension 'dsv' for command environment
[0.754s] INFO:colcon.colcon_ros.task.ament_python.build:Building ROS package in '/home/eliasalbag/KTH/sveaMasterThesis/svea_charging/src/svea_charging' with build type 'ament_python'
[0.754s] Level 1:colcon.colcon_core.shell:create_environment_hook('svea_charging', 'ament_prefix_path')
[0.754s] INFO:colcon.colcon_core.shell:Creating environment hook '/home/eliasalbag/KTH/sveaMasterThesis/svea_charging/install/svea_charging/share/svea_charging/hook/ament_prefix_path.ps1'
[0.755s] INFO:colcon.colcon_core.shell:Creating environment descriptor '/home/eliasalbag/KTH/sveaMasterThesis/svea_charging/install/svea_charging/share/svea_charging/hook/ament_prefix_path.dsv'
[0.755s] INFO:colcon.colcon_core.shell:Creating environment hook '/home/eliasalbag/KTH/sveaMasterThesis/svea_charging/install/svea_charging/share/svea_charging/hook/ament_prefix_path.sh'
[0.756s] INFO:colcon.colcon_core.shell:Skip shell extension 'powershell' for command environment: Not usable outside of PowerShell
[0.756s] DEBUG:colcon.colcon_core.shell:Skip shell extension 'dsv' for command environment
[1.153s] INFO:colcon.colcon_core.task.python.build:Building Python package in '/home/eliasalbag/KTH/sveaMasterThesis/svea_charging/src/svea_localization'
[1.153s] INFO:colcon.colcon_core.shell:Skip shell extension 'powershell' for command environment: Not usable outside of PowerShell
[1.153s] DEBUG:colcon.colcon_core.shell:Skip shell extension 'dsv' for command environment
[1.550s] INFO:colcon.colcon_core.task.python.build:Building Python package in '/home/eliasalbag/KTH/sveaMasterThesis/svea_charging/src/svea_charging'
[1.551s] INFO:colcon.colcon_core.shell:Skip shell extension 'powershell' for command environment: Not usable outside of PowerShell
[1.551s] DEBUG:colcon.colcon_core.shell:Skip shell extension 'dsv' for command environment
[2.492s] DEBUG:colcon.colcon_core.event_handler.log_command:Invoking command in '/home/eliasalbag/KTH/sveaMasterThesis/svea_charging/src/svea_localization': DEBUGINFOD_URLS=https://debuginfod.ubuntu.com PYTHONPATH=/home/eliasalbag/KTH/sveaMasterThesis/svea_charging/build/svea_localization/prefix_override:/usr/lib/python3/dist-packages/colcon_core/task/python/colcon_distutils_commands:/home/eliasalbag/KTH/sveaMasterThesis/svea_charging/install/svea_localization/lib/python3.12/site-packages:${PYTHONPATH} /usr/bin/python3 -W ignore:setup.py install is deprecated -W ignore:easy_install command is deprecated setup.py egg_info --egg-base ../../build/svea_localization build --build-base /home/eliasalbag/KTH/sveaMasterThesis/svea_charging/build/svea_localization/build install --record /home/eliasalbag/KTH/sveaMasterThesis/svea_charging/build/svea_localization/install.log --single-version-externally-managed install_data
[2.496s] DEBUG:colcon.colcon_core.event_handler.log_command:Invoking command in '/home/eliasalbag/KTH/sveaMasterThesis/svea_charging/src/svea_charging': DEBUGINFOD_URLS=https://debuginfod.ubuntu.com PYTHONPATH=/home/eliasalbag/KTH/sveaMasterThesis/svea_charging/build/svea_charging/prefix_override:/usr/lib/python3/dist-packages/colcon_core/task/python/colcon_distutils_commands:/home/eliasalbag/KTH/sveaMasterThesis/svea_charging/install/svea_charging/lib/python3.12/site-packages:${PYTHONPATH} /usr/bin/python3 -W ignore:setup.py install is deprecated -W ignore:easy_install command is deprecated setup.py egg_info --egg-base ../../build/svea_charging build --build-base /home/eliasalbag/KTH/sveaMasterThesis/svea_charging/build/svea_charging/build install --record /home/eliasalbag/KTH/sveaMasterThesis/svea_charging/build/svea_charging/install.log --single-version-externally-managed install_data
[2.975s] DEBUG:colcon.colcon_core.event_handler.log_command:Invoked command in '/home/eliasalbag/KTH/sveaMasterThesis/svea_charging/src/svea_localization' returned '0': DEBUGINFOD_URLS=https://debuginfod.ubuntu.com PYTHONPATH=/home/eliasalbag/KTH/sveaMasterThesis/svea_charging/build/svea_localization/prefix_override:/usr/lib/python3/dist-packages/colcon_core/task/python/colcon_distutils_commands:/home/eliasalbag/KTH/sveaMasterThesis/svea_charging/install/svea_localization/lib/python3.12/site-packages:${PYTHONPATH} /usr/bin/python3 -W ignore:setup.py install is deprecated -W ignore:easy_install command is deprecated setup.py egg_info --egg-base ../../build/svea_localization build --build-base /home/eliasalbag/KTH/sveaMasterThesis/svea_charging/build/svea_localization/build install --record /home/eliasalbag/KTH/sveaMasterThesis/svea_charging/build/svea_localization/install.log --single-version-externally-managed install_data
[2.983s] Level 1:colcon.colcon_core.environment:checking '/home/eliasalbag/KTH/sveaMasterThesis/svea_charging/install/svea_localization' for CMake module files
[2.983s] Level 1:colcon.colcon_core.environment:checking '/home/eliasalbag/KTH/sveaMasterThesis/svea_charging/install/svea_localization' for CMake config files
[2.984s] Level 1:colcon.colcon_core.environment:checking '/home/eliasalbag/KTH/sveaMasterThesis/svea_charging/install/svea_localization/lib'
[2.984s] Level 1:colcon.colcon_core.environment:checking '/home/eliasalbag/KTH/sveaMasterThesis/svea_charging/install/svea_localization/bin'
[2.984s] Level 1:colcon.colcon_core.environment:checking '/home/eliasalbag/KTH/sveaMasterThesis/svea_charging/install/svea_localization/lib/pkgconfig/svea_localization.pc'
[2.984s] Level 1:colcon.colcon_core.environment:checking '/home/eliasalbag/KTH/sveaMasterThesis/svea_charging/install/svea_localization/lib/python3.12/site-packages'
[2.984s] Level 1:colcon.colcon_core.shell:create_environment_hook('svea_localization', 'pythonpath')
[2.984s] INFO:colcon.colcon_core.shell:Creating environment hook '/home/eliasalbag/KTH/sveaMasterThesis/svea_charging/install/svea_localization/share/svea_localization/hook/pythonpath.ps1'
[2.984s] INFO:colcon.colcon_core.shell:Creating environment descriptor '/home/eliasalbag/KTH/sveaMasterThesis/svea_charging/install/svea_localization/share/svea_localization/hook/pythonpath.dsv'
[2.985s] INFO:colcon.colcon_core.shell:Creating environment hook '/home/eliasalbag/KTH/sveaMasterThesis/svea_charging/install/svea_localization/share/svea_localization/hook/pythonpath.sh'
[2.985s] Level 1:colcon.colcon_core.environment:checking '/home/eliasalbag/KTH/sveaMasterThesis/svea_charging/install/svea_localization/bin'
[2.985s] Level 1:colcon.colcon_core.environment:create_environment_scripts_only(svea_localization)
[2.985s] INFO:colcon.colcon_core.shell:Creating package script '/home/eliasalbag/KTH/sveaMasterThesis/svea_charging/install/svea_localization/share/svea_localization/package.ps1'
[2.986s] INFO:colcon.colcon_core.shell:Creating package descriptor '/home/eliasalbag/KTH/sveaMasterThesis/svea_charging/install/svea_localization/share/svea_localization/package.dsv'
[2.987s] INFO:colcon.colcon_core.shell:Creating package script '/home/eliasalbag/KTH/sveaMasterThesis/svea_charging/install/svea_localization/share/svea_localization/package.sh'
[2.987s] INFO:colcon.colcon_core.shell:Creating package script '/home/eliasalbag/KTH/sveaMasterThesis/svea_charging/install/svea_localization/share/svea_localization/package.bash'
[2.988s] INFO:colcon.colcon_core.shell:Creating package script '/home/eliasalbag/KTH/sveaMasterThesis/svea_charging/install/svea_localization/share/svea_localization/package.zsh'
[2.988s] Level 1:colcon.colcon_core.environment:create_file_with_runtime_dependencies(/home/eliasalbag/KTH/sveaMasterThesis/svea_charging/install/svea_localization/share/colcon-core/packages/svea_localization)
[2.989s] INFO:colcon.colcon_ros.task.ament_python.build:Building ROS package in '/home/eliasalbag/KTH/sveaMasterThesis/svea_charging/src/svea_core' with build type 'ament_python'
[2.989s] Level 1:colcon.colcon_core.shell:create_environment_hook('svea_core', 'ament_prefix_path')
[2.989s] INFO:colcon.colcon_core.shell:Creating environment hook '/home/eliasalbag/KTH/sveaMasterThesis/svea_charging/install/svea_core/share/svea_core/hook/ament_prefix_path.ps1'
[2.990s] INFO:colcon.colcon_core.shell:Creating environment descriptor '/home/eliasalbag/KTH/sveaMasterThesis/svea_charging/install/svea_core/share/svea_core/hook/ament_prefix_path.dsv'
[2.990s] INFO:colcon.colcon_core.shell:Creating environment hook '/home/eliasalbag/KTH/sveaMasterThesis/svea_charging/install/svea_core/share/svea_core/hook/ament_prefix_path.sh'
[2.990s] INFO:colcon.colcon_core.shell:Skip shell extension 'powershell' for command environment: Not usable outside of PowerShell
[2.990s] DEBUG:colcon.colcon_core.shell:Skip shell extension 'dsv' for command environment
[2.994s] Level 1:colcon.colcon_core.environment:checking '/home/eliasalbag/KTH/sveaMasterThesis/svea_charging/install/svea_charging' for CMake module files
[2.994s] DEBUG:colcon.colcon_core.event_handler.log_command:Invoked command in '/home/eliasalbag/KTH/sveaMasterThesis/svea_charging/src/svea_charging' returned '0': DEBUGINFOD_URLS=https://debuginfod.ubuntu.com PYTHONPATH=/home/eliasalbag/KTH/sveaMasterThesis/svea_charging/build/svea_charging/prefix_override:/usr/lib/python3/dist-packages/colcon_core/task/python/colcon_distutils_commands:/home/eliasalbag/KTH/sveaMasterThesis/svea_charging/install/svea_charging/lib/python3.12/site-packages:${PYTHONPATH} /usr/bin/python3 -W ignore:setup.py install is deprecated -W ignore:easy_install command is deprecated setup.py egg_info --egg-base ../../build/svea_charging build --build-base /home/eliasalbag/KTH/sveaMasterThesis/svea_charging/build/svea_charging/build install --record /home/eliasalbag/KTH/sveaMasterThesis/svea_charging/build/svea_charging/install.log --single-version-externally-managed install_data
[2.994s] Level 1:colcon.colcon_core.environment:checking '/home/eliasalbag/KTH/sveaMasterThesis/svea_charging/install/svea_charging' for CMake config files
[2.995s] Level 1:colcon.colcon_core.environment:checking '/home/eliasalbag/KTH/sveaMasterThesis/svea_charging/install/svea_charging/lib'
[2.995s] Level 1:colcon.colcon_core.environment:checking '/home/eliasalbag/KTH/sveaMasterThesis/svea_charging/install/svea_charging/bin'
[2.995s] Level 1:colcon.colcon_core.environment:checking '/home/eliasalbag/KTH/sveaMasterThesis/svea_charging/install/svea_charging/lib/pkgconfig/svea_charging.pc'
[2.995s] Level 1:colcon.colcon_core.environment:checking '/home/eliasalbag/KTH/sveaMasterThesis/svea_charging/install/svea_charging/lib/python3.12/site-packages'
[2.995s] Level 1:colcon.colcon_core.shell:create_environment_hook('svea_charging', 'pythonpath')
[2.995s] INFO:colcon.colcon_core.shell:Creating environment hook '/home/eliasalbag/KTH/sveaMasterThesis/svea_charging/install/svea_charging/share/svea_charging/hook/pythonpath.ps1'
[2.996s] INFO:colcon.colcon_core.shell:Creating environment descriptor '/home/eliasalbag/KTH/sveaMasterThesis/svea_charging/install/svea_charging/share/svea_charging/hook/pythonpath.dsv'
[2.996s] INFO:colcon.colcon_core.shell:Creating environment hook '/home/eliasalbag/KTH/sveaMasterThesis/svea_charging/install/svea_charging/share/svea_charging/hook/pythonpath.sh'
[2.996s] Level 1:colcon.colcon_core.environment:checking '/home/eliasalbag/KTH/sveaMasterThesis/svea_charging/install/svea_charging/bin'
[2.996s] Level 1:colcon.colcon_core.environment:create_environment_scripts_only(svea_charging)
[2.997s] INFO:colcon.colcon_core.shell:Creating package script '/home/eliasalbag/KTH/sveaMasterThesis/svea_charging/install/svea_charging/share/svea_charging/package.ps1'
[2.997s] INFO:colcon.colcon_core.shell:Creating package descriptor '/home/eliasalbag/KTH/sveaMasterThesis/svea_charging/install/svea_charging/share/svea_charging/package.dsv'
[2.997s] INFO:colcon.colcon_core.shell:Creating package script '/home/eliasalbag/KTH/sveaMasterThesis/svea_charging/install/svea_charging/share/svea_charging/package.sh'
[2.997s] INFO:colcon.colcon_core.shell:Creating package script '/home/eliasalbag/KTH/sveaMasterThesis/svea_charging/install/svea_charging/share/svea_charging/package.bash'
[2.998s] INFO:colcon.colcon_core.shell:Creating package script '/home/eliasalbag/KTH/sveaMasterThesis/svea_charging/install/svea_charging/share/svea_charging/package.zsh'
[2.998s] Level 1:colcon.colcon_core.environment:create_file_with_runtime_dependencies(/home/eliasalbag/KTH/sveaMasterThesis/svea_charging/install/svea_charging/share/colcon-core/packages/svea_charging)
[3.173s] INFO:colcon.colcon_core.task.python.build:Building Python package in '/home/eliasalbag/KTH/sveaMasterThesis/svea_charging/src/svea_core'
[3.173s] INFO:colcon.colcon_core.shell:Skip shell extension 'powershell' for command environment: Not usable outside of PowerShell
[3.173s] DEBUG:colcon.colcon_core.shell:Skip shell extension 'dsv' for command environment
[3.719s] DEBUG:colcon.colcon_core.event_handler.log_command:Invoking command in '/home/eliasalbag/KTH/sveaMasterThesis/svea_charging/src/svea_core': AMENT_PREFIX_PATH=/home/eliasalbag/KTH/sveaMasterThesis/svea_charging/install/svea_localization:${AMENT_PREFIX_PATH} DEBUGINFOD_URLS=https://debuginfod.ubuntu.com PYTHONPATH=/home/eliasalbag/KTH/sveaMasterThesis/svea_charging/build/svea_core/prefix_override:/usr/lib/python3/dist-packages/colcon_core/task/python/colcon_distutils_commands:/home/eliasalbag/KTH/sveaMasterThesis/svea_charging/install/svea_core/lib/python3.12/site-packages:/home/eliasalbag/KTH/sveaMasterThesis/svea_charging/install/svea_localization/lib/python3.12/site-packages:${PYTHONPATH} /usr/bin/python3 -W ignore:setup.py install is deprecated -W ignore:easy_install command is deprecated setup.py egg_info --egg-base ../../build/svea_core build --build-base /home/eliasalbag/KTH/sveaMasterThesis/svea_charging/build/svea_core/build install --record /home/eliasalbag/KTH/sveaMasterThesis/svea_charging/build/svea_core/install.log --single-version-externally-managed install_data
[4.300s] Level 1:colcon.colcon_core.environment:checking '/home/eliasalbag/KTH/sveaMasterThesis/svea_charging/install/svea_core' for CMake module files
[4.300s] DEBUG:colcon.colcon_core.event_handler.log_command:Invoked command in '/home/eliasalbag/KTH/sveaMasterThesis/svea_charging/src/svea_core' returned '0': AMENT_PREFIX_PATH=/home/eliasalbag/KTH/sveaMasterThesis/svea_charging/install/svea_localization:${AMENT_PREFIX_PATH} DEBUGINFOD_URLS=https://debuginfod.ubuntu.com PYTHONPATH=/home/eliasalbag/KTH/sveaMasterThesis/svea_charging/build/svea_core/prefix_override:/usr/lib/python3/dist-packages/colcon_core/task/python/colcon_distutils_commands:/home/eliasalbag/KTH/sveaMasterThesis/svea_charging/install/svea_core/lib/python3.12/site-packages:/home/eliasalbag/KTH/sveaMasterThesis/svea_charging/install/svea_localization/lib/python3.12/site-packages:${PYTHONPATH} /usr/bin/python3 -W ignore:setup.py install is deprecated -W ignore:easy_install command is deprecated setup.py egg_info --egg-base ../../build/svea_core build --build-base /home/eliasalbag/KTH/sveaMasterThesis/svea_charging/build/svea_core/build install --record /home/eliasalbag/KTH/sveaMasterThesis/svea_charging/build/svea_core/install.log --single-version-externally-managed install_data
[4.300s] Level 1:colcon.colcon_core.environment:checking '/home/eliasalbag/KTH/sveaMasterThesis/svea_charging/install/svea_core' for CMake config files
[4.301s] Level 1:colcon.colcon_core.environment:checking '/home/eliasalbag/KTH/sveaMasterThesis/svea_charging/install/svea_core/lib'
[4.301s] Level 1:colcon.colcon_core.environment:checking '/home/eliasalbag/KTH/sveaMasterThesis/svea_charging/install/svea_core/bin'
[4.301s] Level 1:colcon.colcon_core.environment:checking '/home/eliasalbag/KTH/sveaMasterThesis/svea_charging/install/svea_core/lib/pkgconfig/svea_core.pc'
[4.301s] Level 1:colcon.colcon_core.environment:checking '/home/eliasalbag/KTH/sveaMasterThesis/svea_charging/install/svea_core/lib/python3.12/site-packages'
[4.301s] Level 1:colcon.colcon_core.shell:create_environment_hook('svea_core', 'pythonpath')
[4.302s] INFO:colcon.colcon_core.shell:Creating environment hook '/home/eliasalbag/KTH/sveaMasterThesis/svea_charging/install/svea_core/share/svea_core/hook/pythonpath.ps1'
[4.302s] INFO:colcon.colcon_core.shell:Creating environment descriptor '/home/eliasalbag/KTH/sveaMasterThesis/svea_charging/install/svea_core/share/svea_core/hook/pythonpath.dsv'
[4.302s] INFO:colcon.colcon_core.shell:Creating environment hook '/home/eliasalbag/KTH/sveaMasterThesis/svea_charging/install/svea_core/share/svea_core/hook/pythonpath.sh'
[4.303s] Level 1:colcon.colcon_core.environment:checking '/home/eliasalbag/KTH/sveaMasterThesis/svea_charging/install/svea_core/bin'
[4.303s] Level 1:colcon.colcon_core.environment:create_environment_scripts_only(svea_core)
[4.303s] INFO:colcon.colcon_core.shell:Creating package script '/home/eliasalbag/KTH/sveaMasterThesis/svea_charging/install/svea_core/share/svea_core/package.ps1'
[4.303s] INFO:colcon.colcon_core.shell:Creating package descriptor '/home/eliasalbag/KTH/sveaMasterThesis/svea_charging/install/svea_core/share/svea_core/package.dsv'
[4.303s] INFO:colcon.colcon_core.shell:Creating package script '/home/eliasalbag/KTH/sveaMasterThesis/svea_charging/install/svea_core/share/svea_core/package.sh'
[4.304s] INFO:colcon.colcon_core.shell:Creating package script '/home/eliasalbag/KTH/sveaMasterThesis/svea_charging/install/svea_core/share/svea_core/package.bash'
[4.304s] INFO:colcon.colcon_core.shell:Creating package script '/home/eliasalbag/KTH/sveaMasterThesis/svea_charging/install/svea_core/share/svea_core/package.zsh'
[4.304s] Level 1:colcon.colcon_core.environment:create_file_with_runtime_dependencies(/home/eliasalbag/KTH/sveaMasterThesis/svea_charging/install/svea_core/share/colcon-core/packages/svea_core)
[4.304s] INFO:colcon.colcon_ros.task.ament_python.build:Building ROS package in '/home/eliasalbag/KTH/sveaMasterThesis/svea_charging/src/svea_examples' with build type 'ament_python'
[4.305s] Level 1:colcon.colcon_core.shell:create_environment_hook('svea_examples', 'ament_prefix_path')
[4.305s] INFO:colcon.colcon_core.shell:Creating environment hook '/home/eliasalbag/KTH/sveaMasterThesis/svea_charging/install/svea_examples/share/svea_examples/hook/ament_prefix_path.ps1'
[4.306s] INFO:colcon.colcon_core.shell:Creating environment descriptor '/home/eliasalbag/KTH/sveaMasterThesis/svea_charging/install/svea_examples/share/svea_examples/hook/ament_prefix_path.dsv'
[4.306s] INFO:colcon.colcon_core.shell:Creating environment hook '/home/eliasalbag/KTH/sveaMasterThesis/svea_charging/install/svea_examples/share/svea_examples/hook/ament_prefix_path.sh'
[4.306s] INFO:colcon.colcon_core.shell:Skip shell extension 'powershell' for command environment: Not usable outside of PowerShell
[4.306s] DEBUG:colcon.colcon_core.shell:Skip shell extension 'dsv' for command environment
[4.502s] INFO:colcon.colcon_core.task.python.build:Building Python package in '/home/eliasalbag/KTH/sveaMasterThesis/svea_charging/src/svea_examples'
[4.502s] INFO:colcon.colcon_core.shell:Skip shell extension 'powershell' for command environment: Not usable outside of PowerShell
[4.502s] DEBUG:colcon.colcon_core.shell:Skip shell extension 'dsv' for command environment
[5.050s] DEBUG:colcon.colcon_core.event_handler.log_command:Invoking command in '/home/eliasalbag/KTH/sveaMasterThesis/svea_charging/src/svea_examples': AMENT_PREFIX_PATH=/home/eliasalbag/KTH/sveaMasterThesis/svea_charging/install/svea_core:/home/eliasalbag/KTH/sveaMasterThesis/svea_charging/install/svea_localization:${AMENT_PREFIX_PATH} DEBUGINFOD_URLS=https://debuginfod.ubuntu.com PYTHONPATH=/home/eliasalbag/KTH/sveaMasterThesis/svea_charging/build/svea_examples/prefix_override:/usr/lib/python3/dist-packages/colcon_core/task/python/colcon_distutils_commands:/home/eliasalbag/KTH/sveaMasterThesis/svea_charging/install/svea_examples/lib/python3.12/site-packages:/home/eliasalbag/KTH/sveaMasterThesis/svea_charging/install/svea_core/lib/python3.12/site-packages:/home/eliasalbag/KTH/sveaMasterThesis/svea_charging/install/svea_localization/lib/python3.12/site-packages:${PYTHONPATH} /usr/bin/python3 -W ignore:setup.py install is deprecated -W ignore:easy_install command is deprecated setup.py egg_info --egg-base ../../build/svea_examples build --build-base /home/eliasalbag/KTH/sveaMasterThesis/svea_charging/build/svea_examples/build install --record /home/eliasalbag/KTH/sveaMasterThesis/svea_charging/build/svea_examples/install.log --single-version-externally-managed install_data
[5.577s] Level 1:colcon.colcon_core.environment:checking '/home/eliasalbag/KTH/sveaMasterThesis/svea_charging/install/svea_examples' for CMake module files
[5.578s] DEBUG:colcon.colcon_core.event_handler.log_command:Invoked command in '/home/eliasalbag/KTH/sveaMasterThesis/svea_charging/src/svea_examples' returned '0': AMENT_PREFIX_PATH=/home/eliasalbag/KTH/sveaMasterThesis/svea_charging/install/svea_core:/home/eliasalbag/KTH/sveaMasterThesis/svea_charging/install/svea_localization:${AMENT_PREFIX_PATH} DEBUGINFOD_URLS=https://debuginfod.ubuntu.com PYTHONPATH=/home/eliasalbag/KTH/sveaMasterThesis/svea_charging/build/svea_examples/prefix_override:/usr/lib/python3/dist-packages/colcon_core/task/python/colcon_distutils_commands:/home/eliasalbag/KTH/sveaMasterThesis/svea_charging/install/svea_examples/lib/python3.12/site-packages:/home/eliasalbag/KTH/sveaMasterThesis/svea_charging/install/svea_core/lib/python3.12/site-packages:/home/eliasalbag/KTH/sveaMasterThesis/svea_charging/install/svea_localization/lib/python3.12/site-packages:${PYTHONPATH} /usr/bin/python3 -W ignore:setup.py install is deprecated -W ignore:easy_install command is deprecated setup.py egg_info --egg-base ../../build/svea_examples build --build-base /home/eliasalbag/KTH/sveaMasterThesis/svea_charging/build/svea_examples/build install --record /home/eliasalbag/KTH/sveaMasterThesis/svea_charging/build/svea_examples/install.log --single-version-externally-managed install_data
[5.578s] Level 1:colcon.colcon_core.environment:checking '/home/eliasalbag/KTH/sveaMasterThesis/svea_charging/install/svea_examples' for CMake config files
[5.579s] Level 1:colcon.colcon_core.environment:checking '/home/eliasalbag/KTH/sveaMasterThesis/svea_charging/install/svea_examples/lib'
[5.579s] Level 1:colcon.colcon_core.environment:checking '/home/eliasalbag/KTH/sveaMasterThesis/svea_charging/install/svea_examples/bin'
[5.579s] Level 1:colcon.colcon_core.environment:checking '/home/eliasalbag/KTH/sveaMasterThesis/svea_charging/install/svea_examples/lib/pkgconfig/svea_examples.pc'
[5.579s] Level 1:colcon.colcon_core.environment:checking '/home/eliasalbag/KTH/sveaMasterThesis/svea_charging/install/svea_examples/lib/python3.12/site-packages'
[5.579s] Level 1:colcon.colcon_core.shell:create_environment_hook('svea_examples', 'pythonpath')
[5.580s] INFO:colcon.colcon_core.shell:Creating environment hook '/home/eliasalbag/KTH/sveaMasterThesis/svea_charging/install/svea_examples/share/svea_examples/hook/pythonpath.ps1'
[5.580s] INFO:colcon.colcon_core.shell:Creating environment descriptor '/home/eliasalbag/KTH/sveaMasterThesis/svea_charging/install/svea_examples/share/svea_examples/hook/pythonpath.dsv'
[5.580s] INFO:colcon.colcon_core.shell:Creating environment hook '/home/eliasalbag/KTH/sveaMasterThesis/svea_charging/install/svea_examples/share/svea_examples/hook/pythonpath.sh'
[5.581s] Level 1:colcon.colcon_core.environment:checking '/home/eliasalbag/KTH/sveaMasterThesis/svea_charging/install/svea_examples/bin'
[5.581s] Level 1:colcon.colcon_core.environment:create_environment_scripts_only(svea_examples)
[5.581s] INFO:colcon.colcon_core.shell:Creating package script '/home/eliasalbag/KTH/sveaMasterThesis/svea_charging/install/svea_examples/share/svea_examples/package.ps1'
[5.581s] INFO:colcon.colcon_core.shell:Creating package descriptor '/home/eliasalbag/KTH/sveaMasterThesis/svea_charging/install/svea_examples/share/svea_examples/package.dsv'
[5.582s] INFO:colcon.colcon_core.shell:Creating package script '/home/eliasalbag/KTH/sveaMasterThesis/svea_charging/install/svea_examples/share/svea_examples/package.sh'
[5.582s] INFO:colcon.colcon_core.shell:Creating package script '/home/eliasalbag/KTH/sveaMasterThesis/svea_charging/install/svea_examples/share/svea_examples/package.bash'
[5.582s] INFO:colcon.colcon_core.shell:Creating package script '/home/eliasalbag/KTH/sveaMasterThesis/svea_charging/install/svea_examples/share/svea_examples/package.zsh'
[5.583s] Level 1:colcon.colcon_core.environment:create_file_with_runtime_dependencies(/home/eliasalbag/KTH/sveaMasterThesis/svea_charging/install/svea_examples/share/colcon-core/packages/svea_examples)
[5.583s] DEBUG:colcon.colcon_parallel_executor.executor.parallel:closing loop
[5.583s] DEBUG:colcon.colcon_parallel_executor.executor.parallel:loop closed
[5.583s] DEBUG:colcon.colcon_parallel_executor.executor.parallel:run_until_complete finished with '0'
[5.584s] DEBUG:colcon.colcon_core.event_reactor:joining thread
[5.609s] INFO:colcon.colcon_core.plugin_system:Skipping extension 'colcon_notification.desktop_notification.terminal_notifier': Not used on non-Darwin systems
[5.609s] INFO:colcon.colcon_core.plugin_system:Skipping extension 'colcon_notification.desktop_notification.win32': Not used on non-Windows systems
[5.609s] INFO:colcon.colcon_notification.desktop_notification:Sending desktop notification using 'notify2'
[5.632s] DEBUG:colcon.colcon_core.event_reactor:joined thread
[5.632s] INFO:colcon.colcon_core.shell:Creating prefix script '/home/eliasalbag/KTH/sveaMasterThesis/svea_charging/install/local_setup.ps1'
[5.633s] INFO:colcon.colcon_core.shell:Creating prefix util module '/home/eliasalbag/KTH/sveaMasterThesis/svea_charging/install/_local_setup_util_ps1.py'
[5.634s] INFO:colcon.colcon_core.shell:Creating prefix chain script '/home/eliasalbag/KTH/sveaMasterThesis/svea_charging/install/setup.ps1'
[5.635s] INFO:colcon.colcon_core.shell:Creating prefix script '/home/eliasalbag/KTH/sveaMasterThesis/svea_charging/install/local_setup.sh'
[5.636s] INFO:colcon.colcon_core.shell:Creating prefix util module '/home/eliasalbag/KTH/sveaMasterThesis/svea_charging/install/_local_setup_util_sh.py'
[5.636s] INFO:colcon.colcon_core.shell:Creating prefix chain script '/home/eliasalbag/KTH/sveaMasterThesis/svea_charging/install/setup.sh'
[5.637s] INFO:colcon.colcon_core.shell:Creating prefix script '/home/eliasalbag/KTH/sveaMasterThesis/svea_charging/install/local_setup.bash'
[5.638s] INFO:colcon.colcon_core.shell:Creating prefix chain script '/home/eliasalbag/KTH/sveaMasterThesis/svea_charging/install/setup.bash'
[5.639s] INFO:colcon.colcon_core.shell:Creating prefix script '/home/eliasalbag/KTH/sveaMasterThesis/svea_charging/install/local_setup.zsh'
[5.639s] INFO:colcon.colcon_core.shell:Creating prefix chain script '/home/eliasalbag/KTH/sveaMasterThesis/svea_charging/install/setup.zsh'
